graphName, node, parent, level
list, 1, 0, 0
list, 2, 742, 4
list, 3, 3361, 4
list, 4, 2452, 3
list, 5, 147, 4
list, 6, 4205, 3
list, 7, 1085, 3
list, 8, 9137, 3
list, 9, 169, 3
list, 10, 2042, 3
list, 11, 1288, 3
list, 12, 286, 3
list, 13, 6164, 4
list, 14, 3099, 3
list, 15, 9454, 4
list, 16, 1078, 4
list, 17, 2694, 4
list, 18, 662, 3
list, 19, 1154, 4
list, 20, 8382, 3
list, 21, 1470, 4
list, 22, 3006, 4
list, 23, 8440, 3
list, 24, 6464, 3
list, 25, 1890, 4
list, 26, 9572, 4
list, 27, 9301, 3
list, 28, 6464, 3
list, 29, 5556, 3
list, 30, 2394, 4
list, 31, 1655, 4
list, 32, 3006, 4
list, 33, 3020, 4
list, 34, 1777, 3
list, 35, 1731, 3
list, 36, 2782, 3
list, 37, 2732, 4
list, 38, 4916, 3
list, 39, 3486, 3
list, 40, 9684, 3
list, 41, 715, 3
list, 42, 374, 4
list, 43, 9543, 3
list, 44, 1063, 2
list, 45, 1299, 2
list, 46, 3693, 3
list, 47, 2853, 3
list, 48, 4405, 3
list, 49, 8891, 3
list, 50, 3360, 3
list, 51, 5942, 3
list, 52, 5121, 3
list, 53, 5856, 3
list, 54, 7385, 4
list, 55, 6948, 3
list, 56, 4345, 3
list, 57, 2437, 4
list, 58, 4288, 4
list, 59, 6539, 3
list, 60, 9173, 4
list, 61, 2352, 3
list, 62, 6835, 4
list, 63, 7131, 3
list, 64, 7561, 3
list, 65, 9631, 3
list, 66, 1731, 3
list, 67, 7389, 4
list, 68, 7379, 3
list, 69, 5942, 3
list, 70, 3600, 3
list, 71, 3536, 4
list, 72, 4326, 3
list, 73, 7575, 4
list, 74, 9587, 3
list, 75, 7773, 4
list, 76, 4186, 3
list, 77, 8798, 4
list, 78, 9901, 3
list, 79, 9119, 4
list, 80, 44, 3
list, 81, 4916, 3
list, 82, 2678, 3
list, 83, 9023, 3
list, 84, 1321, 3
list, 85, 8463, 3
list, 86, 4750, 4
list, 87, 3360, 3
list, 88, 6861, 3
list, 89, 3693, 3
list, 90, 7004, 4
list, 91, 4015, 3
list, 92, 9446, 3
list, 93, 7660, 3
list, 94, 3550, 4
list, 95, 1085, 3
list, 96, 7595, 2
list, 97, 2253, 4
list, 98, 9284, 3
list, 99, 9252, 3
list, 100, 6948, 3
list, 101, 198, 4
list, 102, 5942, 3
list, 103, 4405, 3
list, 104, 2687, 3
list, 105, 7113, 3
list, 106, 7769, 3
list, 107, 8516, 3
list, 108, 4002, 3
list, 109, 9151, 4
list, 110, 8452, 4
list, 111, 8440, 3
list, 112, 3166, 4
list, 113, 827, 3
list, 114, 7111, 3
list, 115, 1777, 3
list, 116, 1147, 4
list, 117, 644, 3
list, 118, 2959, 4
list, 119, 818, 4
list, 120, 6238, 4
list, 121, 9321, 3
list, 122, 5631, 3
list, 123, 6159, 3
list, 124, 1828, 3
list, 125, 4288, 4
list, 126, 7674, 4
list, 127, 6734, 3
list, 128, 1398, 3
list, 129, 2678, 3
list, 130, 6715, 4
list, 131, 3083, 3
list, 132, 7660, 3
list, 133, 2325, 3
list, 134, 8406, 3
list, 135, 9587, 3
list, 136, 5775, 4
list, 137, 2562, 4
list, 138, 3401, 3
list, 139, 5884, 4
list, 140, 5615, 4
list, 141, 8961, 3
list, 142, 5631, 3
list, 143, 4083, 3
list, 144, 9677, 3
list, 145, 3600, 3
list, 146, 3779, 3
list, 147, 8440, 3
list, 148, 1, 1
list, 149, 5856, 3
list, 150, 5631, 3
list, 151, 5121, 3
list, 152, 5000, 3
list, 153, 1398, 3
list, 154, 9677, 3
list, 155, 7345, 4
list, 156, 5432, 4
list, 157, 5942, 3
list, 158, 1063, 2
list, 159, 433, 3
list, 160, 8347, 4
list, 161, 5971, 3
list, 162, 7769, 3
list, 163, 7270, 4
list, 164, 8359, 3
list, 165, 4587, 3
list, 166, 2046, 4
list, 167, 893, 3
list, 168, 1591, 4
list, 169, 8981, 2
list, 170, 262, 4
list, 171, 7660, 3
list, 172, 4830, 4
list, 173, 827, 3
list, 174, 9167, 3
list, 175, 4060, 3
list, 176, 1696, 3
list, 177, 9945, 4
list, 178, 8409, 3
list, 179, 9944, 3
list, 180, 8981, 2
list, 181, 6308, 4
list, 182, 8359, 3
list, 183, 9519, 3
list, 184, 4586, 4
list, 185, 2443, 3
list, 186, 1712, 4
list, 187, 764, 3
list, 188, 2975, 4
list, 189, 9137, 3
list, 190, 6793, 4
list, 191, 3360, 3
list, 192, 4897, 4
list, 193, 1030, 3
list, 194, 3248, 3
list, 195, 2969, 3
list, 196, 2755, 4
list, 197, 3729, 3
list, 198, 8440, 3
list, 199, 3637, 4
list, 200, 1604, 3
list, 201, 9623, 3
list, 202, 5541, 3
list, 203, 3518, 4
list, 204, 7875, 3
list, 205, 2101, 4
list, 206, 2101, 4
list, 207, 9847, 3
list, 208, 7733, 3
list, 209, 5994, 4
list, 210, 9321, 3
list, 211, 7098, 4
list, 212, 8440, 3
list, 213, 7713, 3
list, 214, 4957, 4
list, 215, 7809, 4
list, 216, 3259, 3
list, 217, 9119, 4
list, 218, 331, 2
list, 219, 2674, 4
list, 220, 8678, 3
list, 221, 4152, 4
list, 222, 5639, 4
list, 223, 3822, 3
list, 224, 7578, 3
list, 225, 1456, 4
list, 226, 3263, 4
list, 227, 7561, 3
list, 228, 1299, 2
list, 229, 4703, 3
list, 230, 7601, 4
list, 231, 4288, 4
list, 232, 7962, 2
list, 233, 3930, 4
list, 234, 1655, 4
list, 235, 6597, 4
list, 236, 2813, 3
list, 237, 9740, 4
list, 238, 9175, 3
list, 239, 9869, 4
list, 240, 6185, 4
list, 241, 6566, 3
list, 242, 8340, 3
list, 243, 1908, 2
list, 244, 8359, 3
list, 245, 3212, 3
list, 246, 7096, 4
list, 247, 9737, 4
list, 248, 1751, 4
list, 249, 9175, 3
list, 250, 6616, 3
list, 251, 5399, 4
list, 252, 3298, 4
list, 253, 4500, 2
list, 254, 4584, 3
list, 255, 7982, 3
list, 256, 3846, 4
list, 257, 2902, 4
list, 258, 7010, 3
list, 259, 7246, 3
list, 260, 7136, 3
list, 261, 9309, 3
list, 262, 4709, 3
list, 263, 1548, 3
list, 264, 5319, 3
list, 265, 8409, 3
list, 266, 1079, 3
list, 267, 6616, 3
list, 268, 742, 4
list, 269, 4897, 4
list, 270, 6343, 4
list, 271, 195, 4
list, 272, 4060, 3
list, 273, 4584, 3
list, 274, 1468, 3
list, 275, 5410, 3
list, 276, 228, 3
list, 277, 7595, 2
list, 278, 2150, 3
list, 279, 7106, 3
list, 280, 5631, 3
list, 281, 8529, 3
list, 282, 3957, 4
list, 283, 5942, 3
list, 284, 5370, 4
list, 285, 8981, 2
list, 286, 148, 2
list, 287, 2348, 4
list, 288, 253, 3
list, 289, 9367, 4
list, 290, 3982, 3
list, 291, 9901, 3
list, 292, 1122, 4
list, 293, 7660, 3
list, 294, 7595, 2
list, 295, 4405, 3
list, 296, 6654, 3
list, 297, 899, 4
list, 298, 3369, 3
list, 299, 228, 3
list, 300, 1288, 3
list, 301, 8678, 3
list, 302, 3020, 4
list, 303, 6993, 3
list, 304, 7086, 4
list, 305, 368, 3
list, 306, 1274, 3
list, 307, 8307, 3
list, 308, 6157, 3
list, 309, 6948, 3
list, 310, 812, 3
list, 311, 9068, 3
list, 312, 696, 3
list, 313, 5130, 3
list, 314, 661, 4
list, 315, 8961, 3
list, 316, 3226, 4
list, 317, 7385, 4
list, 318, 2755, 4
list, 319, 4001, 4
list, 320, 982, 4
list, 321, 9002, 3
list, 322, 3747, 3
list, 323, 3002, 4
list, 324, 7809, 4
list, 325, 4563, 3
list, 326, 9666, 4
list, 327, 8507, 3
list, 328, 6945, 4
list, 329, 4500, 2
list, 330, 7118, 3
list, 331, 1, 1
list, 332, 1585, 4
list, 333, 8097, 3
list, 334, 6235, 3
list, 335, 8322, 4
list, 336, 4973, 4
list, 337, 294, 3
list, 338, 4326, 3
list, 339, 7331, 4
list, 340, 2101, 4
list, 341, 6136, 3
list, 342, 2562, 4
list, 343, 8535, 3
list, 344, 4491, 3
list, 345, 8919, 3
list, 346, 3924, 3
list, 347, 6647, 3
list, 348, 1284, 3
list, 349, 5535, 4
list, 350, 8961, 3
list, 351, 5319, 3
list, 352, 6924, 3
list, 353, 2617, 4
list, 354, 8799, 4
list, 355, 3050, 4
list, 356, 2458, 3
list, 357, 3924, 3
list, 358, 9724, 3
list, 359, 7183, 3
list, 360, 6690, 4
list, 361, 9252, 3
list, 362, 1604, 3
list, 363, 2597, 4
list, 364, 5549, 4
list, 365, 6052, 4
list, 366, 5639, 4
list, 367, 2705, 3
list, 368, 1299, 2
list, 369, 966, 3
list, 370, 1135, 4
list, 371, 5495, 3
list, 372, 5790, 4
list, 373, 939, 4
list, 374, 4703, 3
list, 375, 278, 4
list, 376, 9228, 4
list, 377, 4359, 4
list, 378, 3007, 4
list, 379, 5762, 4
list, 380, 3455, 4
list, 381, 8622, 3
list, 382, 331, 2
list, 383, 5379, 4
list, 384, 3251, 4
list, 385, 8463, 3
list, 386, 802, 4
list, 387, 2450, 3
list, 388, 45, 3
list, 389, 3224, 3
list, 390, 2853, 3
list, 391, 2069, 2
list, 392, 4607, 3
list, 393, 6738, 3
list, 394, 9519, 3
list, 395, 9232, 3
list, 396, 8167, 3
list, 397, 3401, 3
list, 398, 6868, 4
list, 399, 1716, 3
list, 400, 391, 3
list, 401, 3950, 3
list, 402, 6738, 3
list, 403, 7149, 3
list, 404, 8942, 4
list, 405, 4164, 4
list, 406, 4015, 3
list, 407, 2100, 4
list, 408, 2486, 4
list, 409, 9981, 3
list, 410, 9327, 3
list, 411, 3737, 4
list, 412, 4770, 3
list, 413, 44, 3
list, 414, 1288, 3
list, 415, 7136, 3
list, 416, 1482, 3
list, 417, 6201, 4
list, 418, 9295, 3
list, 419, 7595, 2
list, 420, 4386, 3
list, 421, 2001, 3
list, 422, 7965, 4
list, 423, 953, 4
list, 424, 253, 3
list, 425, 9664, 4
list, 426, 6539, 3
list, 427, 3891, 3
list, 428, 7335, 3
list, 429, 4828, 3
list, 430, 3693, 3
list, 431, 2687, 3
list, 432, 5289, 4
list, 433, 2069, 2
list, 434, 3097, 4
list, 435, 6845, 3
list, 436, 5790, 4
list, 437, 660, 4
list, 438, 180, 3
list, 439, 7708, 3
list, 440, 44, 3
list, 441, 6998, 3
list, 442, 7831, 3
list, 443, 8952, 4
list, 444, 5121, 3
list, 445, 9702, 4
list, 446, 5748, 3
list, 447, 4135, 3
list, 448, 3795, 3
list, 449, 7962, 2
list, 450, 8336, 3
list, 451, 7096, 4
list, 452, 371, 4
list, 453, 455, 4
list, 454, 1253, 4
list, 455, 1288, 3
list, 456, 478, 4
list, 457, 2826, 4
list, 458, 1144, 4
list, 459, 6370, 3
list, 460, 9526, 4
list, 461, 6679, 3
list, 462, 5495, 3
list, 463, 2678, 3
list, 464, 1668, 3
list, 465, 8532, 3
list, 466, 3594, 4
list, 467, 44, 3
list, 468, 9367, 4
list, 469, 253, 3
list, 470, 7887, 4
list, 471, 6705, 3
list, 472, 4002, 3
list, 473, 9082, 3
list, 474, 1812, 4
list, 475, 6996, 3
list, 476, 5631, 3
list, 477, 2609, 4
list, 478, 7908, 3
list, 479, 4504, 3
list, 480, 1788, 4
list, 481, 7680, 4
list, 482, 285, 3
list, 483, 299, 4
list, 484, 1976, 3
list, 485, 534, 4
list, 486, 277, 3
list, 487, 1470, 4
list, 488, 4060, 3
list, 489, 8228, 3
list, 490, 4732, 3
list, 491, 8097, 3
list, 492, 2253, 4
list, 493, 3897, 4
list, 494, 6738, 3
list, 495, 12, 4
list, 496, 194, 4
list, 497, 228, 3
list, 498, 9585, 4
list, 499, 3099, 3
list, 500, 6142, 2
list, 501, 1284, 3
list, 502, 7664, 3
list, 503, 7196, 3
list, 504, 3248, 3
list, 505, 7965, 4
list, 506, 5422, 4
list, 507, 3963, 4
list, 508, 5521, 3
list, 509, 1449, 3
list, 510, 1603, 3
list, 511, 7251, 4
list, 512, 9826, 4
list, 513, 3354, 3
list, 514, 8678, 3
list, 515, 3511, 4
list, 516, 7565, 4
list, 517, 854, 3
list, 518, 8961, 3
list, 519, 1416, 4
list, 520, 44, 3
list, 521, 4703, 3
list, 522, 9658, 3
list, 523, 4983, 4
list, 524, 3974, 4
list, 525, 6412, 4
list, 526, 1869, 3
list, 527, 8216, 2
list, 528, 2249, 4
list, 529, 3367, 4
list, 530, 9309, 3
list, 531, 1144, 4
list, 532, 5379, 4
list, 533, 3021, 4
list, 534, 1419, 3
list, 535, 3354, 3
list, 536, 6616, 3
list, 537, 391, 3
list, 538, 278, 4
list, 539, 9298, 4
list, 540, 2562, 4
list, 541, 3803, 4
list, 542, 1482, 3
list, 543, 1604, 3
list, 544, 329, 3
list, 545, 3692, 4
list, 546, 4055, 4
list, 547, 1274, 3
list, 548, 3486, 3
list, 549, 9767, 4
list, 550, 8837, 4
list, 551, 8961, 3
list, 552, 7464, 3
list, 553, 4796, 4
list, 554, 5130, 3
list, 555, 6829, 4
list, 556, 2899, 4
list, 557, 8460, 4
list, 558, 3002, 4
list, 559, 3518, 4
list, 560, 8183, 2
list, 561, 6679, 3
list, 562, 7711, 4
list, 563, 1063, 2
list, 564, 8230, 4
list, 565, 2542, 4
list, 566, 1550, 3
list, 567, 9871, 4
list, 568, 7127, 4
list, 569, 3224, 3
list, 570, 111, 4
list, 571, 3079, 3
list, 572, 7131, 3
list, 573, 4891, 3
list, 574, 9661, 3
list, 575, 1321, 3
list, 576, 8167, 3
list, 577, 9623, 3
list, 578, 774, 4
list, 579, 7752, 4
list, 580, 7088, 4
list, 581, 1085, 3
list, 582, 9367, 4
list, 583, 45, 3
list, 584, 642, 4
list, 585, 6344, 4
list, 586, 2564, 3
list, 587, 51, 4
list, 588, 3212, 3
list, 589, 2945, 4
list, 590, 500, 3
list, 591, 1845, 4
list, 592, 8555, 3
list, 593, 7113, 3
list, 594, 6343, 4
list, 595, 2530, 4
list, 596, 4732, 3
list, 597, 6861, 3
list, 598, 6141, 3
list, 599, 9284, 3
list, 600, 1673, 4
list, 601, 6136, 3
list, 602, 7335, 3
list, 603, 827, 3
list, 604, 8961, 3
list, 605, 8382, 3
list, 606, 5075, 3
list, 607, 5942, 3
list, 608, 7840, 3
list, 609, 5028, 4
list, 610, 4521, 3
list, 611, 1715, 4
list, 612, 9446, 3
list, 613, 3212, 3
list, 614, 3702, 4
list, 615, 3083, 3
list, 616, 8976, 4
list, 617, 2042, 3
list, 618, 5455, 4
list, 619, 45, 3
list, 620, 5907, 4
list, 621, 7095, 3
list, 622, 8578, 3
list, 623, 1343, 3
list, 624, 2975, 4
list, 625, 8064, 3
list, 626, 7674, 4
list, 627, 1342, 3
list, 628, 1828, 3
list, 629, 1398, 3
list, 630, 7113, 3
list, 631, 3953, 4
list, 632, 9002, 3
list, 633, 8228, 3
list, 634, 2394, 4
list, 635, 2981, 4
list, 636, 5627, 4
list, 637, 3212, 3
list, 638, 2994, 4
list, 639, 9654, 3
list, 640, 2582, 3
list, 641, 1716, 3
list, 642, 7908, 3
list, 643, 4135, 3
list, 644, 6142, 2
list, 645, 2899, 4
list, 646, 662, 3
list, 647, 893, 3
list, 648, 9657, 4
list, 649, 4541, 3
list, 650, 3822, 3
list, 651, 1760, 3
list, 652, 7113, 3
list, 653, 5169, 3
list, 654, 4891, 3
list, 655, 1758, 4
list, 656, 2572, 4
list, 657, 8802, 4
list, 658, 3891, 3
list, 659, 1673, 4
list, 660, 8679, 3
list, 661, 2150, 3
list, 662, 7616, 2
list, 663, 3395, 4
list, 664, 5556, 3
list, 665, 7664, 3
list, 666, 2219, 4
list, 667, 7712, 4
list, 668, 3802, 4
list, 669, 7734, 4
list, 670, 449, 3
list, 671, 9562, 4
list, 672, 4002, 3
list, 673, 5121, 3
list, 674, 8171, 4
list, 675, 3779, 3
list, 676, 6277, 4
list, 677, 1769, 4
list, 678, 7136, 3
list, 679, 7079, 4
list, 680, 5874, 3
list, 681, 1284, 3
list, 682, 9654, 3
list, 683, 9151, 4
list, 684, 1419, 3
list, 685, 1868, 4
list, 686, 4501, 4
list, 687, 8116, 4
list, 688, 6432, 3
list, 689, 4740, 3
list, 690, 4541, 3
list, 691, 3431, 4
list, 692, 1877, 4
list, 693, 8440, 3
list, 694, 7561, 3
list, 695, 7464, 3
list, 696, 1063, 2
list, 697, 8295, 3
list, 698, 3444, 4
list, 699, 9379, 4
list, 700, 8171, 4
list, 701, 825, 3
list, 702, 1192, 4
list, 703, 158, 3
list, 704, 6210, 3
list, 705, 9759, 3
list, 706, 41, 4
list, 707, 2253, 4
list, 708, 5368, 4
list, 709, 5039, 4
list, 710, 8228, 3
list, 711, 7517, 4
list, 712, 2905, 4
list, 713, 9167, 3
list, 714, 2597, 4
list, 715, 148, 2
list, 716, 8209, 4
list, 717, 5634, 3
list, 718, 899, 4
list, 719, 1550, 3
list, 720, 4083, 3
list, 721, 8555, 3
list, 722, 5521, 3
list, 723, 9277, 4
list, 724, 5461, 3
list, 725, 3518, 4
list, 726, 7495, 4
list, 727, 7809, 4
list, 728, 9137, 3
list, 729, 1530, 4
list, 730, 6490, 4
list, 731, 3600, 3
list, 732, 2606, 3
list, 733, 3950, 3
list, 734, 3557, 4
list, 735, 96, 3
list, 736, 5562, 4
list, 737, 9327, 3
list, 738, 5909, 3
list, 739, 6123, 3
list, 740, 6845, 3
list, 741, 6845, 3
list, 742, 9661, 3
list, 743, 9623, 3
list, 744, 7710, 4
list, 745, 2980, 3
list, 746, 3612, 4
list, 747, 8257, 3
list, 748, 7650, 4
list, 749, 6715, 4
list, 750, 3701, 3
list, 751, 2627, 4
list, 752, 6696, 4
list, 753, 8257, 3
list, 754, 286, 3
list, 755, 9380, 4
list, 756, 8679, 3
list, 757, 9167, 3
list, 758, 7891, 3
list, 759, 5556, 3
list, 760, 8551, 3
list, 761, 2486, 4
list, 762, 5224, 3
list, 763, 3622, 4
list, 764, 7616, 2
list, 765, 6561, 4
list, 766, 9847, 3
list, 767, 5458, 4
list, 768, 1061, 4
list, 769, 3143, 4
list, 770, 148, 2
list, 771, 283, 4
list, 772, 4926, 4
list, 773, 4891, 3
list, 774, 696, 3
list, 775, 5681, 3
list, 776, 2881, 3
list, 777, 7174, 4
list, 778, 9799, 4
list, 779, 7131, 3
list, 780, 449, 3
list, 781, 1828, 3
list, 782, 9957, 3
list, 783, 7183, 3
list, 784, 5327, 3
list, 785, 8112, 4
list, 786, 8905, 4
list, 787, 5011, 3
list, 788, 5637, 4
list, 789, 4504, 3
list, 790, 3795, 3
list, 791, 1482, 3
list, 792, 7733, 3
list, 793, 5265, 3
list, 794, 3843, 3
list, 795, 3444, 4
list, 796, 4891, 3
list, 797, 3369, 3
list, 798, 8160, 4
list, 799, 8460, 4
list, 800, 1449, 3
list, 801, 180, 3
list, 802, 5942, 3
list, 803, 7106, 3
list, 804, 1976, 3
list, 805, 9309, 3
list, 806, 3299, 3
list, 807, 3600, 3
list, 808, 7027, 3
list, 809, 8622, 3
list, 810, 1976, 3
list, 811, 7664, 3
list, 812, 1299, 2
list, 813, 6052, 4
list, 814, 4165, 4
list, 815, 5521, 3
list, 816, 2224, 3
list, 817, 8197, 4
list, 818, 8166, 3
list, 819, 5224, 3
list, 820, 96, 3
list, 821, 4709, 3
list, 822, 2757, 4
list, 823, 1868, 4
list, 824, 715, 3
list, 825, 7962, 2
list, 826, 6003, 3
list, 827, 4500, 2
list, 828, 9023, 3
list, 829, 9494, 3
list, 830, 3661, 4
list, 831, 7835, 4
list, 832, 8891, 3
list, 833, 2219, 4
list, 834, 9363, 4
list, 835, 3620, 4
list, 836, 6831, 4
list, 837, 9055, 4
list, 838, 9740, 4
list, 839, 5614, 4
list, 840, 4607, 3
list, 841, 2439, 4
list, 842, 1497, 4
list, 843, 6817, 3
list, 844, 1419, 3
list, 845, 6887, 3
list, 846, 2678, 3
list, 847, 662, 3
list, 848, 3401, 3
list, 849, 5130, 3
list, 850, 9327, 3
list, 851, 1793, 4
list, 852, 9446, 3
list, 853, 4584, 3
list, 854, 2791, 2
list, 855, 4891, 3
list, 856, 9082, 3
list, 857, 4770, 3
list, 858, 2481, 4
list, 859, 4220, 3
list, 860, 3360, 3
list, 861, 9446, 3
list, 862, 2927, 4
list, 863, 228, 3
list, 864, 527, 3
list, 865, 1137, 4
list, 866, 9494, 3
list, 867, 2958, 3
list, 868, 9055, 4
list, 869, 9322, 3
list, 870, 5319, 3
list, 871, 4926, 4
list, 872, 1343, 3
list, 873, 5509, 3
list, 874, 5493, 4
list, 875, 44, 3
list, 876, 1696, 3
list, 877, 7700, 4
list, 878, 762, 4
list, 879, 3950, 3
list, 880, 2808, 4
list, 881, 4521, 3
list, 882, 7136, 3
list, 883, 3401, 3
list, 884, 4207, 3
list, 885, 4083, 3
list, 886, 2123, 4
list, 887, 6996, 3
list, 888, 7785, 4
list, 889, 7959, 3
list, 890, 1069, 3
list, 891, 2678, 3
list, 892, 8678, 3
list, 893, 1063, 2
list, 894, 1851, 3
list, 895, 9486, 4
list, 896, 3308, 3
list, 897, 6780, 4
list, 898, 9767, 4
list, 899, 7118, 3
list, 900, 5909, 3
list, 901, 852, 4
list, 902, 6168, 4
list, 903, 6235, 3
list, 904, 6464, 3
list, 905, 5461, 3
list, 906, 2053, 4
list, 907, 1550, 3
list, 908, 6647, 3
list, 909, 1440, 3
list, 910, 1007, 4
list, 911, 3212, 3
list, 912, 8463, 3
list, 913, 1548, 3
list, 914, 8703, 3
list, 915, 1732, 4
list, 916, 9322, 3
list, 917, 882, 4
list, 918, 2788, 4
list, 919, 2567, 4
list, 920, 8685, 4
list, 921, 1982, 4
list, 922, 6679, 3
list, 923, 9374, 4
list, 924, 8273, 4
list, 925, 6738, 3
list, 926, 7015, 4
list, 927, 7825, 4
list, 928, 3824, 4
list, 929, 2798, 4
list, 930, 8876, 4
list, 931, 2274, 4
list, 932, 2926, 4
list, 933, 6136, 3
list, 934, 5874, 3
list, 935, 3483, 3
list, 936, 1368, 4
list, 937, 9298, 4
list, 938, 6845, 3
list, 939, 2150, 3
list, 940, 449, 3
list, 941, 5634, 3
list, 942, 6090, 4
list, 943, 8919, 3
list, 944, 9145, 3
list, 945, 9466, 3
list, 946, 5014, 4
list, 947, 6817, 3
list, 948, 6973, 4
list, 949, 9007, 3
list, 950, 7246, 3
list, 951, 574, 4
list, 952, 9970, 4
list, 953, 3212, 3
list, 954, 5556, 3
list, 955, 6235, 3
list, 956, 4949, 4
list, 957, 5265, 3
list, 958, 9677, 3
list, 959, 1482, 3
list, 960, 5600, 4
list, 961, 8266, 3
list, 962, 4487, 3
list, 963, 7434, 3
list, 964, 1890, 4
list, 965, 8298, 3
list, 966, 4500, 2
list, 967, 3363, 3
list, 968, 7192, 3
list, 969, 1206, 4
list, 970, 3779, 3
list, 971, 8691, 4
list, 972, 9910, 3
list, 973, 7473, 4
list, 974, 1321, 3
list, 975, 5521, 3
list, 976, 7830, 4
list, 977, 1368, 4
list, 978, 4104, 3
list, 979, 6157, 3
list, 980, 1284, 3
list, 981, 9082, 3
list, 982, 1828, 3
list, 983, 455, 4
list, 984, 5482, 3
list, 985, 5604, 3
list, 986, 9244, 4
list, 987, 7016, 4
list, 988, 5521, 3
list, 989, 391, 3
list, 990, 1696, 3
list, 991, 1976, 3
list, 992, 7937, 4
list, 993, 419, 3
list, 994, 6539, 3
list, 995, 3308, 3
list, 996, 91, 4
list, 997, 7650, 4
list, 998, 4519, 3
list, 999, 2276, 3
list, 1000, 6924, 3
list, 1001, 6221, 4
list, 1002, 4539, 4
list, 1003, 5541, 3
list, 1004, 1641, 4
list, 1005, 3779, 3
list, 1006, 6597, 4
list, 1007, 7183, 3
list, 1008, 158, 3
list, 1009, 7059, 4
list, 1010, 1115, 4
list, 1011, 5541, 3
list, 1012, 8551, 3
list, 1013, 2980, 3
list, 1014, 5737, 4
list, 1015, 1163, 4
list, 1016, 3291, 4
list, 1017, 9023, 3
list, 1018, 1482, 3
list, 1019, 8686, 4
list, 1020, 433, 3
list, 1021, 2611, 3
list, 1022, 2627, 4
list, 1023, 3779, 3
list, 1024, 6185, 4
list, 1025, 1368, 4
list, 1026, 8626, 4
list, 1027, 6539, 3
list, 1028, 6738, 3
list, 1029, 1339, 4
list, 1030, 1299, 2
list, 1031, 3613, 3
list, 1032, 8382, 3
list, 1033, 9175, 3
list, 1034, 5224, 3
list, 1035, 23, 4
list, 1036, 9466, 3
list, 1037, 9702, 4
list, 1038, 5319, 3
list, 1039, 9724, 3
list, 1040, 3097, 4
list, 1041, 6123, 3
list, 1042, 5399, 4
list, 1043, 1284, 3
list, 1044, 4854, 3
list, 1045, 8074, 4
list, 1046, 8406, 3
list, 1047, 1668, 3
list, 1048, 8228, 3
list, 1049, 6185, 4
list, 1050, 8273, 4
list, 1051, 4180, 4
list, 1052, 3703, 4
list, 1053, 6647, 3
list, 1054, 6924, 3
list, 1055, 1402, 3
list, 1056, 4060, 3
list, 1057, 9283, 3
list, 1058, 2909, 3
list, 1059, 4515, 3
list, 1060, 7676, 4
list, 1061, 2678, 3
list, 1062, 3020, 4
list, 1063, 1, 1
list, 1064, 111, 4
list, 1065, 1976, 3
list, 1066, 2791, 2
list, 1067, 4055, 4
list, 1068, 1707, 3
list, 1069, 1908, 2
list, 1070, 7747, 4
list, 1071, 2677, 4
list, 1072, 6283, 4
list, 1073, 3256, 4
list, 1074, 563, 3
list, 1075, 4598, 4
list, 1076, 8646, 4
list, 1077, 7716, 4
list, 1078, 2150, 3
list, 1079, 2031, 2
list, 1080, 4060, 3
list, 1081, 8295, 3
list, 1082, 6370, 3
list, 1083, 4518, 4
list, 1084, 7769, 3
list, 1085, 6142, 2
list, 1086, 3099, 3
list, 1087, 7752, 4
list, 1088, 3752, 3
list, 1089, 5693, 3
list, 1090, 7438, 3
list, 1091, 1978, 4
list, 1092, 1851, 3
list, 1093, 2856, 4
list, 1094, 5218, 4
list, 1095, 8516, 3
list, 1096, 6566, 3
list, 1097, 6928, 3
list, 1098, 9800, 3
list, 1099, 2958, 3
list, 1100, 9440, 3
list, 1101, 4075, 4
list, 1102, 6210, 3
list, 1103, 2544, 4
list, 1104, 3299, 3
list, 1105, 1066, 3
list, 1106, 2791, 2
list, 1107, 8097, 3
list, 1108, 228, 3
list, 1109, 9664, 4
list, 1110, 2611, 3
list, 1111, 7106, 3
list, 1112, 1616, 4
list, 1113, 8516, 3
list, 1114, 9684, 3
list, 1115, 382, 3
list, 1116, 1078, 4
list, 1117, 1767, 4
list, 1118, 2674, 4
list, 1119, 9494, 3
list, 1120, 2579, 4
list, 1121, 7660, 3
list, 1122, 4015, 3
list, 1123, 504, 4
list, 1124, 939, 4
list, 1125, 2732, 4
list, 1126, 3752, 3
list, 1127, 9584, 4
list, 1128, 1470, 4
list, 1129, 6277, 4
list, 1130, 7840, 3
list, 1131, 8840, 4
list, 1132, 1929, 3
list, 1133, 2979, 4
list, 1134, 3995, 4
list, 1135, 770, 3
list, 1136, 1925, 4
list, 1137, 5672, 3
list, 1138, 4845, 4
list, 1139, 3317, 4
list, 1140, 7438, 3
list, 1141, 8532, 3
list, 1142, 4614, 3
list, 1143, 6993, 3
list, 1144, 1248, 3
list, 1145, 6705, 3
list, 1146, 2802, 4
list, 1147, 770, 3
list, 1148, 2703, 3
list, 1149, 3982, 3
list, 1150, 2261, 3
list, 1151, 4135, 3
list, 1152, 3434, 3
list, 1153, 844, 4
list, 1154, 218, 3
list, 1155, 8961, 3
list, 1156, 2782, 3
list, 1157, 4614, 3
list, 1158, 7185, 3
list, 1159, 4586, 4
list, 1160, 8460, 4
list, 1161, 1274, 3
list, 1162, 1982, 4
list, 1163, 7667, 3
list, 1164, 1325, 3
list, 1165, 6475, 4
list, 1166, 3212, 3
list, 1167, 7117, 4
list, 1168, 3795, 3
list, 1169, 4949, 4
list, 1170, 7580, 4
list, 1171, 3083, 3
list, 1172, 4891, 3
list, 1173, 5310, 4
list, 1174, 4207, 3
list, 1175, 4359, 4
list, 1176, 4167, 4
list, 1177, 8436, 3
list, 1178, 5759, 4
list, 1179, 8390, 2
list, 1180, 5083, 3
list, 1181, 3460, 3
list, 1182, 8678, 3
list, 1183, 3363, 3
list, 1184, 8686, 4
list, 1185, 8239, 3
list, 1186, 232, 3
list, 1187, 3363, 3
list, 1188, 9472, 4
list, 1189, 6861, 3
list, 1190, 158, 3
list, 1191, 1531, 4
list, 1192, 2150, 3
list, 1193, 4178, 4
list, 1194, 8409, 3
list, 1195, 3693, 3
list, 1196, 6003, 3
list, 1197, 9555, 4
list, 1198, 1106, 3
list, 1199, 3099, 3
list, 1200, 9007, 3
list, 1201, 69, 4
list, 1202, 1063, 2
list, 1203, 7674, 4
list, 1204, 1890, 4
list, 1205, 5603, 4
list, 1206, 3248, 3
list, 1207, 8266, 3
list, 1208, 1147, 4
list, 1209, 329, 3
list, 1210, 2150, 3
list, 1211, 5169, 3
list, 1212, 7478, 3
list, 1213, 5126, 3
list, 1214, 1419, 3
list, 1215, 6654, 3
list, 1216, 9981, 3
list, 1217, 2685, 4
list, 1218, 6738, 3
list, 1219, 1976, 3
list, 1220, 9654, 3
list, 1221, 8555, 3
list, 1222, 2056, 4
list, 1223, 4828, 3
list, 1224, 3417, 3
list, 1225, 41, 4
list, 1226, 2886, 4
list, 1227, 6738, 3
list, 1228, 5168, 4
list, 1229, 812, 3
list, 1230, 6105, 4
list, 1231, 3636, 3
list, 1232, 6609, 4
list, 1233, 5410, 3
list, 1234, 5631, 3
list, 1235, 9466, 3
list, 1236, 4152, 4
list, 1237, 5122, 3
list, 1238, 1561, 3
list, 1239, 3702, 4
list, 1240, 9863, 3
list, 1241, 465, 4
list, 1242, 1707, 3
list, 1243, 6616, 3
list, 1244, 7708, 3
list, 1245, 1767, 4
list, 1246, 4891, 3
list, 1247, 2637, 3
list, 1248, 331, 2
list, 1249, 825, 3
list, 1250, 4002, 3
list, 1251, 2758, 3
list, 1252, 9497, 4
list, 1253, 4405, 3
list, 1254, 1419, 3
list, 1255, 1731, 3
list, 1256, 1707, 3
list, 1257, 4060, 3
list, 1258, 8703, 3
list, 1259, 4515, 3
list, 1260, 5319, 3
list, 1261, 1463, 4
list, 1262, 8641, 4
list, 1263, 8239, 3
list, 1264, 861, 4
list, 1265, 7596, 4
list, 1266, 3090, 3
list, 1267, 9315, 3
list, 1268, 3099, 3
list, 1269, 218, 3
list, 1270, 4860, 4
list, 1271, 2958, 3
list, 1272, 3982, 3
list, 1273, 2649, 4
list, 1274, 1908, 2
list, 1275, 1668, 3
list, 1276, 6434, 3
list, 1277, 3263, 4
list, 1278, 7251, 4
list, 1279, 5612, 3
list, 1280, 6157, 3
list, 1281, 4359, 4
list, 1282, 1769, 4
list, 1283, 5429, 4
list, 1284, 1299, 2
list, 1285, 9759, 3
list, 1286, 1887, 4
list, 1287, 374, 4
list, 1288, 1063, 2
list, 1289, 3369, 3
list, 1290, 6164, 4
list, 1291, 8555, 3
list, 1292, 5363, 4
list, 1293, 693, 4
list, 1294, 9423, 4
list, 1295, 8440, 3
list, 1296, 9082, 3
list, 1297, 9981, 3
list, 1298, 2056, 4
list, 1299, 1, 1
list, 1300, 1202, 3
list, 1301, 764, 3
list, 1302, 5556, 3
list, 1303, 8228, 3
list, 1304, 7118, 3
list, 1305, 4142, 4
list, 1306, 4276, 4
list, 1307, 6887, 3
list, 1308, 1530, 4
list, 1309, 9654, 3
list, 1310, 1288, 3
list, 1311, 1531, 4
list, 1312, 8622, 3
list, 1313, 8535, 3
list, 1314, 6257, 4
list, 1315, 3912, 4
list, 1316, 4753, 4
list, 1317, 5874, 3
list, 1318, 5380, 4
list, 1319, 232, 3
list, 1320, 2909, 3
list, 1321, 7616, 2
list, 1322, 4060, 3
list, 1323, 1696, 3
list, 1324, 7664, 3
list, 1325, 7595, 2
list, 1326, 6159, 3
list, 1327, 8359, 3
list, 1328, 8231, 4
list, 1329, 2219, 4
list, 1330, 7887, 4
list, 1331, 6110, 4
list, 1332, 9232, 3
list, 1333, 12, 4
list, 1334, 7027, 3
list, 1335, 4196, 4
list, 1336, 3600, 3
list, 1337, 6685, 4
list, 1338, 2954, 4
list, 1339, 286, 3
list, 1340, 2719, 4
list, 1341, 7033, 3
list, 1342, 331, 2
list, 1343, 8183, 2
list, 1344, 45, 3
list, 1345, 9954, 4
list, 1346, 2813, 3
list, 1347, 6274, 3
list, 1348, 1490, 4
list, 1349, 6235, 3
list, 1350, 5856, 3
list, 1351, 3600, 3
list, 1352, 1141, 4
list, 1353, 8266, 3
list, 1354, 8646, 4
list, 1355, 8891, 3
list, 1356, 2146, 4
list, 1357, 1440, 3
list, 1358, 4770, 3
list, 1359, 6347, 4
list, 1360, 7232, 4
list, 1361, 3299, 3
list, 1362, 2225, 4
list, 1363, 4186, 3
list, 1364, 6123, 3
list, 1365, 5260, 4
list, 1366, 5639, 4
list, 1367, 433, 3
list, 1368, 4521, 3
list, 1369, 2342, 4
list, 1370, 2782, 3
list, 1371, 1716, 3
list, 1372, 4692, 3
list, 1373, 368, 3
list, 1374, 6679, 3
list, 1375, 1757, 3
list, 1376, 812, 3
list, 1377, 4096, 4
list, 1378, 2530, 4
list, 1379, 5631, 3
list, 1380, 9345, 4
list, 1381, 7831, 3
list, 1382, 9684, 3
list, 1383, 5000, 3
list, 1384, 5821, 4
list, 1385, 2852, 4
list, 1386, 4614, 3
list, 1387, 9298, 4
list, 1388, 3050, 4
list, 1389, 5126, 3
list, 1390, 2933, 4
list, 1391, 4891, 3
list, 1392, 7478, 3
list, 1393, 6996, 3
list, 1394, 5714, 3
list, 1395, 9802, 4
list, 1396, 527, 3
list, 1397, 2703, 3
list, 1398, 7962, 2
list, 1399, 1482, 3
list, 1400, 9068, 3
list, 1401, 4818, 4
list, 1402, 7616, 2
list, 1403, 3340, 3
list, 1404, 9494, 3
list, 1405, 1269, 4
list, 1406, 1617, 3
list, 1407, 6647, 3
list, 1408, 4703, 3
list, 1409, 7106, 3
list, 1410, 8328, 4
list, 1411, 7708, 3
list, 1412, 330, 4
list, 1413, 4135, 3
list, 1414, 5748, 3
list, 1415, 4881, 4
list, 1416, 1342, 3
list, 1417, 8516, 3
list, 1418, 8183, 2
list, 1419, 331, 2
list, 1420, 7908, 3
list, 1421, 3667, 4
list, 1422, 6157, 3
list, 1423, 2042, 3
list, 1424, 7769, 3
list, 1425, 8834, 3
list, 1426, 9327, 3
list, 1427, 2238, 3
list, 1428, 4813, 3
list, 1429, 9145, 3
list, 1430, 9721, 3
list, 1431, 3950, 3
list, 1432, 9313, 4
list, 1433, 696, 3
list, 1434, 8834, 3
list, 1435, 5213, 4
list, 1436, 1419, 3
list, 1437, 5220, 4
list, 1438, 5924, 4
list, 1439, 2522, 3
list, 1440, 6644, 2
list, 1441, 4135, 3
list, 1442, 3401, 3
list, 1443, 3891, 3
list, 1444, 3308, 3
list, 1445, 3897, 4
list, 1446, 5987, 3
list, 1447, 1929, 3
list, 1448, 3701, 3
list, 1449, 8981, 2
list, 1450, 8064, 3
list, 1451, 610, 4
list, 1452, 3042, 4
list, 1453, 4196, 4
list, 1454, 4060, 3
list, 1455, 5714, 3
list, 1456, 9446, 3
list, 1457, 9654, 3
list, 1458, 8834, 3
list, 1459, 9344, 4
list, 1460, 8703, 3
list, 1461, 1066, 3
list, 1462, 1793, 4
list, 1463, 2150, 3
list, 1464, 3308, 3
list, 1465, 8266, 3
list, 1466, 7887, 4
list, 1467, 4587, 3
list, 1468, 8390, 2
list, 1469, 4345, 3
list, 1470, 286, 3
list, 1471, 2657, 3
list, 1472, 4150, 4
list, 1473, 3897, 4
list, 1474, 7345, 4
list, 1475, 4563, 3
list, 1476, 3998, 4
list, 1477, 2994, 4
list, 1478, 2189, 4
list, 1479, 3663, 4
list, 1480, 1469, 4
list, 1481, 2813, 3
list, 1482, 1908, 2
list, 1483, 2973, 4
list, 1484, 4504, 3
list, 1485, 8087, 4
list, 1486, 9284, 3
list, 1487, 3395, 4
list, 1488, 9654, 3
list, 1489, 3213, 4
list, 1490, 1828, 3
list, 1491, 402, 4
list, 1492, 6370, 3
list, 1493, 9068, 3
list, 1494, 2826, 4
list, 1495, 7588, 4
list, 1496, 7578, 3
list, 1497, 893, 3
list, 1498, 2606, 3
list, 1499, 4770, 3
list, 1500, 4950, 4
list, 1501, 2492, 4
list, 1502, 5187, 4
list, 1503, 1641, 4
list, 1504, 3308, 3
list, 1505, 7389, 4
list, 1506, 3188, 3
list, 1507, 391, 3
list, 1508, 5738, 4
list, 1509, 2253, 4
list, 1510, 8166, 3
list, 1511, 3779, 3
list, 1512, 7982, 3
list, 1513, 6689, 4
list, 1514, 8166, 3
list, 1515, 5611, 3
list, 1516, 3598, 4
list, 1517, 5494, 4
list, 1518, 1482, 3
list, 1519, 9799, 4
list, 1520, 1535, 4
list, 1521, 329, 3
list, 1522, 4349, 4
list, 1523, 3834, 4
list, 1524, 449, 3
list, 1525, 2229, 4
list, 1526, 2414, 4
list, 1527, 7027, 3
list, 1528, 4923, 4
list, 1529, 1418, 3
list, 1530, 715, 3
list, 1531, 5672, 3
list, 1532, 4104, 3
list, 1533, 6996, 3
list, 1534, 2352, 3
list, 1535, 8679, 3
list, 1536, 8507, 3
list, 1537, 6515, 4
list, 1538, 9486, 4
list, 1539, 4220, 3
list, 1540, 8160, 4
list, 1541, 9007, 3
list, 1542, 9068, 3
list, 1543, 4614, 3
list, 1544, 5907, 4
list, 1545, 4770, 3
list, 1546, 1604, 3
list, 1547, 2980, 3
list, 1548, 6142, 2
list, 1549, 3636, 3
list, 1550, 4500, 2
list, 1551, 9007, 3
list, 1552, 6238, 4
list, 1553, 4587, 3
list, 1554, 9429, 4
list, 1555, 6780, 4
list, 1556, 7023, 3
list, 1557, 6887, 3
list, 1558, 3795, 3
list, 1559, 5396, 4
list, 1560, 218, 3
list, 1561, 8981, 2
list, 1562, 6449, 3
list, 1563, 8753, 3
list, 1564, 4326, 3
list, 1565, 9591, 3
list, 1566, 7612, 4
list, 1567, 3079, 3
list, 1568, 1851, 3
list, 1569, 2813, 3
list, 1570, 5856, 3
list, 1571, 391, 3
list, 1572, 3483, 3
list, 1573, 6928, 3
list, 1574, 8578, 3
list, 1575, 1147, 4
list, 1576, 2100, 4
list, 1577, 2334, 4
list, 1578, 4703, 3
list, 1579, 9954, 4
list, 1580, 7801, 4
list, 1581, 1851, 3
list, 1582, 5779, 4
list, 1583, 23, 4
list, 1584, 2326, 4
list, 1585, 9661, 3
list, 1586, 5011, 3
list, 1587, 5994, 4
list, 1588, 2467, 3
list, 1589, 8340, 3
list, 1590, 5380, 4
list, 1591, 218, 3
list, 1592, 4060, 3
list, 1593, 236, 4
list, 1594, 2222, 4
list, 1595, 278, 4
list, 1596, 9008, 3
list, 1597, 8347, 4
list, 1598, 1402, 3
list, 1599, 8471, 4
list, 1600, 1690, 4
list, 1601, 1202, 3
list, 1602, 2981, 4
list, 1603, 8216, 2
list, 1604, 8981, 2
list, 1605, 5461, 3
list, 1606, 8002, 4
list, 1607, 7220, 4
list, 1608, 4854, 3
list, 1609, 277, 3
list, 1610, 693, 4
list, 1611, 8911, 3
list, 1612, 5693, 3
list, 1613, 9684, 3
list, 1614, 5461, 3
list, 1615, 881, 4
list, 1616, 8440, 3
list, 1617, 4500, 2
list, 1618, 2522, 3
list, 1619, 8430, 4
list, 1620, 8382, 3
list, 1621, 9294, 4
list, 1622, 9739, 4
list, 1623, 1851, 3
list, 1624, 1690, 4
list, 1625, 6720, 4
list, 1626, 5399, 4
list, 1627, 5320, 4
list, 1628, 7335, 3
list, 1629, 4207, 3
list, 1630, 7079, 4
list, 1631, 2238, 3
list, 1632, 8961, 3
list, 1633, 9145, 3
list, 1634, 7295, 4
list, 1635, 9170, 3
list, 1636, 762, 4
list, 1637, 764, 3
list, 1638, 1673, 4
list, 1639, 6831, 4
list, 1640, 6626, 4
list, 1641, 770, 3
list, 1642, 3410, 4
list, 1643, 3795, 3
list, 1644, 1793, 4
list, 1645, 7546, 4
list, 1646, 2043, 4
list, 1647, 9068, 3
list, 1648, 6679, 3
list, 1649, 3860, 4
list, 1650, 2852, 4
list, 1651, 7522, 4
list, 1652, 3747, 3
list, 1653, 7106, 3
list, 1654, 6738, 3
list, 1655, 286, 3
list, 1656, 825, 3
list, 1657, 7908, 3
list, 1658, 4359, 4
list, 1659, 41, 4
list, 1660, 391, 3
list, 1661, 218, 3
list, 1662, 9944, 3
list, 1663, 3363, 3
list, 1664, 6679, 3
list, 1665, 1661, 4
list, 1666, 684, 4
list, 1667, 2222, 4
list, 1668, 2069, 2
list, 1669, 9145, 3
list, 1670, 2248, 4
list, 1671, 9759, 3
list, 1672, 5011, 3
list, 1673, 218, 3
list, 1674, 1869, 3
list, 1675, 7057, 4
list, 1676, 2657, 3
list, 1677, 3020, 4
list, 1678, 2276, 3
list, 1679, 7734, 4
list, 1680, 7478, 3
list, 1681, 9087, 4
list, 1682, 1603, 3
list, 1683, 5509, 3
list, 1684, 1851, 3
list, 1685, 7095, 3
list, 1686, 9759, 3
list, 1687, 2224, 3
list, 1688, 8984, 4
list, 1689, 8064, 3
list, 1690, 5224, 3
list, 1691, 6647, 3
list, 1692, 9737, 4
list, 1693, 7669, 4
list, 1694, 7010, 3
list, 1695, 4104, 3
list, 1696, 7595, 2
list, 1697, 8513, 4
list, 1698, 563, 3
list, 1699, 7870, 3
list, 1700, 6308, 4
list, 1701, 4738, 4
list, 1702, 5492, 4
list, 1703, 5942, 3
list, 1704, 6159, 3
list, 1705, 9767, 4
list, 1706, 3340, 3
list, 1707, 2069, 2
list, 1708, 7747, 4
list, 1709, 5509, 3
list, 1710, 2467, 3
list, 1711, 4060, 3
list, 1712, 1828, 3
list, 1713, 391, 3
list, 1714, 2597, 4
list, 1715, 44, 3
list, 1716, 1908, 2
list, 1717, 6738, 3
list, 1718, 102, 4
list, 1719, 4491, 3
list, 1720, 1696, 3
list, 1721, 8087, 4
list, 1722, 696, 3
list, 1723, 4738, 4
list, 1724, 9327, 3
list, 1725, 9930, 3
list, 1726, 4926, 4
list, 1727, 3417, 3
list, 1728, 9182, 4
list, 1729, 5855, 4
list, 1730, 8266, 3
list, 1731, 8216, 2
list, 1732, 7111, 3
list, 1733, 7043, 3
list, 1734, 5368, 4
list, 1735, 5874, 3
list, 1736, 644, 3
list, 1737, 5790, 4
list, 1738, 9587, 3
list, 1739, 1325, 3
list, 1740, 5000, 3
list, 1741, 9002, 3
list, 1742, 783, 4
list, 1743, 661, 4
list, 1744, 1321, 3
list, 1745, 2606, 3
list, 1746, 3891, 3
list, 1747, 329, 3
list, 1748, 2808, 4
list, 1749, 4813, 3
list, 1750, 7196, 3
list, 1751, 9007, 3
list, 1752, 3748, 4
list, 1753, 5600, 4
list, 1754, 8753, 3
list, 1755, 2980, 3
list, 1756, 7687, 4
list, 1757, 8183, 2
list, 1758, 7183, 3
list, 1759, 5867, 4
list, 1760, 7962, 2
list, 1761, 4205, 3
list, 1762, 9572, 4
list, 1763, 6566, 3
list, 1764, 7831, 3
list, 1765, 9957, 3
list, 1766, 5130, 3
list, 1767, 563, 3
list, 1768, 5557, 4
list, 1769, 5942, 3
list, 1770, 391, 3
list, 1771, 2927, 4
list, 1772, 1707, 3
list, 1773, 8507, 3
list, 1774, 5541, 3
list, 1775, 6274, 3
list, 1776, 3275, 4
list, 1777, 1063, 2
list, 1778, 9315, 3
list, 1779, 5265, 3
list, 1780, 1716, 3
list, 1781, 9173, 4
list, 1782, 5509, 3
list, 1783, 9863, 3
list, 1784, 5977, 4
list, 1785, 6157, 3
list, 1786, 6362, 4
list, 1787, 6793, 4
list, 1788, 8753, 3
list, 1789, 2597, 4
list, 1790, 1550, 3
list, 1791, 9466, 3
list, 1792, 4796, 4
list, 1793, 5224, 3
list, 1794, 5907, 4
list, 1795, 4220, 3
list, 1796, 1325, 3
list, 1797, 2414, 4
list, 1798, 7840, 3
list, 1799, 5634, 3
list, 1800, 6142, 2
list, 1801, 4207, 3
list, 1802, 3598, 4
list, 1803, 7099, 3
list, 1804, 2494, 3
list, 1805, 2150, 3
list, 1806, 3729, 3
list, 1807, 4205, 3
list, 1808, 5281, 4
list, 1809, 1805, 4
list, 1810, 9167, 3
list, 1811, 6490, 4
list, 1812, 3483, 3
list, 1813, 6513, 4
list, 1814, 7079, 4
list, 1815, 9532, 4
list, 1816, 3748, 4
list, 1817, 9374, 4
list, 1818, 5906, 4
list, 1819, 286, 3
list, 1820, 7185, 3
list, 1821, 9039, 4
list, 1822, 6566, 3
list, 1823, 982, 4
list, 1824, 8698, 4
list, 1825, 2881, 3
list, 1826, 3444, 4
list, 1827, 1707, 3
list, 1828, 331, 2
list, 1829, 3417, 3
list, 1830, 5681, 3
list, 1831, 7495, 4
list, 1832, 2909, 3
list, 1833, 8840, 4
list, 1834, 8028, 3
list, 1835, 8961, 3
list, 1836, 4317, 4
list, 1837, 1115, 4
list, 1838, 2101, 4
list, 1839, 4237, 4
list, 1840, 1760, 3
list, 1841, 1339, 4
list, 1842, 6566, 3
list, 1843, 7877, 4
list, 1844, 8961, 3
list, 1845, 8679, 3
list, 1846, 2987, 4
list, 1847, 9871, 4
list, 1848, 7246, 3
list, 1849, 294, 3
list, 1850, 9295, 3
list, 1851, 2031, 2
list, 1852, 45, 3
list, 1853, 9724, 3
list, 1854, 7015, 4
list, 1855, 329, 3
list, 1856, 607, 4
list, 1857, 5855, 4
list, 1858, 3395, 4
list, 1859, 1463, 4
list, 1860, 9957, 3
list, 1861, 3126, 4
list, 1862, 2224, 3
list, 1863, 7708, 3
list, 1864, 7588, 4
list, 1865, 4563, 3
list, 1866, 2694, 4
list, 1867, 9116, 4
list, 1868, 715, 3
list, 1869, 8216, 2
list, 1870, 4154, 4
list, 1871, 5379, 4
list, 1872, 2394, 4
list, 1873, 7677, 3
list, 1874, 2325, 3
list, 1875, 825, 3
list, 1876, 6991, 4
list, 1877, 382, 3
list, 1878, 1179, 3
list, 1879, 368, 3
list, 1880, 4566, 4
list, 1881, 2959, 4
list, 1882, 4577, 4
list, 1883, 4587, 3
list, 1884, 2208, 4
list, 1885, 9023, 3
list, 1886, 1030, 3
list, 1887, 7118, 3
list, 1888, 2467, 3
list, 1889, 1976, 3
list, 1890, 4015, 3
list, 1891, 9724, 3
list, 1892, 433, 3
list, 1893, 41, 4
list, 1894, 3299, 3
list, 1895, 1869, 3
list, 1896, 1617, 3
list, 1897, 7767, 4
list, 1898, 3434, 3
list, 1899, 1418, 3
list, 1900, 8167, 3
list, 1901, 3363, 3
list, 1902, 2229, 4
list, 1903, 4002, 3
list, 1904, 1707, 3
list, 1905, 7185, 3
list, 1906, 5328, 4
list, 1907, 6090, 4
list, 1908, 1, 1
list, 1909, 2511, 4
list, 1910, 6355, 4
list, 1911, 1449, 3
list, 1912, 4941, 4
list, 1913, 3940, 4
list, 1914, 3340, 3
list, 1915, 1543, 4
list, 1916, 3518, 4
list, 1917, 2276, 3
list, 1918, 4813, 3
list, 1919, 3212, 3
list, 1920, 2853, 3
list, 1921, 4205, 3
list, 1922, 9082, 3
list, 1923, 3234, 4
list, 1924, 3703, 4
list, 1925, 3701, 3
list, 1926, 4916, 3
list, 1927, 5654, 4
list, 1928, 963, 4
list, 1929, 1299, 2
list, 1930, 2732, 4
list, 1931, 6975, 4
list, 1932, 2189, 4
list, 1933, 7185, 3
list, 1934, 5011, 3
list, 1935, 7667, 3
list, 1936, 2909, 3
list, 1937, 5135, 4
list, 1938, 4487, 3
list, 1939, 8409, 3
list, 1940, 1343, 3
list, 1941, 9550, 4
list, 1942, 8239, 3
list, 1943, 382, 3
list, 1944, 6016, 4
list, 1945, 6003, 3
list, 1946, 3055, 3
list, 1947, 218, 3
list, 1948, 368, 3
list, 1949, 9298, 4
list, 1950, 4060, 3
list, 1951, 9301, 3
list, 1952, 9110, 4
list, 1953, 4205, 3
list, 1954, 3960, 4
list, 1955, 9068, 3
list, 1956, 4272, 4
list, 1957, 5987, 3
list, 1958, 3434, 3
list, 1959, 534, 4
list, 1960, 7106, 3
list, 1961, 2758, 3
list, 1962, 6924, 3
list, 1963, 1760, 3
list, 1964, 661, 4
list, 1965, 3083, 3
list, 1966, 4114, 4
list, 1967, 4326, 3
list, 1968, 3045, 4
list, 1969, 2685, 4
list, 1970, 4196, 4
list, 1971, 45, 3
list, 1972, 2211, 4
list, 1973, 5377, 4
list, 1974, 1066, 3
list, 1975, 5151, 3
list, 1976, 4500, 2
list, 1977, 6210, 3
list, 1978, 6924, 3
list, 1979, 2452, 3
list, 1980, 6211, 3
list, 1981, 3099, 3
list, 1982, 2150, 3
list, 1983, 7113, 3
list, 1984, 4515, 3
list, 1985, 5130, 3
list, 1986, 5402, 4
list, 1987, 1030, 3
list, 1988, 2657, 3
list, 1989, 232, 3
list, 1990, 8303, 4
list, 1991, 2579, 4
list, 1992, 3696, 4
list, 1993, 9652, 4
list, 1994, 4521, 3
list, 1995, 6948, 3
list, 1996, 3166, 4
list, 1997, 2452, 3
list, 1998, 7192, 3
list, 1999, 8087, 4
list, 2000, 6210, 3
list, 2001, 4500, 2
list, 2002, 3070, 4
list, 2003, 4854, 3
list, 2004, 3600, 3
list, 2005, 8820, 4
list, 2006, 7043, 3
list, 2007, 1703, 4
list, 2008, 9147, 3
list, 2009, 5410, 3
list, 2010, 9721, 3
list, 2011, 742, 4
list, 2012, 5556, 3
list, 2013, 2562, 4
list, 2014, 4181, 4
list, 2015, 8228, 3
list, 2016, 2150, 3
list, 2017, 6449, 3
list, 2018, 911, 4
list, 2019, 8385, 4
list, 2020, 7113, 3
list, 2021, 9170, 3
list, 2022, 9003, 4
list, 2023, 9068, 3
list, 2024, 6718, 4
list, 2025, 9542, 4
list, 2026, 1420, 4
list, 2027, 5332, 4
list, 2028, 1788, 4
list, 2029, 1066, 3
list, 2030, 966, 3
list, 2031, 1, 1
list, 2032, 3299, 3
list, 2033, 8092, 4
list, 2034, 3692, 4
list, 2035, 7183, 3
list, 2036, 573, 4
list, 2037, 6054, 4
list, 2038, 6566, 3
list, 2039, 6993, 3
list, 2040, 4183, 4
list, 2041, 3486, 3
list, 2042, 8981, 2
list, 2043, 715, 3
list, 2044, 2564, 3
list, 2045, 5987, 3
list, 2046, 8440, 3
list, 2047, 6310, 4
list, 2048, 8678, 3
list, 2049, 2202, 4
list, 2050, 2123, 4
list, 2051, 8911, 3
list, 2052, 8753, 3
list, 2053, 228, 3
list, 2054, 5865, 3
list, 2055, 6210, 3
list, 2056, 715, 3
list, 2057, 2989, 4
list, 2058, 6110, 4
list, 2059, 754, 4
list, 2060, 1402, 3
list, 2061, 2606, 3
list, 2062, 3212, 3
list, 2063, 3208, 4
list, 2064, 5557, 4
list, 2065, 3940, 4
list, 2066, 1569, 4
list, 2067, 1085, 3
list, 2068, 9232, 3
list, 2069, 1, 1
list, 2070, 8406, 3
list, 2071, 4960, 4
list, 2072, 1321, 3
list, 2073, 7458, 4
list, 2074, 9497, 4
list, 2075, 5151, 3
list, 2076, 9684, 3
list, 2077, 1561, 3
list, 2078, 7825, 4
list, 2079, 9446, 3
list, 2080, 9930, 3
list, 2081, 8679, 3
list, 2082, 5410, 3
list, 2083, 4584, 3
list, 2084, 5218, 4
list, 2085, 1482, 3
list, 2086, 6123, 3
list, 2087, 9957, 3
list, 2088, 6141, 3
list, 2089, 5289, 4
list, 2090, 3007, 4
list, 2091, 6464, 3
list, 2092, 3308, 3
list, 2093, 7478, 3
list, 2094, 1617, 3
list, 2095, 5874, 3
list, 2096, 5681, 3
list, 2097, 419, 3
list, 2098, 6090, 4
list, 2099, 1115, 4
list, 2100, 3248, 3
list, 2101, 7908, 3
list, 2102, 4359, 4
list, 2103, 8723, 4
list, 2104, 9137, 3
list, 2105, 4587, 3
list, 2106, 7674, 4
list, 2107, 5399, 4
list, 2108, 1869, 3
list, 2109, 9631, 3
list, 2110, 6996, 3
list, 2111, 9863, 3
list, 2112, 7118, 3
list, 2113, 6432, 3
list, 2114, 4114, 4
list, 2115, 8551, 3
list, 2116, 69, 4
list, 2117, 2669, 4
list, 2118, 7809, 4
list, 2119, 1325, 3
list, 2120, 8298, 3
list, 2121, 1469, 4
list, 2122, 7795, 4
list, 2123, 715, 3
list, 2124, 2101, 4
list, 2125, 6413, 4
list, 2126, 7965, 4
list, 2127, 9740, 4
list, 2128, 8436, 3
list, 2129, 3363, 3
list, 2130, 6905, 4
list, 2131, 9023, 3
list, 2132, 3795, 3
list, 2133, 7453, 4
list, 2134, 1339, 4
list, 2135, 5360, 4
list, 2136, 1800, 3
list, 2137, 5604, 3
list, 2138, 563, 3
list, 2139, 6887, 3
list, 2140, 1248, 3
list, 2141, 8228, 3
list, 2142, 1202, 3
list, 2143, 4015, 3
list, 2144, 44, 3
list, 2145, 5410, 3
list, 2146, 6734, 3
list, 2147, 7708, 3
list, 2148, 8670, 3
list, 2149, 2325, 3
list, 2150, 148, 2
list, 2151, 1078, 4
list, 2152, 7034, 4
list, 2153, 8295, 3
list, 2154, 7434, 3
list, 2155, 7048, 4
list, 2156, 9252, 3
list, 2157, 5634, 3
list, 2158, 5320, 4
list, 2159, 158, 3
list, 2160, 7740, 4
list, 2161, 3924, 3
list, 2162, 9318, 4
list, 2163, 2112, 4
list, 2164, 742, 4
list, 2165, 5556, 3
list, 2166, 2958, 3
list, 2167, 3824, 4
list, 2168, 6689, 4
list, 2169, 1777, 3
list, 2170, 3212, 3
list, 2171, 9423, 4
list, 2172, 5482, 3
list, 2173, 8474, 4
list, 2174, 9529, 4
list, 2175, 4587, 3
list, 2176, 2042, 3
list, 2177, 158, 3
list, 2178, 6887, 3
list, 2179, 5396, 4
list, 2180, 1828, 3
list, 2181, 5192, 4
list, 2182, 5265, 3
list, 2183, 7464, 3
list, 2184, 9440, 3
list, 2185, 127, 4
list, 2186, 1342, 3
list, 2187, 2611, 3
list, 2188, 2637, 3
list, 2189, 6734, 3
list, 2190, 4255, 4
list, 2191, 1548, 3
list, 2192, 9721, 3
list, 2193, 111, 4
list, 2194, 5789, 4
list, 2195, 3950, 3
list, 2196, 500, 3
list, 2197, 8551, 3
list, 2198, 861, 4
list, 2199, 1468, 3
list, 2200, 4317, 4
list, 2201, 1147, 4
list, 2202, 6734, 3
list, 2203, 3483, 3
list, 2204, 5856, 3
list, 2205, 9002, 3
list, 2206, 9437, 4
list, 2207, 9007, 3
list, 2208, 9321, 3
list, 2209, 9508, 4
list, 2210, 7723, 3
list, 2211, 770, 3
list, 2212, 2123, 4
list, 2213, 4586, 4
list, 2214, 4371, 4
list, 2215, 4515, 3
list, 2216, 393, 4
list, 2217, 4002, 3
list, 2218, 4405, 3
list, 2219, 1248, 3
list, 2220, 500, 3
list, 2221, 9358, 4
list, 2222, 770, 3
list, 2223, 243, 3
list, 2224, 2069, 2
list, 2225, 8166, 3
list, 2226, 9800, 3
list, 2227, 7716, 4
list, 2228, 6595, 4
list, 2229, 5672, 3
list, 2230, 1069, 3
list, 2231, 8409, 3
list, 2232, 3188, 3
list, 2233, 7458, 4
list, 2234, 9007, 3
list, 2235, 3747, 3
list, 2236, 1490, 4
list, 2237, 4352, 4
list, 2238, 8390, 2
list, 2239, 4676, 4
list, 2240, 6443, 3
list, 2241, 7825, 4
list, 2242, 232, 3
list, 2243, 7315, 4
list, 2244, 9370, 4
list, 2245, 6449, 3
list, 2246, 3843, 3
list, 2247, 8703, 3
list, 2248, 7713, 3
list, 2249, 7183, 3
list, 2250, 7980, 4
list, 2251, 8670, 3
list, 2252, 8266, 3
list, 2253, 5075, 3
list, 2254, 2853, 3
list, 2255, 7752, 4
list, 2256, 939, 4
list, 2257, 9677, 3
list, 2258, 4950, 4
list, 2259, 4410, 4
list, 2260, 8333, 4
list, 2261, 6142, 2
list, 2262, 278, 4
list, 2263, 3950, 3
list, 2264, 754, 4
list, 2265, 2001, 3
list, 2266, 5789, 4
list, 2267, 8389, 4
list, 2268, 7965, 4
list, 2269, 1530, 4
list, 2270, 7251, 4
list, 2271, 147, 4
list, 2272, 5909, 3
list, 2273, 6679, 3
list, 2274, 8532, 3
list, 2275, 4046, 3
list, 2276, 8390, 2
list, 2277, 4881, 4
list, 2278, 1731, 3
list, 2279, 2329, 4
list, 2280, 7769, 3
list, 2281, 3255, 4
list, 2282, 644, 3
list, 2283, 7476, 4
list, 2284, 7580, 4
list, 2285, 4200, 4
list, 2286, 7558, 4
list, 2287, 2525, 4
list, 2288, 6996, 3
list, 2289, 4909, 4
list, 2290, 4205, 3
list, 2291, 3613, 3
list, 2292, 8911, 3
list, 2293, 8691, 4
list, 2294, 368, 3
list, 2295, 3256, 4
list, 2296, 9007, 3
list, 2297, 9543, 3
list, 2298, 9187, 4
list, 2299, 6999, 4
list, 2300, 3332, 3
list, 2301, 9102, 4
list, 2302, 3401, 3
list, 2303, 6738, 3
list, 2304, 9944, 3
list, 2305, 4237, 4
list, 2306, 6625, 4
list, 2307, 4890, 4
list, 2308, 2394, 4
list, 2309, 330, 4
list, 2310, 8239, 3
list, 2311, 8257, 3
list, 2312, 1115, 4
list, 2313, 1696, 3
list, 2314, 7196, 3
list, 2315, 7033, 3
list, 2316, 4255, 4
list, 2317, 5291, 4
list, 2318, 1210, 4
list, 2319, 3843, 3
list, 2320, 2725, 4
list, 2321, 1929, 3
list, 2322, 4587, 3
list, 2323, 893, 3
list, 2324, 1800, 3
list, 2325, 1299, 2
list, 2326, 1030, 3
list, 2327, 4891, 3
list, 2328, 2579, 4
list, 2329, 6738, 3
list, 2330, 368, 3
list, 2331, 9847, 3
list, 2332, 4083, 3
list, 2333, 2567, 4
list, 2334, 8678, 3
list, 2335, 3340, 3
list, 2336, 7088, 4
list, 2337, 7251, 4
list, 2338, 228, 3
list, 2339, 4652, 4
list, 2340, 2637, 3
list, 2341, 9137, 3
list, 2342, 1248, 3
list, 2343, 3007, 4
list, 2344, 9023, 3
list, 2345, 2980, 3
list, 2346, 3360, 3
list, 2347, 5130, 3
list, 2348, 368, 3
list, 2349, 5482, 3
list, 2350, 2865, 4
list, 2351, 3299, 3
list, 2352, 2791, 2
list, 2353, 2138, 4
list, 2354, 8452, 4
list, 2355, 6210, 3
list, 2356, 1604, 3
list, 2357, 8409, 3
list, 2358, 4740, 3
list, 2359, 1440, 3
list, 2360, 7023, 3
list, 2361, 2352, 3
list, 2362, 1648, 4
list, 2363, 9623, 3
list, 2364, 3083, 3
list, 2365, 8840, 4
list, 2366, 8911, 3
list, 2367, 2645, 4
list, 2368, 3007, 4
list, 2369, 7825, 4
list, 2370, 7924, 4
list, 2371, 4770, 3
list, 2372, 2494, 3
list, 2373, 7379, 3
list, 2374, 5122, 3
list, 2375, 7246, 3
list, 2376, 3891, 3
list, 2377, 4046, 3
list, 2378, 5495, 3
list, 2379, 2958, 3
list, 2380, 2989, 4
list, 2381, 3747, 3
list, 2382, 7558, 4
list, 2383, 8834, 3
list, 2384, 5362, 4
list, 2385, 45, 3
list, 2386, 2296, 4
list, 2387, 7192, 3
list, 2388, 9007, 3
list, 2389, 6647, 3
list, 2390, 3460, 3
list, 2391, 4854, 3
list, 2392, 2933, 4
list, 2393, 1436, 4
list, 2394, 286, 3
list, 2395, 8436, 3
list, 2396, 5604, 3
list, 2397, 3188, 3
list, 2398, 7733, 3
list, 2399, 6461, 4
list, 2400, 9654, 3
list, 2401, 5151, 3
list, 2402, 4345, 3
list, 2403, 5779, 4
list, 2404, 3083, 3
list, 2405, 1288, 3
list, 2406, 1192, 4
list, 2407, 972, 4
list, 2408, 4096, 4
list, 2409, 4255, 4
list, 2410, 5043, 4
list, 2411, 7229, 4
list, 2412, 7840, 3
list, 2413, 2303, 4
list, 2414, 4854, 3
list, 2415, 2445, 3
list, 2416, 2782, 3
list, 2417, 8315, 4
list, 2418, 2001, 3
list, 2419, 7891, 3
list, 2420, 5937, 3
list, 2421, 9572, 4
list, 2422, 1603, 3
list, 2423, 2186, 4
list, 2424, 1561, 3
list, 2425, 7220, 4
list, 2426, 8387, 4
list, 2427, 7552, 4
list, 2428, 4916, 3
list, 2429, 8685, 4
list, 2430, 2611, 3
list, 2431, 3224, 3
list, 2432, 7215, 4
list, 2433, 8736, 4
list, 2434, 4828, 3
list, 2435, 8408, 4
list, 2436, 8507, 3
list, 2437, 5672, 3
list, 2438, 5864, 4
list, 2439, 2839, 3
list, 2440, 6928, 3
list, 2441, 8307, 3
list, 2442, 7674, 4
list, 2443, 2069, 2
list, 2444, 7875, 3
list, 2445, 8216, 2
list, 2446, 391, 3
list, 2447, 127, 4
list, 2448, 8209, 4
list, 2449, 3747, 3
list, 2450, 2069, 2
list, 2451, 5122, 3
list, 2452, 1299, 2
list, 2453, 8532, 3
list, 2454, 8298, 3
list, 2455, 1274, 3
list, 2456, 2611, 3
list, 2457, 1135, 4
list, 2458, 7616, 2
list, 2459, 7099, 3
list, 2460, 3369, 3
list, 2461, 1202, 3
list, 2462, 2808, 4
list, 2463, 9930, 3
list, 2464, 2788, 4
list, 2465, 6434, 3
list, 2466, 5611, 3
list, 2467, 6644, 2
list, 2468, 2146, 4
list, 2469, 6133, 4
list, 2470, 5126, 3
list, 2471, 3055, 3
list, 2472, 4607, 3
list, 2473, 8798, 4
list, 2474, 1069, 3
list, 2475, 9367, 4
list, 2476, 3363, 3
list, 2477, 5370, 4
list, 2478, 6996, 3
list, 2479, 9572, 4
list, 2480, 5003, 4
list, 2481, 7136, 3
list, 2482, 4796, 4
list, 2483, 391, 3
list, 2484, 1044, 4
list, 2485, 9767, 4
list, 2486, 1248, 3
list, 2487, 6347, 4
list, 2488, 5989, 4
list, 2489, 8911, 3
list, 2490, 41, 4
list, 2491, 8529, 3
list, 2492, 218, 3
list, 2493, 1137, 4
list, 2494, 7962, 2
list, 2495, 111, 4
list, 2496, 7959, 3
list, 2497, 3489, 3
list, 2498, 7088, 4
list, 2499, 7959, 3
list, 2500, 3891, 3
list, 2501, 8840, 4
list, 2502, 9007, 3
list, 2503, 3980, 4
list, 2504, 2542, 4
list, 2505, 4077, 4
list, 2506, 7783, 4
list, 2507, 5556, 3
list, 2508, 3613, 3
list, 2509, 9657, 4
list, 2510, 8678, 3
list, 2511, 2150, 3
list, 2512, 8440, 3
list, 2513, 8691, 4
list, 2514, 9082, 3
list, 2515, 7464, 3
list, 2516, 1604, 3
list, 2517, 158, 3
list, 2518, 893, 3
list, 2519, 9393, 4
list, 2520, 9685, 3
list, 2521, 253, 3
list, 2522, 1299, 2
list, 2523, 5349, 4
list, 2524, 9910, 3
list, 2525, 5874, 3
list, 2526, 819, 4
list, 2527, 8738, 4
list, 2528, 9503, 4
list, 2529, 1284, 3
list, 2530, 3248, 3
list, 2531, 7664, 3
list, 2532, 1757, 3
list, 2533, 2881, 3
list, 2534, 8622, 3
list, 2535, 1805, 4
list, 2536, 3090, 3
list, 2537, 3996, 4
list, 2538, 5997, 4
list, 2539, 5458, 4
list, 2540, 3234, 4
list, 2541, 854, 3
list, 2542, 4521, 3
list, 2543, 5888, 4
list, 2544, 9252, 3
list, 2545, 534, 4
list, 2546, 5028, 4
list, 2547, 4482, 4
list, 2548, 8555, 3
list, 2549, 1760, 3
list, 2550, 8342, 4
list, 2551, 45, 3
list, 2552, 9677, 3
list, 2553, 4598, 4
list, 2554, 8679, 3
list, 2555, 774, 4
list, 2556, 8200, 4
list, 2557, 5997, 4
list, 2558, 8547, 4
list, 2559, 8703, 3
list, 2560, 4207, 3
list, 2561, 2554, 4
list, 2562, 4521, 3
list, 2563, 3045, 4
list, 2564, 2069, 2
list, 2565, 6738, 3
list, 2566, 8678, 3
list, 2567, 3248, 3
list, 2568, 6319, 4
list, 2569, 4828, 3
list, 2570, 2458, 3
list, 2571, 8436, 3
list, 2572, 7908, 3
list, 2573, 7113, 3
list, 2574, 9847, 3
list, 2575, 819, 4
list, 2576, 3747, 3
list, 2577, 5121, 3
list, 2578, 6011, 4
list, 2579, 7908, 3
list, 2580, 3924, 3
list, 2581, 3531, 4
list, 2582, 8390, 2
list, 2583, 6921, 4
list, 2584, 7149, 3
list, 2585, 6141, 3
list, 2586, 6652, 4
list, 2587, 7111, 3
list, 2588, 1190, 4
list, 2589, 9981, 3
list, 2590, 1777, 3
list, 2591, 8390, 2
list, 2592, 9957, 3
list, 2593, 1716, 3
list, 2594, 5011, 3
list, 2595, 4060, 3
list, 2596, 9232, 3
list, 2597, 5495, 3
list, 2598, 6464, 3
list, 2599, 7136, 3
list, 2600, 8389, 4
list, 2601, 1440, 3
list, 2602, 560, 3
list, 2603, 7719, 4
list, 2604, 4917, 4
list, 2605, 5151, 3
list, 2606, 4500, 2
list, 2607, 1030, 3
list, 2608, 5612, 3
list, 2609, 1419, 3
list, 2610, 6734, 3
list, 2611, 8390, 2
list, 2612, 9587, 3
list, 2613, 9957, 3
list, 2614, 6539, 3
list, 2615, 7059, 4
list, 2616, 5014, 4
list, 2617, 3924, 3
list, 2618, 9147, 3
list, 2619, 6764, 4
list, 2620, 1274, 3
list, 2621, 8266, 3
list, 2622, 9901, 3
list, 2623, 1106, 3
list, 2624, 5954, 4
list, 2625, 7903, 4
list, 2626, 7106, 3
list, 2627, 218, 3
list, 2628, 4916, 3
list, 2629, 3256, 4
list, 2630, 7499, 3
list, 2631, 1202, 3
list, 2632, 1304, 4
list, 2633, 2452, 3
list, 2634, 5634, 3
list, 2635, 7185, 3
list, 2636, 5729, 4
list, 2637, 1063, 2
list, 2638, 6831, 4
list, 2639, 2452, 3
list, 2640, 7517, 4
list, 2641, 2518, 4
list, 2642, 8166, 3
list, 2643, 9283, 3
list, 2644, 2758, 3
list, 2645, 1828, 3
list, 2646, 6647, 3
list, 2647, 2186, 4
list, 2648, 3600, 3
list, 2649, 5874, 3
list, 2650, 5461, 3
list, 2651, 9519, 3
list, 2652, 8064, 3
list, 2653, 606, 4
list, 2654, 9119, 4
list, 2655, 3434, 3
list, 2656, 724, 4
list, 2657, 6142, 2
list, 2658, 7375, 4
list, 2659, 6414, 4
list, 2660, 3188, 3
list, 2661, 911, 4
list, 2662, 4886, 4
list, 2663, 8463, 3
list, 2664, 6187, 3
list, 2665, 6136, 3
list, 2666, 4982, 4
list, 2667, 8359, 3
list, 2668, 4844, 4
list, 2669, 6679, 3
list, 2670, 2582, 3
list, 2671, 7246, 3
list, 2672, 6370, 3
list, 2673, 2439, 4
list, 2674, 6734, 3
list, 2675, 1061, 4
list, 2676, 661, 4
list, 2677, 3212, 3
list, 2678, 1063, 2
list, 2679, 5432, 4
list, 2680, 2458, 3
list, 2681, 2467, 3
list, 2682, 3354, 3
list, 2683, 5556, 3
list, 2684, 3536, 4
list, 2685, 7908, 3
list, 2686, 3483, 3
list, 2687, 8390, 2
list, 2688, 1698, 4
list, 2689, 3864, 4
list, 2690, 3497, 4
list, 2691, 5509, 3
list, 2692, 3957, 4
list, 2693, 6123, 3
list, 2694, 9446, 3
list, 2695, 9519, 3
list, 2696, 7870, 3
list, 2697, 6475, 4
list, 2698, 7385, 4
list, 2699, 7196, 3
list, 2700, 1608, 4
list, 2701, 941, 4
list, 2702, 5874, 3
list, 2703, 1908, 2
list, 2704, 5856, 3
list, 2705, 8390, 2
list, 2706, 5974, 4
list, 2707, 3099, 3
list, 2708, 3729, 3
list, 2709, 7425, 4
list, 2710, 7887, 4
list, 2711, 5791, 4
list, 2712, 9954, 4
list, 2713, 5011, 3
list, 2714, 8966, 4
list, 2715, 2959, 4
list, 2716, 1731, 3
list, 2717, 7136, 3
list, 2718, 236, 4
list, 2719, 4709, 3
list, 2720, 5368, 4
list, 2721, 9587, 3
list, 2722, 8535, 3
list, 2723, 4813, 3
list, 2724, 3259, 3
list, 2725, 5495, 3
list, 2726, 4880, 4
list, 2727, 3240, 3
list, 2728, 2852, 4
list, 2729, 3982, 3
list, 2730, 1468, 3
list, 2731, 3045, 4
list, 2732, 2839, 3
list, 2733, 7183, 3
list, 2734, 5213, 4
list, 2735, 2694, 4
list, 2736, 8435, 4
list, 2737, 4950, 4
list, 2738, 7667, 3
list, 2739, 893, 3
list, 2740, 329, 3
list, 2741, 6689, 4
list, 2742, 2813, 3
list, 2743, 23, 4
list, 2744, 4614, 3
list, 2745, 3224, 3
list, 2746, 7131, 3
list, 2747, 5790, 4
list, 2748, 7434, 3
list, 2749, 3483, 3
list, 2750, 6110, 4
list, 2751, 4220, 3
list, 2752, 9677, 3
list, 2753, 9944, 3
list, 2754, 4491, 3
list, 2755, 7908, 3
list, 2756, 9440, 3
list, 2757, 218, 3
list, 2758, 6142, 2
list, 2759, 696, 3
list, 2760, 754, 4
list, 2761, 4519, 3
list, 2762, 9661, 3
list, 2763, 2146, 4
list, 2764, 7708, 3
list, 2765, 3636, 3
list, 2766, 6449, 3
list, 2767, 934, 4
list, 2768, 4150, 4
list, 2769, 8266, 3
list, 2770, 6123, 3
list, 2771, 329, 3
list, 2772, 9799, 4
list, 2773, 5410, 3
list, 2774, 7870, 3
list, 2775, 1346, 4
list, 2776, 1030, 3
list, 2777, 4288, 4
list, 2778, 5521, 3
list, 2779, 3340, 3
list, 2780, 9007, 3
list, 2781, 4916, 3
list, 2782, 8390, 2
list, 2783, 415, 4
list, 2784, 2229, 4
list, 2785, 4818, 4
list, 2786, 6201, 4
list, 2787, 1034, 4
list, 2788, 9661, 3
list, 2789, 4261, 4
list, 2790, 3354, 3
list, 2791, 1, 1
list, 2792, 3483, 3
list, 2793, 2909, 3
list, 2794, 9147, 3
list, 2795, 4891, 3
list, 2796, 6310, 4
list, 2797, 6835, 4
list, 2798, 8166, 3
list, 2799, 9532, 4
list, 2800, 527, 3
list, 2801, 6370, 3
list, 2802, 8919, 3
list, 2803, 7878, 4
list, 2804, 4428, 4
list, 2805, 6799, 4
list, 2806, 9284, 3
list, 2807, 6539, 3
list, 2808, 8440, 3
list, 2809, 7070, 4
list, 2810, 5151, 3
list, 2811, 9232, 3
list, 2812, 5865, 3
list, 2813, 331, 2
list, 2814, 6490, 4
list, 2815, 2969, 3
list, 2816, 5631, 3
list, 2817, 5227, 4
list, 2818, 8728, 4
list, 2819, 419, 3
list, 2820, 45, 3
list, 2821, 8685, 4
list, 2822, 1812, 4
list, 2823, 2450, 3
list, 2824, 8764, 4
list, 2825, 2140, 4
list, 2826, 9446, 3
list, 2827, 3612, 4
list, 2828, 1030, 3
list, 2829, 1929, 3
list, 2830, 3050, 4
list, 2831, 4732, 3
list, 2832, 827, 3
list, 2833, 6158, 4
list, 2834, 4614, 3
list, 2835, 6432, 3
list, 2836, 4891, 3
list, 2837, 1398, 3
list, 2838, 1616, 4
list, 2839, 148, 2
list, 2840, 4570, 4
list, 2841, 5168, 4
list, 2842, 982, 4
list, 2843, 5937, 3
list, 2844, 1274, 3
list, 2845, 4073, 4
list, 2846, 195, 4
list, 2847, 8426, 4
list, 2848, 3779, 3
list, 2849, 51, 4
list, 2850, 5693, 3
list, 2851, 9740, 4
list, 2852, 8440, 3
list, 2853, 8390, 2
list, 2854, 4594, 4
list, 2855, 9298, 4
list, 2856, 3483, 3
list, 2857, 8463, 3
list, 2858, 8942, 4
list, 2859, 1254, 4
list, 2860, 6136, 3
list, 2861, 1716, 3
list, 2862, 9008, 3
list, 2863, 2112, 4
list, 2864, 8679, 3
list, 2865, 2839, 3
list, 2866, 9703, 4
list, 2867, 1800, 3
list, 2868, 4428, 4
list, 2869, 4614, 3
list, 2870, 8167, 3
list, 2871, 7335, 3
list, 2872, 7831, 3
list, 2873, 8923, 3
list, 2874, 2247, 4
list, 2875, 3531, 4
list, 2876, 854, 3
list, 2877, 9321, 3
list, 2878, 7027, 3
list, 2879, 9677, 3
list, 2880, 4587, 3
list, 2881, 1299, 2
list, 2882, 7989, 4
list, 2883, 5672, 3
list, 2884, 1274, 3
list, 2885, 7577, 4
list, 2886, 7111, 3
list, 2887, 8389, 4
list, 2888, 9440, 3
list, 2889, 7667, 3
list, 2890, 1254, 4
list, 2891, 7733, 3
list, 2892, 7220, 4
list, 2893, 4060, 3
list, 2894, 228, 3
list, 2895, 3055, 3
list, 2896, 4515, 3
list, 2897, 7464, 3
list, 2898, 7596, 4
list, 2899, 8440, 3
list, 2900, 4851, 4
list, 2901, 1274, 3
list, 2902, 8919, 3
list, 2903, 4891, 3
list, 2904, 9283, 3
list, 2905, 3212, 3
list, 2906, 966, 3
list, 2907, 4002, 3
list, 2908, 3974, 4
list, 2909, 4500, 2
list, 2910, 4828, 3
list, 2911, 7099, 3
list, 2912, 6705, 3
list, 2913, 3402, 4
list, 2914, 5693, 3
list, 2915, 2637, 3
list, 2916, 8307, 3
list, 2917, 232, 3
list, 2918, 662, 3
list, 2919, 6861, 3
list, 2920, 4813, 3
list, 2921, 7980, 4
list, 2922, 8347, 4
list, 2923, 3952, 4
list, 2924, 2042, 3
list, 2925, 3351, 4
list, 2926, 5495, 3
list, 2927, 7434, 3
list, 2928, 5521, 3
list, 2929, 1819, 4
list, 2930, 1147, 4
list, 2931, 5929, 4
list, 2932, 5482, 3
list, 2933, 7118, 3
list, 2934, 1154, 4
list, 2935, 3729, 3
list, 2936, 5971, 3
list, 2937, 2144, 4
list, 2938, 1274, 3
list, 2939, 1585, 4
list, 2940, 606, 4
list, 2941, 45, 3
list, 2942, 2079, 4
list, 2943, 8923, 3
list, 2944, 3002, 4
list, 2945, 5521, 3
list, 2946, 6921, 4
list, 2947, 7734, 4
list, 2948, 5821, 4
list, 2949, 1668, 3
list, 2950, 3748, 4
list, 2951, 2001, 3
list, 2952, 5083, 3
list, 2953, 7027, 3
list, 2954, 6734, 3
list, 2955, 3354, 3
list, 2956, 7801, 4
list, 2957, 1343, 3
list, 2958, 2031, 2
list, 2959, 715, 3
list, 2960, 1254, 4
list, 2961, 7580, 4
list, 2962, 4255, 4
list, 2963, 5987, 3
list, 2964, 368, 3
list, 2965, 194, 4
list, 2966, 7596, 4
list, 2967, 5634, 3
list, 2968, 3007, 4
list, 2969, 148, 2
list, 2970, 9927, 4
list, 2971, 8382, 3
list, 2972, 6003, 3
list, 2973, 3363, 3
list, 2974, 5974, 4
list, 2975, 5909, 3
list, 2976, 4413, 4
list, 2977, 4359, 4
list, 2978, 5304, 4
list, 2979, 4015, 3
list, 2980, 4500, 2
list, 2981, 7434, 3
list, 2982, 5192, 4
list, 2983, 6764, 4
list, 2984, 783, 4
list, 2985, 4207, 3
list, 2986, 1671, 4
list, 2987, 4709, 3
list, 2988, 3402, 4
list, 2989, 5672, 3
list, 2990, 3342, 4
list, 2991, 7517, 4
list, 2992, 5603, 4
list, 2993, 1851, 3
list, 2994, 770, 3
list, 2995, 7653, 4
list, 2996, 3099, 3
list, 2997, 7106, 3
list, 2998, 6141, 3
list, 2999, 2572, 4
list, 3000, 7335, 3
list, 3001, 2564, 3
list, 3002, 9446, 3
list, 3003, 419, 3
list, 3004, 1655, 4
list, 3005, 2564, 3
list, 3006, 6734, 3
list, 3007, 2150, 3
list, 3008, 8406, 3
list, 3009, 1468, 3
list, 3010, 5410, 3
list, 3011, 2732, 4
list, 3012, 8463, 3
list, 3013, 1321, 3
list, 3014, 2582, 3
list, 3015, 4738, 4
list, 3016, 6650, 4
list, 3017, 774, 4
list, 3018, 3950, 3
list, 3019, 9652, 4
list, 3020, 2839, 3
list, 3021, 4891, 3
list, 3022, 2721, 4
list, 3023, 9032, 4
list, 3024, 4487, 3
list, 3025, 6141, 3
list, 3026, 7246, 3
list, 3027, 6211, 3
list, 3028, 7891, 3
list, 3029, 4504, 3
list, 3030, 4950, 4
list, 3031, 3020, 4
list, 3032, 6654, 3
list, 3033, 5458, 4
list, 3034, 3827, 4
list, 3035, 7385, 4
list, 3036, 391, 3
list, 3037, 6435, 3
list, 3038, 534, 4
list, 3039, 6003, 3
list, 3040, 7004, 4
list, 3041, 6609, 4
list, 3042, 5122, 3
list, 3043, 1449, 3
list, 3044, 8197, 4
list, 3045, 2969, 3
list, 3046, 8876, 4
list, 3047, 1274, 3
list, 3048, 5327, 3
list, 3049, 3692, 4
list, 3050, 715, 3
list, 3051, 2562, 4
list, 3052, 7840, 3
list, 3053, 3827, 4
list, 3054, 4733, 4
list, 3055, 7962, 2
list, 3056, 7183, 3
list, 3057, 9137, 3
list, 3058, 5349, 4
list, 3059, 7687, 4
list, 3060, 9910, 3
list, 3061, 5410, 3
list, 3062, 7816, 3
list, 3063, 6679, 3
list, 3064, 6399, 4
list, 3065, 45, 3
list, 3066, 9175, 3
list, 3067, 7149, 3
list, 3068, 3747, 3
list, 3069, 1030, 3
list, 3070, 3701, 3
list, 3071, 3212, 3
list, 3072, 2980, 3
list, 3073, 696, 3
list, 3074, 5779, 4
list, 3075, 7335, 3
list, 3076, 1030, 3
list, 3077, 6105, 4
list, 3078, 2003, 4
list, 3079, 7962, 2
list, 3080, 7106, 3
list, 3081, 9804, 4
list, 3082, 9082, 3
list, 3083, 2031, 2
list, 3084, 1696, 3
list, 3085, 7577, 4
list, 3086, 2958, 3
list, 3087, 5937, 3
list, 3088, 5126, 3
list, 3089, 1030, 3
list, 3090, 2791, 2
list, 3091, 8529, 3
list, 3092, 8685, 4
list, 3093, 6861, 3
list, 3094, 8802, 4
list, 3095, 8840, 4
list, 3096, 5480, 4
list, 3097, 286, 3
list, 3098, 5057, 4
list, 3099, 4500, 2
list, 3100, 7558, 4
list, 3101, 2617, 4
list, 3102, 8529, 3
list, 3103, 4205, 3
list, 3104, 2564, 3
list, 3105, 3434, 3
list, 3106, 8510, 4
list, 3107, 2394, 4
list, 3108, 9167, 3
list, 3109, 3982, 3
list, 3110, 5302, 4
list, 3111, 3584, 4
list, 3112, 7251, 4
list, 3113, 1439, 4
list, 3114, 4077, 4
list, 3115, 3795, 3
list, 3116, 6796, 4
list, 3117, 9963, 4
list, 3118, 9654, 3
list, 3119, 3045, 4
list, 3120, 2611, 3
list, 3121, 8436, 3
list, 3122, 7733, 3
list, 3123, 7478, 3
list, 3124, 5349, 4
list, 3125, 3869, 4
list, 3126, 715, 3
list, 3127, 1468, 3
list, 3128, 966, 3
list, 3129, 2224, 3
list, 3130, 5320, 4
list, 3131, 124, 4
list, 3132, 5855, 4
list, 3133, 7183, 3
list, 3134, 7246, 3
list, 3135, 9315, 3
list, 3136, 8463, 3
list, 3137, 6600, 4
list, 3138, 7518, 3
list, 3139, 4167, 4
list, 3140, 6407, 4
list, 3141, 2001, 3
list, 3142, 4584, 3
list, 3143, 7106, 3
list, 3144, 7580, 4
list, 3145, 1106, 3
list, 3146, 9800, 3
list, 3147, 861, 4
list, 3148, 8703, 3
list, 3149, 8378, 4
list, 3150, 1202, 3
list, 3151, 5083, 3
list, 3152, 9657, 4
list, 3153, 7192, 3
list, 3154, 5815, 3
list, 3155, 4386, 3
list, 3156, 9400, 4
list, 3157, 4465, 4
list, 3158, 4519, 3
list, 3159, 7390, 4
list, 3160, 2909, 3
list, 3161, 8980, 4
list, 3162, 8876, 4
list, 3163, 1066, 3
list, 3164, 8166, 3
list, 3165, 8228, 3
list, 3166, 7908, 3
list, 3167, 2562, 4
list, 3168, 6679, 3
list, 3169, 8683, 4
list, 3170, 802, 4
list, 3171, 7747, 4
list, 3172, 966, 3
list, 3173, 6679, 3
list, 3174, 7106, 3
list, 3175, 9327, 3
list, 3176, 7335, 3
list, 3177, 1603, 3
list, 3178, 2980, 3
list, 3179, 6616, 3
list, 3180, 825, 3
list, 3181, 2100, 4
list, 3182, 1317, 4
list, 3183, 4860, 4
list, 3184, 7723, 3
list, 3185, 8359, 3
list, 3186, 8961, 3
list, 3187, 7379, 3
list, 3188, 6644, 2
list, 3189, 2565, 4
list, 3190, 9658, 3
list, 3191, 9918, 4
list, 3192, 9182, 4
list, 3193, 4196, 4
list, 3194, 9677, 3
list, 3195, 368, 3
list, 3196, 6652, 4
list, 3197, 7549, 4
list, 3198, 5218, 4
list, 3199, 9759, 3
list, 3200, 4082, 3
list, 3201, 2140, 4
list, 3202, 2043, 4
list, 3203, 4097, 4
list, 3204, 9068, 3
list, 3205, 7783, 4
list, 3206, 899, 4
list, 3207, 7965, 4
list, 3208, 1419, 3
list, 3209, 4547, 4
list, 3210, 56, 4
list, 3211, 7660, 3
list, 3212, 331, 2
list, 3213, 1248, 3
list, 3214, 4587, 3
list, 3215, 7518, 3
list, 3216, 1731, 3
list, 3217, 1887, 4
list, 3218, 3434, 3
list, 3219, 253, 3
list, 3220, 3843, 3
list, 3221, 277, 3
list, 3222, 2144, 4
list, 3223, 8753, 3
list, 3224, 8981, 2
list, 3225, 4703, 3
list, 3226, 7664, 3
list, 3227, 6845, 3
list, 3228, 5521, 3
list, 3229, 6910, 3
list, 3230, 1560, 4
list, 3231, 2238, 3
list, 3232, 3401, 3
list, 3233, 8303, 4
list, 3234, 4015, 3
list, 3235, 1976, 3
list, 3236, 6187, 3
list, 3237, 6705, 3
list, 3238, 742, 4
list, 3239, 9110, 4
list, 3240, 8183, 2
list, 3241, 3434, 3
list, 3242, 7769, 3
list, 3243, 1066, 3
list, 3244, 2881, 3
list, 3245, 9871, 4
list, 3246, 1481, 4
list, 3247, 4367, 4
list, 3248, 331, 2
list, 3249, 6159, 3
list, 3250, 1470, 4
list, 3251, 6679, 3
list, 3252, 1202, 3
list, 3253, 9232, 3
list, 3254, 7183, 3
list, 3255, 2813, 3
list, 3256, 2839, 3
list, 3257, 1416, 4
list, 3258, 6449, 3
list, 3259, 8981, 2
list, 3260, 2274, 4
list, 3261, 157, 4
list, 3262, 6690, 4
list, 3263, 7908, 3
list, 3264, 2958, 3
list, 3265, 2170, 4
list, 3266, 9737, 4
list, 3267, 4055, 4
list, 3268, 4614, 3
list, 3269, 359, 4
list, 3270, 7136, 3
list, 3271, 5681, 3
list, 3272, 6370, 3
list, 3273, 1202, 3
list, 3274, 6443, 3
list, 3275, 4854, 3
list, 3276, 2782, 3
list, 3277, 5011, 3
list, 3278, 6211, 3
list, 3279, 2222, 4
list, 3280, 2458, 3
list, 3281, 2635, 4
list, 3282, 9327, 3
list, 3283, 9530, 4
list, 3284, 6475, 4
list, 3285, 4891, 3
list, 3286, 5748, 3
list, 3287, 212, 4
list, 3288, 1202, 3
list, 3289, 4317, 4
list, 3290, 9494, 3
list, 3291, 715, 3
list, 3292, 6187, 3
list, 3293, 3891, 3
list, 3294, 277, 3
list, 3295, 5289, 4
list, 3296, 9587, 3
list, 3297, 2146, 4
list, 3298, 5874, 3
list, 3299, 7616, 2
list, 3300, 4960, 4
list, 3301, 3417, 3
list, 3302, 7111, 3
list, 3303, 7680, 4
list, 3304, 4082, 3
list, 3305, 1869, 3
list, 3306, 5639, 4
list, 3307, 5039, 4
list, 3308, 2791, 2
list, 3309, 2554, 4
list, 3310, 1800, 3
list, 3311, 854, 3
list, 3312, 56, 4
list, 3313, 7989, 4
list, 3314, 1929, 3
list, 3315, 9494, 3
list, 3316, 9283, 3
list, 3317, 5495, 3
list, 3318, 9321, 3
list, 3319, 1154, 4
list, 3320, 1550, 3
list, 3321, 6105, 4
list, 3322, 3308, 3
list, 3323, 5693, 3
list, 3324, 754, 4
list, 3325, 9440, 3
list, 3326, 1760, 3
list, 3327, 1418, 3
list, 3328, 7425, 4
list, 3329, 9591, 3
list, 3330, 1707, 3
list, 3331, 6443, 3
list, 3332, 8183, 2
list, 3333, 7387, 4
list, 3334, 1887, 4
list, 3335, 4941, 4
list, 3336, 8166, 3
list, 3337, 1447, 4
list, 3338, 3105, 4
list, 3339, 2927, 4
list, 3340, 7616, 2
list, 3341, 9684, 3
list, 3342, 3248, 3
list, 3343, 6169, 4
list, 3344, 3050, 4
list, 3345, 5420, 4
list, 3346, 7708, 3
list, 3347, 1192, 4
list, 3348, 7809, 4
list, 3349, 5846, 4
list, 3350, 23, 4
list, 3351, 3363, 3
list, 3352, 9400, 4
list, 3353, 5350, 4
list, 3354, 8183, 2
list, 3355, 6168, 4
list, 3356, 3055, 3
list, 3357, 1707, 3
list, 3358, 9167, 3
list, 3359, 7478, 3
list, 3360, 7616, 2
list, 3361, 4405, 3
list, 3362, 2439, 4
list, 3363, 1063, 2
list, 3364, 2452, 3
list, 3365, 4607, 3
list, 3366, 1106, 3
list, 3367, 9623, 3
list, 3368, 2467, 3
list, 3369, 7962, 2
list, 3370, 3083, 3
list, 3371, 3434, 3
list, 3372, 4828, 3
list, 3373, 4854, 3
list, 3374, 6996, 3
list, 3375, 4371, 4
list, 3376, 1182, 4
list, 3377, 6434, 3
list, 3378, 7246, 3
list, 3379, 8064, 3
list, 3380, 5130, 3
list, 3381, 6715, 4
list, 3382, 8197, 4
list, 3383, 8779, 3
list, 3384, 3340, 3
list, 3385, 1284, 3
list, 3386, 1716, 3
list, 3387, 8002, 4
list, 3388, 4973, 4
list, 3389, 3860, 4
list, 3390, 6449, 3
list, 3391, 5793, 4
list, 3392, 2606, 3
list, 3393, 8436, 3
list, 3394, 5621, 4
list, 3395, 7118, 3
list, 3396, 7183, 3
list, 3397, 8834, 3
list, 3398, 9295, 3
list, 3399, 8961, 3
list, 3400, 1030, 3
list, 3401, 2069, 2
list, 3402, 4521, 3
list, 3403, 2580, 4
list, 3404, 660, 4
list, 3405, 9511, 4
list, 3406, 8911, 3
list, 3407, 2467, 3
list, 3408, 1295, 4
list, 3409, 9586, 4
list, 3410, 2637, 3
list, 3411, 5246, 4
list, 3412, 3797, 4
list, 3413, 3395, 4
list, 3414, 419, 3
list, 3415, 1482, 3
list, 3416, 3587, 4
list, 3417, 7962, 2
list, 3418, 9283, 3
list, 3419, 7229, 4
list, 3420, 2580, 4
list, 3421, 3693, 3
list, 3422, 8551, 3
list, 3423, 5615, 4
list, 3424, 4276, 4
list, 3425, 3822, 3
list, 3426, 5126, 3
list, 3427, 9170, 3
list, 3428, 8197, 4
list, 3429, 3594, 4
list, 3430, 6259, 4
list, 3431, 5495, 3
list, 3432, 9957, 3
list, 3433, 262, 4
list, 3434, 2031, 2
list, 3435, 6370, 3
list, 3436, 6647, 3
list, 3437, 8347, 4
list, 3438, 8436, 3
list, 3439, 8348, 4
list, 3440, 2958, 3
list, 3441, 7677, 3
list, 3442, 8919, 3
list, 3443, 5634, 3
list, 3444, 7434, 3
list, 3445, 8295, 3
list, 3446, 4813, 3
list, 3447, 9137, 3
list, 3448, 5538, 4
list, 3449, 527, 3
list, 3450, 3486, 3
list, 3451, 8952, 4
list, 3452, 7183, 3
list, 3453, 5926, 4
list, 3454, 4740, 3
list, 3455, 6734, 3
list, 3456, 5612, 3
list, 3457, 3795, 3
list, 3458, 6679, 3
list, 3459, 7870, 3
list, 3460, 4500, 2
list, 3461, 8678, 3
list, 3462, 6910, 3
list, 3463, 2325, 3
list, 3464, 7185, 3
list, 3465, 8961, 3
list, 3466, 5057, 4
list, 3467, 8629, 4
list, 3468, 717, 4
list, 3469, 4104, 3
list, 3470, 3369, 3
list, 3471, 1085, 3
list, 3472, 5634, 3
list, 3473, 3483, 3
list, 3474, 2253, 4
list, 3475, 5600, 4
list, 3476, 3827, 4
list, 3477, 7287, 4
list, 3478, 41, 4
list, 3479, 5265, 3
list, 3480, 2980, 3
list, 3481, 7734, 4
list, 3482, 5339, 4
list, 3483, 1063, 2
list, 3484, 8923, 3
list, 3485, 1851, 3
list, 3486, 7616, 2
list, 3487, 4887, 4
list, 3488, 1066, 3
list, 3489, 4500, 2
list, 3490, 8891, 3
list, 3491, 1550, 3
list, 3492, 3747, 3
list, 3493, 4692, 3
list, 3494, 2564, 3
list, 3495, 9623, 3
list, 3496, 4276, 4
list, 3497, 6738, 3
list, 3498, 2678, 3
list, 3499, 9685, 3
list, 3500, 4326, 3
list, 3501, 7368, 4
list, 3502, 7687, 4
list, 3503, 9002, 3
list, 3504, 3483, 3
list, 3505, 534, 4
list, 3506, 8507, 3
list, 3507, 158, 3
list, 3508, 1440, 3
list, 3509, 7131, 3
list, 3510, 8516, 3
list, 3511, 1828, 3
list, 3512, 8728, 4
list, 3513, 6845, 3
list, 3514, 6434, 3
list, 3515, 1976, 3
list, 3516, 3308, 3
list, 3517, 8779, 3
list, 3518, 1342, 3
list, 3519, 1805, 4
list, 3520, 9721, 3
list, 3521, 9137, 3
list, 3522, 8641, 4
list, 3523, 812, 3
list, 3524, 4692, 3
list, 3525, 9309, 3
list, 3526, 3686, 4
list, 3527, 1482, 3
list, 3528, 3686, 4
list, 3529, 2043, 4
list, 3530, 7816, 3
list, 3531, 2839, 3
list, 3532, 3299, 3
list, 3533, 3483, 3
list, 3534, 7107, 4
list, 3535, 8534, 4
list, 3536, 9661, 3
list, 3537, 607, 4
list, 3538, 2757, 4
list, 3539, 1703, 4
list, 3540, 8167, 3
list, 3541, 5128, 4
list, 3542, 9796, 4
list, 3543, 1716, 3
list, 3544, 3065, 4
list, 3545, 1971, 4
list, 3546, 4083, 3
list, 3547, 4504, 3
list, 3548, 4060, 3
list, 3549, 5521, 3
list, 3550, 45, 3
list, 3551, 467, 4
list, 3552, 7315, 4
list, 3553, 2637, 3
list, 3554, 7251, 4
list, 3555, 8295, 3
list, 3556, 2703, 3
list, 3557, 3950, 3
list, 3558, 5631, 3
list, 3559, 82, 4
list, 3560, 5759, 4
list, 3561, 8460, 4
list, 3562, 1481, 4
list, 3563, 5612, 3
list, 3564, 644, 3
list, 3565, 1561, 3
list, 3566, 9759, 3
list, 3567, 9631, 3
list, 3568, 4207, 3
list, 3569, 1869, 3
list, 3570, 1569, 4
list, 3571, 7077, 3
list, 3572, 1828, 3
list, 3573, 8257, 3
list, 3574, 3613, 3
list, 3575, 8266, 3
list, 3576, 7131, 3
list, 3577, 6948, 3
list, 3578, 8670, 3
list, 3579, 6998, 3
list, 3580, 3698, 4
list, 3581, 696, 3
list, 3582, 4515, 3
list, 3583, 2261, 3
list, 3584, 5224, 3
list, 3585, 5480, 4
list, 3586, 4428, 4
list, 3587, 4345, 3
list, 3588, 4083, 3
list, 3589, 9863, 3
list, 3590, 4064, 4
list, 3591, 6185, 4
list, 3592, 7010, 3
list, 3593, 228, 3
list, 3594, 7118, 3
list, 3595, 7660, 3
list, 3596, 6973, 4
list, 3597, 3256, 4
list, 3598, 8679, 3
list, 3599, 9497, 4
list, 3600, 7962, 2
list, 3601, 1482, 3
list, 3602, 3369, 3
list, 3603, 3636, 3
list, 3604, 7908, 3
list, 3605, 4359, 4
list, 3606, 8385, 4
list, 3607, 5759, 4
list, 3608, 4515, 3
list, 3609, 6324, 4
list, 3610, 6490, 4
list, 3611, 6475, 4
list, 3612, 1828, 3
list, 3613, 6644, 2
list, 3614, 8303, 4
list, 3615, 1919, 4
list, 3616, 9291, 4
list, 3617, 5865, 3
list, 3618, 2677, 4
list, 3619, 9724, 3
list, 3620, 9446, 3
list, 3621, 5808, 4
list, 3622, 9446, 3
list, 3623, 1769, 4
list, 3624, 9167, 3
list, 3625, 2512, 4
list, 3626, 277, 3
list, 3627, 4504, 3
list, 3628, 7113, 3
list, 3629, 6187, 3
list, 3630, 1548, 3
list, 3631, 4732, 3
list, 3632, 5379, 4
list, 3633, 9466, 3
list, 3634, 1868, 4
list, 3635, 5181, 3
list, 3636, 8981, 2
list, 3637, 5672, 3
list, 3638, 7785, 4
list, 3639, 4844, 4
list, 3640, 8750, 4
list, 3641, 9543, 3
list, 3642, 2758, 3
list, 3643, 1078, 4
list, 3644, 8670, 3
list, 3645, 3340, 3
list, 3646, 3299, 3
list, 3647, 8212, 4
list, 3648, 6705, 3
list, 3649, 478, 4
list, 3650, 9309, 3
list, 3651, 5357, 4
list, 3652, 2564, 3
list, 3653, 9591, 3
list, 3654, 3860, 4
list, 3655, 9345, 4
list, 3656, 5793, 4
list, 3657, 3822, 3
list, 3658, 3536, 4
list, 3659, 8167, 3
list, 3660, 8257, 3
list, 3661, 1342, 3
list, 3662, 3360, 3
list, 3663, 5461, 3
list, 3664, 3986, 4
list, 3665, 4347, 4
list, 3666, 3256, 4
list, 3667, 4854, 3
list, 3668, 1304, 4
list, 3669, 5024, 4
list, 3670, 69, 4
list, 3671, 8779, 3
list, 3672, 9182, 4
list, 3673, 7077, 3
list, 3674, 1343, 3
list, 3675, 2079, 4
list, 3676, 7088, 4
list, 3677, 5482, 3
list, 3678, 8961, 3
list, 3679, 3953, 4
list, 3680, 6689, 4
list, 3681, 3055, 3
list, 3682, 3982, 3
list, 3683, 8779, 3
list, 3684, 3693, 3
list, 3685, 3090, 3
list, 3686, 8532, 3
list, 3687, 2564, 3
list, 3688, 4973, 4
list, 3689, 7989, 4
list, 3690, 9721, 3
list, 3691, 8622, 3
list, 3692, 9446, 3
list, 3693, 2069, 2
list, 3694, 198, 4
list, 3695, 967, 4
list, 3696, 7118, 3
list, 3697, 6274, 3
list, 3698, 5909, 3
list, 3699, 8820, 4
list, 3700, 9572, 4
list, 3701, 331, 2
list, 3702, 1248, 3
list, 3703, 1248, 3
list, 3704, 4200, 4
list, 3705, 9466, 3
list, 3706, 2582, 3
list, 3707, 2189, 4
list, 3708, 8097, 3
list, 3709, 3667, 4
list, 3710, 2352, 3
list, 3711, 9721, 3
list, 3712, 7723, 3
list, 3713, 5461, 3
list, 3714, 2452, 3
list, 3715, 7438, 3
list, 3716, 9321, 3
list, 3717, 91, 4
list, 3718, 5637, 4
list, 3719, 7086, 4
list, 3720, 7095, 3
list, 3721, 563, 3
list, 3722, 9930, 3
list, 3723, 1947, 4
list, 3724, 1887, 4
list, 3725, 899, 4
list, 3726, 1929, 3
list, 3727, 7968, 4
list, 3728, 2808, 4
list, 3729, 8981, 2
list, 3730, 9295, 3
list, 3731, 2056, 4
list, 3732, 8167, 3
list, 3733, 2273, 4
list, 3734, 5362, 4
list, 3735, 9494, 3
list, 3736, 5556, 3
list, 3737, 2150, 3
list, 3738, 9981, 3
list, 3739, 3055, 3
list, 3740, 8160, 4
list, 3741, 3434, 3
list, 3742, 4504, 3
list, 3743, 9727, 4
list, 3744, 2352, 3
list, 3745, 2554, 4
list, 3746, 6924, 3
list, 3747, 2031, 2
list, 3748, 382, 3
list, 3749, 5549, 4
list, 3750, 2202, 4
list, 3751, 1716, 3
list, 3752, 8216, 2
list, 3753, 5169, 3
list, 3754, 4352, 4
list, 3755, 7183, 3
list, 3756, 4732, 3
list, 3757, 7733, 3
list, 3758, 6016, 4
list, 3759, 742, 4
list, 3760, 7785, 4
list, 3761, 4916, 3
list, 3762, 7769, 3
list, 3763, 6831, 4
list, 3764, 8307, 3
list, 3765, 9178, 4
list, 3766, 9957, 3
list, 3767, 8389, 4
list, 3768, 6432, 3
list, 3769, 1206, 4
list, 3770, 7716, 4
list, 3771, 3851, 4
list, 3772, 3083, 3
list, 3773, 7965, 4
list, 3774, 7517, 4
list, 3775, 5151, 3
list, 3776, 2443, 3
list, 3777, 1254, 4
list, 3778, 1007, 4
list, 3779, 2069, 2
list, 3780, 4276, 4
list, 3781, 588, 4
list, 3782, 756, 4
list, 3783, 642, 4
list, 3784, 9370, 4
list, 3785, 5749, 4
list, 3786, 1805, 4
list, 3787, 1078, 4
list, 3788, 2001, 3
list, 3789, 4064, 4
list, 3790, 5126, 3
list, 3791, 2016, 4
list, 3792, 7596, 4
list, 3793, 7131, 3
list, 3794, 9400, 4
list, 3795, 1299, 2
list, 3796, 5432, 4
list, 3797, 1248, 3
list, 3798, 5600, 4
list, 3799, 8529, 3
list, 3800, 715, 3
list, 3801, 827, 3
list, 3802, 4854, 3
list, 3803, 5672, 3
list, 3804, 7733, 3
list, 3805, 7043, 3
list, 3806, 6301, 4
list, 3807, 5789, 4
list, 3808, 2229, 4
list, 3809, 7712, 4
list, 3810, 5370, 4
list, 3811, 9584, 4
list, 3812, 4138, 4
list, 3813, 2511, 4
list, 3814, 7518, 3
list, 3815, 3299, 3
list, 3816, 1690, 4
list, 3817, 3097, 4
list, 3818, 3957, 4
list, 3819, 6157, 3
list, 3820, 2703, 3
list, 3821, 9494, 3
list, 3822, 8981, 2
list, 3823, 8679, 3
list, 3824, 5224, 3
list, 3825, 1202, 3
list, 3826, 3097, 4
list, 3827, 8440, 3
list, 3828, 1591, 4
list, 3829, 3212, 3
list, 3830, 1321, 3
list, 3831, 300, 4
list, 3832, 2202, 4
list, 3833, 4854, 3
list, 3834, 563, 3
list, 3835, 4881, 4
list, 3836, 1976, 3
list, 3837, 8691, 4
list, 3838, 9327, 3
list, 3839, 8336, 3
list, 3840, 662, 3
list, 3841, 3497, 4
list, 3842, 9175, 3
list, 3843, 6142, 2
list, 3844, 612, 4
list, 3845, 9901, 3
list, 3846, 9252, 3
list, 3847, 9167, 3
list, 3848, 8435, 4
list, 3849, 8622, 3
list, 3850, 6413, 4
list, 3851, 1288, 3
list, 3852, 3824, 4
list, 3853, 4813, 3
list, 3854, 7149, 3
list, 3855, 8532, 3
list, 3856, 8452, 4
list, 3857, 2486, 4
list, 3858, 3752, 3
list, 3859, 8986, 4
list, 3860, 2150, 3
list, 3861, 6443, 3
list, 3862, 9835, 4
list, 3863, 6845, 3
list, 3864, 2150, 3
list, 3865, 8834, 3
list, 3866, 4854, 3
list, 3867, 419, 3
list, 3868, 9631, 3
list, 3869, 5909, 3
list, 3870, 9740, 4
list, 3871, 6561, 4
list, 3872, 4519, 3
list, 3873, 7641, 4
list, 3874, 4237, 4
list, 3875, 7145, 4
list, 3876, 3584, 4
list, 3877, 1757, 3
list, 3878, 613, 4
list, 3879, 8535, 3
list, 3880, 2043, 4
list, 3881, 7733, 3
list, 3882, 8923, 3
list, 3883, 4055, 4
list, 3884, 7712, 4
list, 3885, 9918, 4
list, 3886, 3090, 3
list, 3887, 612, 4
list, 3888, 6786, 4
list, 3889, 8359, 3
list, 3890, 6274, 3
list, 3891, 6142, 2
list, 3892, 9440, 3
list, 3893, 7106, 3
list, 3894, 3833, 4
list, 3895, 3747, 3
list, 3896, 8779, 3
list, 3897, 563, 3
list, 3898, 2881, 3
list, 3899, 368, 3
list, 3900, 102, 4
list, 3901, 2582, 3
list, 3902, 7518, 3
list, 3903, 368, 3
list, 3904, 4491, 3
list, 3905, 1416, 4
list, 3906, 5482, 3
list, 3907, 1321, 3
list, 3908, 8239, 3
list, 3909, 5790, 4
list, 3910, 2142, 4
list, 3911, 9295, 3
list, 3912, 2813, 3
list, 3913, 1655, 4
list, 3914, 4352, 4
list, 3915, 5815, 3
list, 3916, 4851, 4
list, 3917, 5014, 4
list, 3918, 8551, 3
list, 3919, 3079, 3
list, 3920, 661, 4
list, 3921, 9170, 3
list, 3922, 5461, 3
list, 3923, 6464, 3
list, 3924, 1063, 2
list, 3925, 3354, 3
list, 3926, 9102, 4
list, 3927, 2276, 3
list, 3928, 8409, 3
list, 3929, 2980, 3
list, 3930, 243, 3
list, 3931, 5611, 3
list, 3932, 5614, 4
list, 3933, 7517, 4
list, 3934, 5707, 4
list, 3935, 8463, 3
list, 3936, 6343, 4
list, 3937, 6412, 4
list, 3938, 45, 3
list, 3939, 6283, 4
list, 3940, 7434, 3
list, 3941, 6569, 4
list, 3942, 6796, 4
list, 3943, 1066, 3
list, 3944, 7831, 3
list, 3945, 4584, 3
list, 3946, 4887, 4
list, 3947, 3729, 3
list, 3948, 8622, 3
list, 3949, 7667, 3
list, 3950, 1299, 2
list, 3951, 5634, 3
list, 3952, 7667, 3
list, 3953, 4709, 3
list, 3954, 764, 3
list, 3955, 1078, 4
list, 3956, 854, 3
list, 3957, 770, 3
list, 3958, 1030, 3
list, 3959, 9322, 3
list, 3960, 7136, 3
list, 3961, 279, 4
list, 3962, 9386, 4
list, 3963, 5495, 3
list, 3964, 6168, 4
list, 3965, 8802, 4
list, 3966, 1929, 3
list, 3967, 9137, 3
list, 3968, 1420, 4
list, 3969, 9446, 3
list, 3970, 1343, 3
list, 3971, 3083, 3
list, 3972, 3795, 3
list, 3973, 9232, 3
list, 3974, 4521, 3
list, 3975, 3960, 4
list, 3976, 7723, 3
list, 3977, 1560, 4
list, 3978, 1418, 3
list, 3979, 96, 3
list, 3980, 770, 3
list, 3981, 7723, 3
list, 3982, 7595, 2
list, 3983, 5368, 4
list, 3984, 1925, 4
list, 3985, 9007, 3
list, 3986, 9847, 3
list, 3987, 2657, 3
list, 3988, 966, 3
list, 3989, 5521, 3
list, 3990, 7870, 3
list, 3991, 802, 4
list, 3992, 7518, 3
list, 3993, 9327, 3
list, 3994, 2782, 3
list, 3995, 382, 3
list, 3996, 5672, 3
list, 3997, 3212, 3
list, 3998, 1248, 3
list, 3999, 9147, 3
list, 4000, 8463, 3
list, 4001, 3308, 3
list, 4002, 2069, 2
list, 4003, 8409, 3
list, 4004, 5493, 4
list, 4005, 3600, 3
list, 4006, 7692, 4
list, 4007, 8122, 4
list, 4008, 4181, 4
list, 4009, 3164, 4
list, 4010, 6414, 4
list, 4011, 1514, 4
list, 4012, 1530, 4
list, 4013, 1106, 3
list, 4014, 5362, 4
list, 4015, 331, 2
list, 4016, 1274, 3
list, 4017, 3090, 3
list, 4018, 7133, 4
list, 4019, 3604, 4
list, 4020, 6019, 4
list, 4021, 9773, 4
list, 4022, 6052, 4
list, 4023, 9167, 3
list, 4024, 3800, 4
list, 4025, 4960, 4
list, 4026, 3747, 3
list, 4027, 7713, 3
list, 4028, 3584, 4
list, 4029, 41, 4
list, 4030, 7131, 3
list, 4031, 5396, 4
list, 4032, 6887, 3
list, 4033, 8328, 4
list, 4034, 8678, 3
list, 4035, 7014, 4
list, 4036, 9466, 3
list, 4037, 8923, 3
list, 4038, 5846, 4
list, 4039, 9252, 3
list, 4040, 4577, 4
list, 4041, 6616, 3
list, 4042, 2611, 3
list, 4043, 2958, 3
list, 4044, 1758, 4
list, 4045, 2591, 3
list, 4046, 8390, 2
list, 4047, 4167, 4
list, 4048, 2450, 3
list, 4049, 5000, 3
list, 4050, 9799, 4
list, 4051, 7831, 3
list, 4052, 6411, 4
list, 4053, 9284, 3
list, 4054, 8257, 3
list, 4055, 9661, 3
list, 4056, 5480, 4
list, 4057, 2238, 3
list, 4058, 7251, 4
list, 4059, 5000, 3
list, 4060, 1299, 2
list, 4061, 253, 3
list, 4062, 7623, 4
list, 4063, 4703, 3
list, 4064, 2150, 3
list, 4065, 6211, 3
list, 4066, 102, 4
list, 4067, 9910, 3
list, 4068, 5874, 3
list, 4069, 1147, 4
list, 4070, 7039, 4
list, 4071, 9863, 3
list, 4072, 9068, 3
list, 4073, 3701, 3
list, 4074, 9684, 3
list, 4075, 158, 3
list, 4076, 7623, 4
list, 4077, 1828, 3
list, 4078, 8622, 3
list, 4079, 3696, 4
list, 4080, 4154, 4
list, 4081, 4732, 3
list, 4082, 7962, 2
list, 4083, 2031, 2
list, 4084, 3924, 3
list, 4085, 4405, 3
list, 4086, 7043, 3
list, 4087, 3298, 4
list, 4088, 9901, 3
list, 4089, 2591, 3
list, 4090, 2261, 3
list, 4091, 9473, 4
list, 4092, 243, 3
list, 4093, 4563, 3
list, 4094, 8529, 3
list, 4095, 3864, 4
list, 4096, 5075, 3
list, 4097, 6734, 3
list, 4098, 6998, 3
list, 4099, 402, 4
list, 4100, 5693, 3
list, 4101, 7172, 4
list, 4102, 7816, 3
list, 4103, 1550, 3
list, 4104, 2791, 2
list, 4105, 8911, 3
list, 4106, 5434, 4
list, 4107, 7043, 3
list, 4108, 6597, 4
list, 4109, 5130, 3
list, 4110, 3302, 4
list, 4111, 352, 4
list, 4112, 3240, 3
list, 4113, 4149, 4
list, 4114, 7118, 3
list, 4115, 5627, 4
list, 4116, 7113, 3
list, 4117, 382, 3
list, 4118, 5396, 4
list, 4119, 9503, 4
list, 4120, 6742, 4
list, 4121, 3702, 4
list, 4122, 2445, 3
list, 4123, 5693, 3
list, 4124, 2043, 4
list, 4125, 9348, 4
list, 4126, 6357, 4
list, 4127, 1617, 3
list, 4128, 6187, 3
list, 4129, 1603, 3
list, 4130, 6817, 3
list, 4131, 7106, 3
list, 4132, 9847, 3
list, 4133, 7111, 3
list, 4134, 3308, 3
list, 4135, 7616, 2
list, 4136, 4305, 4
list, 4137, 7660, 3
list, 4138, 4709, 3
list, 4139, 7111, 3
list, 4140, 3985, 4
list, 4141, 5821, 4
list, 4142, 9446, 3
list, 4143, 696, 3
list, 4144, 4650, 4
list, 4145, 8291, 4
list, 4146, 9623, 3
list, 4147, 6616, 3
list, 4148, 7545, 4
list, 4149, 3701, 3
list, 4150, 1202, 3
list, 4151, 7478, 3
list, 4152, 7118, 3
list, 4153, 6980, 4
list, 4154, 4709, 3
list, 4155, 7379, 3
list, 4156, 9019, 4
list, 4157, 7088, 4
list, 4158, 1925, 4
list, 4159, 9981, 3
list, 4160, 6211, 3
list, 4161, 7596, 4
list, 4162, 696, 3
list, 4163, 9232, 3
list, 4164, 243, 3
list, 4165, 8919, 3
list, 4166, 6370, 3
list, 4167, 2150, 3
list, 4168, 6718, 4
list, 4169, 5396, 4
list, 4170, 8551, 3
list, 4171, 169, 3
list, 4172, 8919, 3
list, 4173, 2016, 4
list, 4174, 1869, 3
list, 4175, 4587, 3
list, 4176, 2261, 3
list, 4177, 8839, 4
list, 4178, 4060, 3
list, 4179, 147, 4
list, 4180, 4015, 3
list, 4181, 563, 3
list, 4182, 7141, 4
list, 4183, 4709, 3
list, 4184, 277, 3
list, 4185, 8378, 4
list, 4186, 7962, 2
list, 4187, 8802, 4
list, 4188, 8547, 4
list, 4189, 4496, 4
list, 4190, 4207, 3
list, 4191, 7379, 3
list, 4192, 1819, 4
list, 4193, 9901, 3
list, 4194, 9240, 4
list, 4195, 9957, 3
list, 4196, 6734, 3
list, 4197, 6136, 3
list, 4198, 4887, 4
list, 4199, 6123, 3
list, 4200, 1929, 3
list, 4201, 3636, 3
list, 4202, 9631, 3
list, 4203, 6443, 3
list, 4204, 3263, 4
list, 4205, 2031, 2
list, 4206, 5775, 4
list, 4207, 2031, 2
list, 4208, 4350, 4
list, 4209, 6464, 3
list, 4210, 2325, 3
list, 4211, 754, 4
list, 4212, 2276, 3
list, 4213, 6413, 4
list, 4214, 8670, 3
list, 4215, 7016, 4
list, 4216, 433, 3
list, 4217, 8703, 3
list, 4218, 8430, 4
list, 4219, 4879, 4
list, 4220, 6142, 2
list, 4221, 8891, 3
list, 4222, 7641, 4
list, 4223, 9717, 4
list, 4224, 8285, 4
list, 4225, 7767, 4
list, 4226, 911, 4
list, 4227, 8359, 3
list, 4228, 9252, 3
list, 4229, 3686, 4
list, 4230, 7887, 4
list, 4231, 7747, 4
list, 4232, 8376, 4
list, 4233, 2567, 4
list, 4234, 2926, 4
list, 4235, 7891, 3
list, 4236, 3489, 3
list, 4237, 7111, 3
list, 4238, 7464, 3
list, 4239, 2512, 4
list, 4240, 3308, 3
list, 4241, 3363, 3
list, 4242, 4133, 4
list, 4243, 5590, 4
list, 4244, 7131, 3
list, 4245, 8703, 3
list, 4246, 4186, 3
list, 4247, 1919, 4
list, 4248, 500, 3
list, 4249, 3980, 4
list, 4250, 3982, 3
list, 4251, 2450, 3
list, 4252, 3363, 3
list, 4253, 9863, 3
list, 4254, 939, 4
list, 4255, 5942, 3
list, 4256, 3434, 3
list, 4257, 3090, 3
list, 4258, 5971, 3
list, 4259, 198, 4
list, 4260, 7185, 3
list, 4261, 7908, 3
list, 4262, 5604, 3
list, 4263, 5681, 3
list, 4264, 534, 4
list, 4265, 781, 4
list, 4266, 7875, 3
list, 4267, 9910, 3
list, 4268, 4851, 4
list, 4269, 5436, 4
list, 4270, 6443, 3
list, 4271, 1210, 4
list, 4272, 1202, 3
list, 4273, 8171, 4
list, 4274, 2467, 3
list, 4275, 5429, 4
list, 4276, 286, 3
list, 4277, 1468, 3
list, 4278, 6355, 4
list, 4279, 4135, 3
list, 4280, 6566, 3
list, 4281, 819, 4
list, 4282, 6283, 4
list, 4283, 9657, 4
list, 4284, 8281, 4
list, 4285, 2564, 3
list, 4286, 4703, 3
list, 4287, 6210, 3
list, 4288, 2969, 3
list, 4289, 5289, 4
list, 4290, 6133, 4
list, 4291, 4386, 3
list, 4292, 5929, 4
list, 4293, 2238, 3
list, 4294, 5349, 4
list, 4295, 9684, 3
list, 4296, 5707, 4
list, 4297, 2649, 4
list, 4298, 2705, 3
list, 4299, 1028, 4
list, 4300, 9631, 3
list, 4301, 7875, 3
list, 4302, 7546, 4
list, 4303, 9309, 3
list, 4304, 825, 3
list, 4305, 1828, 3
list, 4306, 8406, 3
list, 4307, 4350, 4
list, 4308, 5639, 4
list, 4309, 5130, 3
list, 4310, 1418, 3
list, 4311, 7713, 3
list, 4312, 7667, 3
list, 4313, 8840, 4
list, 4314, 158, 3
list, 4315, 696, 3
list, 4316, 2056, 4
list, 4317, 1248, 3
list, 4318, 3298, 4
list, 4319, 8802, 4
list, 4320, 2674, 4
list, 4321, 3957, 4
list, 4322, 2170, 4
list, 4323, 5875, 4
list, 4324, 6449, 3
list, 4325, 2637, 3
list, 4326, 7616, 2
list, 4327, 1274, 3
list, 4328, 1135, 4
list, 4329, 1106, 3
list, 4330, 8285, 4
list, 4331, 1585, 4
list, 4332, 2481, 4
list, 4333, 9544, 3
list, 4334, 812, 3
list, 4335, 5319, 3
list, 4336, 6277, 4
list, 4337, 8750, 4
list, 4338, 1696, 3
list, 4339, 8151, 4
list, 4340, 9315, 3
list, 4341, 9380, 4
list, 4342, 953, 4
list, 4343, 3340, 3
list, 4344, 2657, 3
list, 4345, 331, 2
list, 4346, 1707, 3
list, 4347, 4709, 3
list, 4348, 9543, 3
list, 4349, 8166, 3
list, 4350, 3701, 3
list, 4351, 781, 4
list, 4352, 2839, 3
list, 4353, 3070, 4
list, 4354, 3950, 3
list, 4355, 8435, 4
list, 4356, 8578, 3
list, 4357, 7982, 3
list, 4358, 44, 3
list, 4359, 5075, 3
list, 4360, 9724, 3
list, 4361, 852, 4
list, 4362, 8622, 3
list, 4363, 6274, 3
list, 4364, 9685, 3
list, 4365, 2637, 3
list, 4366, 228, 3
list, 4367, 2678, 3
list, 4368, 2979, 4
list, 4369, 1398, 3
list, 4370, 1402, 3
list, 4371, 7667, 3
list, 4372, 6434, 3
list, 4373, 1325, 3
list, 4374, 825, 3
list, 4375, 9023, 3
list, 4376, 4096, 4
list, 4377, 9380, 4
list, 4378, 2296, 4
list, 4379, 3737, 4
list, 4380, 1007, 4
list, 4381, 827, 3
list, 4382, 9542, 4
list, 4383, 96, 3
list, 4384, 1703, 4
list, 4385, 9910, 3
list, 4386, 8981, 2
list, 4387, 8197, 4
list, 4388, 6054, 4
list, 4389, 7031, 4
list, 4390, 3020, 4
list, 4391, 7438, 3
list, 4392, 4083, 3
list, 4393, 9901, 3
list, 4394, 7875, 3
list, 4395, 963, 4
list, 4396, 4135, 3
list, 4397, 824, 4
list, 4398, 6003, 3
list, 4399, 7335, 3
list, 4400, 5929, 4
list, 4401, 899, 4
list, 4402, 2043, 4
list, 4403, 1976, 3
list, 4404, 9370, 4
list, 4405, 1908, 2
list, 4406, 9187, 4
list, 4407, 8333, 4
list, 4408, 5611, 3
list, 4409, 4950, 4
list, 4410, 1851, 3
list, 4411, 1673, 4
list, 4412, 3354, 3
list, 4413, 1851, 3
list, 4414, 1777, 3
list, 4415, 4817, 4
list, 4416, 285, 3
list, 4417, 6647, 3
list, 4418, 1321, 3
list, 4419, 644, 3
list, 4420, 6654, 3
list, 4421, 9944, 3
list, 4422, 9039, 4
list, 4423, 6211, 3
list, 4424, 8160, 4
list, 4425, 2452, 3
list, 4426, 9321, 3
list, 4427, 6413, 4
list, 4428, 2813, 3
list, 4429, 8753, 3
list, 4430, 5368, 4
list, 4431, 3020, 4
list, 4432, 9654, 3
list, 4433, 3800, 4
list, 4434, 2886, 4
list, 4435, 2958, 3
list, 4436, 8516, 3
list, 4437, 7965, 4
list, 4438, 9927, 4
list, 4439, 3020, 4
list, 4440, 2657, 3
list, 4441, 7010, 3
list, 4442, 7438, 3
list, 4443, 9440, 3
list, 4444, 8209, 4
list, 4445, 5987, 3
list, 4446, 9167, 3
list, 4447, 8961, 3
list, 4448, 1343, 3
list, 4449, 7840, 3
list, 4450, 8641, 4
list, 4451, 5083, 3
list, 4452, 6539, 3
list, 4453, 738, 4
list, 4454, 8452, 4
list, 4455, 7578, 3
list, 4456, 2975, 4
list, 4457, 3291, 4
list, 4458, 7816, 3
list, 4459, 6464, 3
list, 4460, 5327, 3
list, 4461, 5269, 4
list, 4462, 7785, 4
list, 4463, 371, 4
list, 4464, 44, 3
list, 4465, 1248, 3
list, 4466, 5971, 3
list, 4467, 2758, 3
list, 4468, 6948, 3
list, 4469, 6490, 4
list, 4470, 5363, 4
list, 4471, 2001, 3
list, 4472, 1402, 3
list, 4473, 3455, 4
list, 4474, 5410, 3
list, 4475, 6157, 3
list, 4476, 7106, 3
list, 4477, 863, 4
list, 4478, 9147, 3
list, 4479, 2958, 3
list, 4480, 3234, 4
list, 4481, 4487, 3
list, 4482, 45, 3
list, 4483, 527, 3
list, 4484, 8167, 3
list, 4485, 6991, 4
list, 4486, 1463, 4
list, 4487, 2069, 2
list, 4488, 7887, 4
list, 4489, 329, 3
list, 4490, 4359, 4
list, 4491, 8981, 2
list, 4492, 7891, 3
list, 4493, 5638, 4
list, 4494, 5482, 3
list, 4495, 2530, 4
list, 4496, 9847, 3
list, 4497, 9759, 3
list, 4498, 9527, 4
list, 4499, 9930, 3
list, 4500, 1, 1
list, 4501, 4345, 3
list, 4502, 7106, 3
list, 4503, 854, 3
list, 4504, 7616, 2
list, 4505, 1398, 3
list, 4506, 7027, 3
list, 4507, 3256, 4
list, 4508, 2261, 3
list, 4509, 9768, 4
list, 4510, 5908, 4
list, 4511, 534, 4
list, 4512, 3070, 4
list, 4513, 3079, 3
list, 4514, 9137, 3
list, 4515, 4500, 2
list, 4516, 7196, 3
list, 4517, 8736, 4
list, 4518, 2637, 3
list, 4519, 6142, 2
list, 4520, 9283, 3
list, 4521, 331, 2
list, 4522, 5379, 4
list, 4523, 4073, 4
list, 4524, 4405, 3
list, 4525, 8307, 3
list, 4526, 8703, 3
list, 4527, 7438, 3
list, 4528, 4060, 3
list, 4529, 4584, 3
list, 4530, 7473, 4
list, 4531, 7136, 3
list, 4532, 5954, 4
list, 4533, 9623, 3
list, 4534, 4325, 4
list, 4535, 1563, 4
list, 4536, 893, 3
list, 4537, 7499, 3
list, 4538, 1845, 4
list, 4539, 7908, 3
list, 4540, 2782, 3
list, 4541, 7616, 2
list, 4542, 41, 4
list, 4543, 6370, 3
list, 4544, 3168, 4
list, 4545, 45, 3
list, 4546, 12, 4
list, 4547, 5942, 3
list, 4548, 7379, 3
list, 4549, 4186, 3
list, 4550, 1210, 4
list, 4551, 4541, 3
list, 4552, 5825, 4
list, 4553, 382, 3
list, 4554, 4941, 4
list, 4555, 3747, 3
list, 4556, 1716, 3
list, 4557, 7095, 3
list, 4558, 2450, 3
list, 4559, 770, 3
list, 4560, 7131, 3
list, 4561, 5192, 4
list, 4562, 8798, 4
list, 4563, 4500, 2
list, 4564, 1731, 3
list, 4565, 6738, 3
list, 4566, 7183, 3
list, 4567, 6201, 4
list, 4568, 8298, 3
list, 4569, 7499, 3
list, 4570, 7111, 3
list, 4571, 9494, 3
list, 4572, 9322, 3
list, 4573, 7379, 3
list, 4574, 2458, 3
list, 4575, 5681, 3
list, 4576, 8385, 4
list, 4577, 3248, 3
list, 4578, 8840, 4
list, 4579, 9957, 3
list, 4580, 9240, 4
list, 4581, 6434, 3
list, 4582, 3531, 4
list, 4583, 3693, 3
list, 4584, 8183, 2
list, 4585, 8298, 3
list, 4586, 5224, 3
list, 4587, 1908, 2
list, 4588, 3891, 3
list, 4589, 4587, 3
list, 4590, 9309, 3
list, 4591, 3613, 3
list, 4592, 4352, 4
list, 4593, 8228, 3
list, 4594, 5942, 3
list, 4595, 7840, 3
list, 4596, 6817, 3
list, 4597, 7379, 3
list, 4598, 5672, 3
list, 4599, 3969, 4
list, 4600, 8409, 3
list, 4601, 6411, 4
list, 4602, 4594, 4
list, 4603, 4220, 3
list, 4604, 963, 4
list, 4605, 5083, 3
list, 4606, 2748, 4
list, 4607, 7616, 2
list, 4608, 6159, 3
list, 4609, 9351, 4
list, 4610, 6561, 4
list, 4611, 3802, 4
list, 4612, 2808, 4
list, 4613, 6616, 3
list, 4614, 1299, 2
list, 4615, 3823, 4
list, 4616, 2611, 3
list, 4617, 5319, 3
list, 4618, 243, 3
list, 4619, 6274, 3
list, 4620, 1179, 3
list, 4621, 5611, 3
list, 4622, 400, 4
list, 4623, 1210, 4
list, 4624, 7958, 4
list, 4625, 6432, 3
list, 4626, 5994, 4
list, 4627, 2685, 4
list, 4628, 478, 4
list, 4629, 8382, 3
list, 4630, 2981, 4
list, 4631, 3982, 3
list, 4632, 1982, 4
list, 4633, 8516, 3
list, 4634, 4428, 4
list, 4635, 5039, 4
list, 4636, 6141, 3
list, 4637, 2445, 3
list, 4638, 2043, 4
list, 4639, 9684, 3
list, 4640, 3536, 4
list, 4641, 8698, 4
list, 4642, 4352, 4
list, 4643, 2494, 3
list, 4644, 7023, 3
list, 4645, 2394, 4
list, 4646, 819, 4
list, 4647, 5151, 3
list, 4648, 8460, 4
list, 4649, 4521, 3
list, 4650, 2522, 3
list, 4651, 5812, 4
list, 4652, 7908, 3
list, 4653, 1166, 4
list, 4654, 7077, 3
list, 4655, 504, 4
list, 4656, 9503, 4
list, 4657, 5521, 3
list, 4658, 433, 3
list, 4659, 4152, 4
list, 4660, 3982, 3
list, 4661, 8961, 3
list, 4662, 7677, 3
list, 4663, 7015, 4
list, 4664, 9759, 3
list, 4665, 1368, 4
list, 4666, 329, 3
list, 4667, 7386, 4
list, 4668, 44, 3
list, 4669, 5087, 4
list, 4670, 7043, 3
list, 4671, 4082, 3
list, 4672, 5057, 4
list, 4673, 4951, 4
list, 4674, 8126, 4
list, 4675, 4703, 3
list, 4676, 8167, 3
list, 4677, 6998, 3
list, 4678, 4002, 3
list, 4679, 7982, 3
list, 4680, 2494, 3
list, 4681, 9544, 3
list, 4682, 6831, 4
list, 4683, 3531, 4
list, 4684, 1321, 3
list, 4685, 4504, 3
list, 4686, 2450, 3
list, 4687, 3950, 3
list, 4688, 6435, 3
list, 4689, 8923, 3
list, 4690, 3126, 4
list, 4691, 7113, 3
list, 4692, 8216, 2
list, 4693, 2705, 3
list, 4694, 1200, 4
list, 4695, 5265, 3
list, 4696, 4405, 3
list, 4697, 4077, 4
list, 4698, 3097, 4
list, 4699, 9252, 3
list, 4700, 8463, 3
list, 4701, 4614, 3
list, 4702, 228, 3
list, 4703, 1299, 2
list, 4704, 1085, 3
list, 4705, 3703, 4
list, 4706, 738, 4
list, 4707, 7708, 3
list, 4708, 41, 4
list, 4709, 331, 2
list, 4710, 4584, 3
list, 4711, 5304, 4
list, 4712, 7677, 3
list, 4713, 5126, 3
list, 4714, 1106, 3
list, 4715, 5937, 3
list, 4716, 9494, 3
list, 4717, 9587, 3
list, 4718, 7149, 3
list, 4719, 2645, 4
list, 4720, 3166, 4
list, 4721, 4891, 3
list, 4722, 1402, 3
list, 4723, 6164, 4
list, 4724, 4587, 3
list, 4725, 5379, 4
list, 4726, 8532, 3
list, 4727, 1295, 4
list, 4728, 8891, 3
list, 4729, 684, 4
list, 4730, 6136, 3
list, 4731, 2637, 3
list, 4732, 7962, 2
list, 4733, 158, 3
list, 4734, 9309, 3
list, 4735, 827, 3
list, 4736, 9007, 3
list, 4737, 5130, 3
list, 4738, 382, 3
list, 4739, 1122, 4
list, 4740, 6644, 2
list, 4741, 1284, 3
list, 4742, 1690, 4
list, 4743, 9572, 4
list, 4744, 1274, 3
list, 4745, 4718, 4
list, 4746, 1085, 3
list, 4747, 194, 4
list, 4748, 821, 4
list, 4749, 966, 3
list, 4750, 2969, 3
list, 4751, 4753, 4
list, 4752, 1707, 3
list, 4753, 8919, 3
list, 4754, 5707, 4
list, 4755, 6515, 4
list, 4756, 3395, 4
list, 4757, 899, 4
list, 4758, 6887, 3
list, 4759, 3126, 4
list, 4760, 3489, 3
list, 4761, 1468, 3
list, 4762, 6432, 3
list, 4763, 9466, 3
list, 4764, 8703, 3
list, 4765, 2276, 3
list, 4766, 7192, 3
list, 4767, 2261, 3
list, 4768, 6996, 3
list, 4769, 3083, 3
list, 4770, 8183, 2
list, 4771, 5821, 4
list, 4772, 9910, 3
list, 4773, 7588, 4
list, 4774, 368, 3
list, 4775, 3434, 3
list, 4776, 1548, 3
list, 4777, 7713, 3
list, 4778, 1655, 4
list, 4779, 3020, 4
list, 4780, 8382, 3
list, 4781, 4853, 4
list, 4782, 9119, 4
list, 4783, 4504, 3
list, 4784, 9466, 3
list, 4785, 1141, 4
list, 4786, 3752, 3
list, 4787, 3006, 4
list, 4788, 2450, 3
list, 4789, 9379, 4
list, 4790, 2222, 4
list, 4791, 5987, 3
list, 4792, 2467, 3
list, 4793, 8952, 4
list, 4794, 6136, 3
list, 4795, 3363, 3
list, 4796, 1828, 3
list, 4797, 9721, 3
list, 4798, 9380, 4
list, 4799, 9901, 3
list, 4800, 7904, 4
list, 4801, 4703, 3
list, 4802, 6141, 3
list, 4803, 6427, 4
list, 4804, 9406, 4
list, 4805, 5121, 3
list, 4806, 7596, 4
list, 4807, 2864, 4
list, 4808, 696, 3
list, 4809, 8361, 4
list, 4810, 8257, 3
list, 4811, 1030, 3
list, 4812, 8166, 3
list, 4813, 4500, 2
list, 4814, 1066, 3
list, 4815, 69, 4
list, 4816, 4060, 3
list, 4817, 1828, 3
list, 4818, 4854, 3
list, 4819, 827, 3
list, 4820, 1069, 3
list, 4821, 9901, 3
list, 4822, 6742, 4
list, 4823, 6975, 4
list, 4824, 7712, 4
list, 4825, 1550, 3
list, 4826, 6660, 4
list, 4827, 2143, 4
list, 4828, 8390, 2
list, 4829, 5363, 4
list, 4830, 696, 3
list, 4831, 3866, 4
list, 4832, 4207, 3
list, 4833, 260, 4
list, 4834, 2180, 4
list, 4835, 4541, 3
list, 4836, 1887, 4
list, 4837, 9684, 3
list, 4838, 1514, 4
list, 4839, 7368, 4
list, 4840, 6756, 4
list, 4841, 92, 4
list, 4842, 2954, 4
list, 4843, 1420, 4
list, 4844, 9847, 3
list, 4845, 6738, 3
list, 4846, 9466, 3
list, 4847, 4150, 4
list, 4848, 4750, 4
list, 4849, 3693, 3
list, 4850, 9151, 4
list, 4851, 770, 3
list, 4852, 5634, 3
list, 4853, 3212, 3
list, 4854, 331, 2
list, 4855, 1468, 3
list, 4856, 312, 4
list, 4857, 7464, 3
list, 4858, 7565, 4
list, 4859, 9082, 3
list, 4860, 158, 3
list, 4861, 1919, 4
list, 4862, 1470, 4
list, 4863, 8535, 3
list, 4864, 2987, 4
list, 4865, 6597, 4
list, 4866, 9120, 4
list, 4867, 7464, 3
list, 4868, 6434, 3
list, 4869, 9497, 4
list, 4870, 6679, 3
list, 4871, 1343, 3
list, 4872, 4060, 3
list, 4873, 4220, 3
list, 4874, 4891, 3
list, 4875, 1402, 3
list, 4876, 9252, 3
list, 4877, 4584, 3
list, 4878, 9587, 3
list, 4879, 9007, 3
list, 4880, 770, 3
list, 4881, 2150, 3
list, 4882, 1079, 3
list, 4883, 2748, 4
list, 4884, 5319, 3
list, 4885, 3924, 3
list, 4886, 4207, 3
list, 4887, 5942, 3
list, 4888, 3097, 4
list, 4889, 6820, 4
list, 4890, 7840, 3
list, 4891, 1063, 2
list, 4892, 494, 4
list, 4893, 8378, 4
list, 4894, 6887, 3
list, 4895, 9283, 3
list, 4896, 6283, 4
list, 4897, 5495, 3
list, 4898, 7517, 4
list, 4899, 6715, 4
list, 4900, 1982, 4
list, 4901, 9654, 3
list, 4902, 7733, 3
list, 4903, 4261, 4
list, 4904, 8891, 3
list, 4905, 7875, 3
list, 4906, 4491, 3
list, 4907, 852, 4
list, 4908, 6861, 3
list, 4909, 5495, 3
list, 4910, 2331, 4
list, 4911, 6654, 3
list, 4912, 3827, 4
list, 4913, 1069, 3
list, 4914, 7185, 3
list, 4915, 2224, 3
list, 4916, 2791, 2
list, 4917, 893, 3
list, 4918, 9327, 3
list, 4919, 500, 3
list, 4920, 5611, 3
list, 4921, 3055, 3
list, 4922, 7192, 3
list, 4923, 7136, 3
list, 4924, 1200, 4
list, 4925, 8516, 3
list, 4926, 9446, 3
list, 4927, 92, 4
list, 4928, 9345, 4
list, 4929, 7723, 3
list, 4930, 245, 4
list, 4931, 8905, 4
list, 4932, 1591, 4
list, 4933, 8911, 3
list, 4934, 5948, 4
list, 4935, 1482, 3
list, 4936, 3395, 4
list, 4937, 9147, 3
list, 4938, 2224, 3
list, 4939, 5631, 3
list, 4940, 9202, 4
list, 4941, 5224, 3
list, 4942, 2703, 3
list, 4943, 3360, 3
list, 4944, 2443, 3
list, 4945, 9847, 3
list, 4946, 2755, 4
list, 4947, 3511, 4
list, 4948, 3402, 4
list, 4949, 4015, 3
list, 4950, 5942, 3
list, 4951, 3248, 3
list, 4952, 6845, 3
list, 4953, 3912, 4
list, 4954, 4881, 4
list, 4955, 1482, 3
list, 4956, 9658, 3
list, 4957, 3212, 3
list, 4958, 3600, 3
list, 4959, 8359, 3
list, 4960, 5874, 3
list, 4961, 6647, 3
list, 4962, 3531, 4
list, 4963, 5399, 4
list, 4964, 2611, 3
list, 4965, 9082, 3
list, 4966, 3822, 3
list, 4967, 3803, 4
list, 4968, 3824, 4
list, 4969, 2637, 3
list, 4970, 5907, 4
list, 4971, 433, 3
list, 4972, 195, 4
list, 4973, 7434, 3
list, 4974, 2645, 4
list, 4975, 3489, 3
list, 4976, 8919, 3
list, 4977, 7095, 3
list, 4978, 5014, 4
list, 4979, 3255, 4
list, 4980, 6505, 4
list, 4981, 5340, 4
list, 4982, 7192, 3
list, 4983, 4521, 3
list, 4984, 9721, 3
list, 4985, 2234, 4
list, 4986, 3827, 4
list, 4987, 3795, 3
list, 4988, 285, 3
list, 4989, 9167, 3
list, 4990, 2101, 4
list, 4991, 3090, 3
list, 4992, 812, 3
list, 4993, 6907, 4
list, 4994, 4046, 3
list, 4995, 3188, 3
list, 4996, 7023, 3
list, 4997, 6210, 3
list, 4998, 9478, 4
list, 4999, 3126, 4
list, 5000, 8183, 2
list, 5001, 2959, 4
list, 5002, 1468, 3
list, 5003, 8678, 3
list, 5004, 4386, 3
list, 5005, 69, 4
list, 5006, 5126, 3
list, 5007, 3982, 3
list, 5008, 9684, 3
list, 5009, 6998, 3
list, 5010, 9623, 3
list, 5011, 2791, 2
list, 5012, 2492, 4
list, 5013, 893, 3
list, 5014, 286, 3
list, 5015, 9816, 4
list, 5016, 4853, 4
list, 5017, 607, 4
list, 5018, 7113, 3
list, 5019, 6449, 3
list, 5020, 7059, 4
list, 5021, 6414, 4
list, 5022, 3263, 4
list, 5023, 7887, 4
list, 5024, 1284, 3
list, 5025, 7232, 4
list, 5026, 2001, 3
list, 5027, 9658, 3
list, 5028, 218, 3
list, 5029, 3354, 3
list, 5030, 1069, 3
list, 5031, 5541, 3
list, 5032, 4317, 4
list, 5033, 2261, 3
list, 5034, 4465, 4
list, 5035, 4916, 3
list, 5036, 2035, 4
list, 5037, 5874, 3
list, 5038, 1641, 4
list, 5039, 1419, 3
list, 5040, 9283, 3
list, 5041, 2450, 3
list, 5042, 6157, 3
list, 5043, 8679, 3
list, 5044, 1585, 4
list, 5045, 1172, 4
list, 5046, 4909, 4
list, 5047, 3486, 3
list, 5048, 7517, 4
list, 5049, 6928, 3
list, 5050, 1284, 3
list, 5051, 4501, 4
list, 5052, 4563, 3
list, 5053, 6647, 3
list, 5054, 8685, 4
list, 5055, 9664, 4
list, 5056, 2732, 4
list, 5057, 4015, 3
list, 5058, 158, 3
list, 5059, 4973, 4
list, 5060, 7816, 3
list, 5061, 4060, 3
list, 5062, 504, 4
list, 5063, 7010, 3
list, 5064, 4587, 3
list, 5065, 3572, 4
list, 5066, 2439, 4
list, 5067, 8322, 4
list, 5068, 7719, 4
list, 5069, 9147, 3
list, 5070, 1100, 4
list, 5071, 4068, 4
list, 5072, 610, 4
list, 5073, 2056, 4
list, 5074, 5613, 4
list, 5075, 148, 2
list, 5076, 5265, 3
list, 5077, 9016, 4
list, 5078, 5431, 4
list, 5079, 7375, 4
list, 5080, 5357, 4
list, 5081, 7220, 4
list, 5082, 8961, 3
list, 5083, 6142, 2
list, 5084, 5856, 3
list, 5085, 7196, 3
list, 5086, 3957, 4
list, 5087, 3248, 3
list, 5088, 8551, 3
list, 5089, 9654, 3
list, 5090, 9503, 4
list, 5091, 9539, 4
list, 5092, 3800, 4
list, 5093, 4077, 4
list, 5094, 6654, 3
list, 5095, 5122, 3
list, 5096, 3802, 4
list, 5097, 3628, 4
list, 5098, 7522, 4
list, 5099, 4891, 3
list, 5100, 7295, 4
list, 5101, 7315, 4
list, 5102, 7387, 4
list, 5103, 5319, 3
list, 5104, 7016, 4
list, 5105, 8457, 4
list, 5106, 1284, 3
list, 5107, 7561, 3
list, 5108, 9668, 4
list, 5109, 3083, 3
list, 5110, 7196, 3
list, 5111, 5815, 3
list, 5112, 1374, 4
list, 5113, 9175, 3
list, 5114, 9321, 3
list, 5115, 4750, 4
list, 5116, 4117, 4
list, 5117, 96, 3
list, 5118, 8678, 3
list, 5119, 4200, 4
list, 5120, 9658, 3
list, 5121, 2791, 2
list, 5122, 1908, 2
list, 5123, 9684, 3
list, 5124, 5169, 3
list, 5125, 3126, 4
list, 5126, 6644, 2
list, 5127, 900, 4
list, 5128, 4891, 3
list, 5129, 825, 3
list, 5130, 2069, 2
list, 5131, 1617, 3
list, 5132, 6312, 4
list, 5133, 1696, 3
list, 5134, 4487, 3
list, 5135, 2813, 3
list, 5136, 2001, 3
list, 5137, 2703, 3
list, 5138, 6742, 4
list, 5139, 2564, 3
list, 5140, 23, 4
list, 5141, 7077, 3
list, 5142, 3255, 4
list, 5143, 7982, 3
list, 5144, 7345, 4
list, 5145, 9930, 3
list, 5146, 2450, 3
list, 5147, 3255, 4
list, 5148, 764, 3
list, 5149, 2782, 3
list, 5150, 8385, 4
list, 5151, 1908, 2
list, 5152, 4817, 4
list, 5153, 7473, 4
list, 5154, 6008, 4
list, 5155, 953, 4
list, 5156, 7884, 4
list, 5157, 3950, 3
list, 5158, 7043, 3
list, 5159, 4104, 3
list, 5160, 8703, 3
list, 5161, 5339, 4
list, 5162, 2530, 4
list, 5163, 7816, 3
list, 5164, 8736, 4
list, 5165, 6274, 3
list, 5166, 9529, 4
list, 5167, 7752, 4
list, 5168, 5874, 3
list, 5169, 8981, 2
list, 5170, 3827, 4
list, 5171, 195, 4
list, 5172, 3600, 3
list, 5173, 4880, 4
list, 5174, 8378, 4
list, 5175, 1617, 3
list, 5176, 8834, 3
list, 5177, 5319, 3
list, 5178, 3460, 3
list, 5179, 6600, 4
list, 5180, 9393, 4
list, 5181, 8216, 2
list, 5182, 9386, 4
list, 5183, 7368, 4
list, 5184, 1591, 4
list, 5185, 3299, 3
list, 5186, 4950, 4
list, 5187, 2678, 3
list, 5188, 2146, 4
list, 5189, 4563, 3
list, 5190, 8966, 4
list, 5191, 9002, 3
list, 5192, 4345, 3
list, 5193, 8976, 4
list, 5194, 7387, 4
list, 5195, 6193, 4
list, 5196, 278, 4
list, 5197, 3696, 4
list, 5198, 3489, 3
list, 5199, 8779, 3
list, 5200, 2815, 4
list, 5201, 7192, 3
list, 5202, 9283, 3
list, 5203, 6690, 4
list, 5204, 3721, 4
list, 5205, 827, 3
list, 5206, 1163, 4
list, 5207, 6918, 4
list, 5208, 764, 3
list, 5209, 6587, 4
list, 5210, 9512, 4
list, 5211, 3248, 3
list, 5212, 6928, 3
list, 5213, 4854, 3
list, 5214, 4796, 4
list, 5215, 1805, 4
list, 5216, 8160, 4
list, 5217, 8406, 3
list, 5218, 7908, 3
list, 5219, 7517, 4
list, 5220, 7183, 3
list, 5221, 1030, 3
list, 5222, 6539, 3
list, 5223, 9147, 3
list, 5224, 148, 2
list, 5225, 6566, 3
list, 5226, 7596, 4
list, 5227, 5461, 3
list, 5228, 8535, 3
list, 5229, 9622, 4
list, 5230, 3779, 3
list, 5231, 3746, 4
list, 5232, 7185, 3
list, 5233, 4114, 4
list, 5234, 1202, 3
list, 5235, 7420, 4
list, 5236, 1851, 3
list, 5237, 500, 3
list, 5238, 232, 3
list, 5239, 3581, 4
list, 5240, 7816, 3
list, 5241, 2758, 3
list, 5242, 5493, 4
list, 5243, 1481, 4
list, 5244, 4465, 4
list, 5245, 893, 3
list, 5246, 4521, 3
list, 5247, 9240, 4
list, 5248, 9494, 3
list, 5249, 1368, 4
list, 5250, 1482, 3
list, 5251, 8533, 4
list, 5252, 1135, 4
list, 5253, 6187, 3
list, 5254, 3980, 4
list, 5255, 1321, 3
list, 5256, 1976, 3
list, 5257, 2637, 3
list, 5258, 3369, 3
list, 5259, 8670, 3
list, 5260, 563, 3
list, 5261, 2296, 4
list, 5262, 2782, 3
list, 5263, 4880, 4
list, 5264, 6539, 3
list, 5265, 7595, 2
list, 5266, 127, 4
list, 5267, 8389, 4
list, 5268, 2512, 4
list, 5269, 6738, 3
list, 5270, 4916, 3
list, 5271, 6168, 4
list, 5272, 6443, 3
list, 5273, 5874, 3
list, 5274, 9232, 3
list, 5275, 661, 4
list, 5276, 9773, 4
list, 5277, 3055, 3
list, 5278, 3224, 3
list, 5279, 4046, 3
list, 5280, 5211, 4
list, 5281, 8359, 3
list, 5282, 2994, 4
list, 5283, 1179, 3
list, 5284, 1585, 4
list, 5285, 4916, 3
list, 5286, 8426, 4
list, 5287, 2253, 4
list, 5288, 8239, 3
list, 5289, 770, 3
list, 5290, 7578, 3
list, 5291, 7183, 3
list, 5292, 6210, 3
list, 5293, 4114, 4
list, 5294, 6718, 4
list, 5295, 6998, 3
list, 5296, 1137, 4
list, 5297, 2981, 4
list, 5298, 1604, 3
list, 5299, 6464, 3
list, 5300, 5362, 4
list, 5301, 2981, 4
list, 5302, 5672, 3
list, 5303, 1420, 4
list, 5304, 7434, 3
list, 5305, 8891, 3
list, 5306, 3299, 3
list, 5307, 9740, 4
list, 5308, 5909, 3
list, 5309, 9284, 3
list, 5310, 5461, 3
list, 5311, 3090, 3
list, 5312, 1135, 4
list, 5313, 7733, 3
list, 5314, 9175, 3
list, 5315, 41, 4
list, 5316, 7831, 3
list, 5317, 5541, 3
list, 5318, 6412, 4
list, 5319, 2031, 2
list, 5320, 715, 3
list, 5321, 500, 3
list, 5322, 5611, 3
list, 5323, 695, 4
list, 5324, 8802, 4
list, 5325, 4541, 3
list, 5326, 9082, 3
list, 5327, 8390, 2
list, 5328, 4709, 3
list, 5329, 2224, 3
list, 5330, 7149, 3
list, 5331, 7677, 3
list, 5332, 3701, 3
list, 5333, 6443, 3
list, 5334, 3254, 4
list, 5335, 4288, 4
list, 5336, 6157, 3
list, 5337, 9466, 3
list, 5338, 5779, 4
list, 5339, 45, 3
list, 5340, 4891, 3
list, 5341, 654, 4
list, 5342, 3843, 3
list, 5343, 7783, 4
list, 5344, 8489, 4
list, 5345, 1943, 4
list, 5346, 5350, 4
list, 5347, 9862, 4
list, 5348, 5779, 4
list, 5349, 9661, 3
list, 5350, 8440, 3
list, 5351, 812, 3
list, 5352, 5707, 4
list, 5353, 4165, 4
list, 5354, 9948, 4
list, 5355, 6616, 3
list, 5356, 1735, 4
list, 5357, 1419, 3
list, 5358, 1418, 3
list, 5359, 881, 4
list, 5360, 8679, 3
list, 5361, 1179, 3
list, 5362, 1828, 3
list, 5363, 5909, 3
list, 5364, 4909, 4
list, 5365, 2143, 4
list, 5366, 8771, 4
list, 5367, 9327, 3
list, 5368, 2150, 3
list, 5369, 3270, 4
list, 5370, 5874, 3
list, 5371, 4220, 3
list, 5372, 8064, 3
list, 5373, 3460, 3
list, 5374, 1468, 3
list, 5375, 8834, 3
list, 5376, 9901, 3
list, 5377, 8919, 3
list, 5378, 1735, 4
list, 5379, 5942, 3
list, 5380, 3248, 3
list, 5381, 893, 3
list, 5382, 8409, 3
list, 5383, 3188, 3
list, 5384, 6159, 3
list, 5385, 3308, 3
list, 5386, 8457, 4
list, 5387, 5011, 3
list, 5388, 9283, 3
list, 5389, 6569, 4
list, 5390, 102, 4
list, 5391, 4138, 4
list, 5392, 4607, 3
list, 5393, 2261, 3
list, 5394, 9295, 3
list, 5395, 6928, 3
list, 5396, 715, 3
list, 5397, 180, 3
list, 5398, 7825, 4
list, 5399, 2150, 3
list, 5400, 7667, 3
list, 5401, 6647, 3
list, 5402, 3483, 3
list, 5403, 2146, 4
list, 5404, 2276, 3
list, 5405, 9295, 3
list, 5406, 6347, 4
list, 5407, 8171, 4
list, 5408, 3164, 4
list, 5409, 6499, 4
list, 5410, 1299, 2
list, 5411, 7578, 3
list, 5412, 5693, 3
list, 5413, 630, 4
list, 5414, 7113, 3
list, 5415, 5169, 3
list, 5416, 4813, 3
list, 5417, 7875, 3
list, 5418, 4738, 4
list, 5419, 5126, 3
list, 5420, 2637, 3
list, 5421, 4796, 4
list, 5422, 7106, 3
list, 5423, 1548, 3
list, 5424, 1690, 4
list, 5425, 1342, 3
list, 5426, 1144, 4
list, 5427, 7687, 4
list, 5428, 3995, 4
list, 5429, 7434, 3
list, 5430, 696, 3
list, 5431, 7667, 3
list, 5432, 1342, 3
list, 5433, 9055, 4
list, 5434, 1828, 3
list, 5435, 3360, 3
list, 5436, 696, 3
list, 5437, 3531, 4
list, 5438, 7664, 3
list, 5439, 6597, 4
list, 5440, 6910, 3
list, 5441, 1079, 3
list, 5442, 4077, 4
list, 5443, 7335, 3
list, 5444, 9032, 4
list, 5445, 1994, 4
list, 5446, 2458, 3
list, 5447, 5789, 4
list, 5448, 9145, 3
list, 5449, 1456, 4
list, 5450, 3489, 3
list, 5451, 738, 4
list, 5452, 4539, 4
list, 5453, 6432, 3
list, 5454, 6910, 3
list, 5455, 3924, 3
list, 5456, 6980, 4
list, 5457, 3431, 4
list, 5458, 5874, 3
list, 5459, 7980, 4
list, 5460, 9151, 4
list, 5461, 1063, 2
list, 5462, 3824, 4
list, 5463, 2808, 4
list, 5464, 8028, 3
list, 5465, 3363, 3
list, 5466, 7558, 4
list, 5467, 294, 3
list, 5468, 8406, 3
list, 5469, 9068, 3
list, 5470, 69, 4
list, 5471, 9309, 3
list, 5472, 2467, 3
list, 5473, 6650, 4
list, 5474, 3483, 3
list, 5475, 9684, 3
list, 5476, 5289, 4
list, 5477, 169, 3
list, 5478, 9315, 3
list, 5479, 1246, 4
list, 5480, 715, 3
list, 5481, 1202, 3
list, 5482, 8390, 2
list, 5483, 3188, 3
list, 5484, 5218, 4
list, 5485, 1468, 3
list, 5486, 8409, 3
list, 5487, 6185, 4
list, 5488, 1550, 3
list, 5489, 7578, 3
list, 5490, 2494, 3
list, 5491, 5265, 3
list, 5492, 5521, 3
list, 5493, 5942, 3
list, 5494, 3701, 3
list, 5495, 331, 2
list, 5496, 7767, 4
list, 5497, 413, 4
list, 5498, 277, 3
list, 5499, 4703, 3
list, 5500, 7712, 4
list, 5501, 7734, 4
list, 5502, 5627, 4
list, 5503, 51, 4
list, 5504, 8045, 4
list, 5505, 7079, 4
list, 5506, 277, 3
list, 5507, 2905, 4
list, 5508, 2705, 3
list, 5509, 2069, 2
list, 5510, 3604, 4
list, 5511, 3240, 3
list, 5512, 5865, 3
list, 5513, 3982, 3
list, 5514, 4563, 3
list, 5515, 1468, 3
list, 5516, 7816, 3
list, 5517, 1616, 4
list, 5518, 6996, 3
list, 5519, 1868, 4
list, 5520, 4487, 3
list, 5521, 1063, 2
list, 5522, 7578, 3
list, 5523, 4732, 3
list, 5524, 4083, 3
list, 5525, 6141, 3
list, 5526, 7725, 4
list, 5527, 7713, 3
list, 5528, 3486, 3
list, 5529, 9519, 3
list, 5530, 8452, 4
list, 5531, 4352, 4
list, 5532, 875, 4
list, 5533, 3891, 3
list, 5534, 8578, 3
list, 5535, 8166, 3
list, 5536, 6370, 3
list, 5537, 7532, 4
list, 5538, 696, 3
list, 5539, 9284, 3
list, 5540, 6443, 3
list, 5541, 7595, 2
list, 5542, 4881, 4
list, 5543, 5482, 3
list, 5544, 7096, 4
list, 5545, 5748, 3
list, 5546, 9759, 3
list, 5547, 5987, 3
list, 5548, 6738, 3
list, 5549, 5672, 3
list, 5550, 449, 3
list, 5551, 5265, 3
list, 5552, 9321, 3
list, 5553, 8295, 3
list, 5554, 2394, 4
list, 5555, 9826, 4
list, 5556, 2069, 2
list, 5557, 2813, 3
list, 5558, 9957, 3
list, 5559, 4068, 4
list, 5560, 3613, 3
list, 5561, 7650, 4
list, 5562, 7111, 3
list, 5563, 8779, 3
list, 5564, 9724, 3
list, 5565, 5014, 4
list, 5566, 2443, 3
list, 5567, 7891, 3
list, 5568, 3213, 4
list, 5569, 9175, 3
list, 5570, 6003, 3
list, 5571, 3444, 4
list, 5572, 7031, 4
list, 5573, 9284, 3
list, 5574, 9008, 3
list, 5575, 2637, 3
list, 5576, 9137, 3
list, 5577, 1925, 4
list, 5578, 9055, 4
list, 5579, 2564, 3
list, 5580, 9440, 3
list, 5581, 3891, 3
list, 5582, 5865, 3
list, 5583, 467, 4
list, 5584, 1078, 4
list, 5585, 4770, 3
list, 5586, 7891, 3
list, 5587, 6133, 4
list, 5588, 4951, 4
list, 5589, 6616, 3
list, 5590, 893, 3
list, 5591, 9910, 3
list, 5592, 2909, 3
list, 5593, 3240, 3
list, 5594, 9182, 4
list, 5595, 4135, 3
list, 5596, 3360, 3
list, 5597, 9106, 4
list, 5598, 115, 4
list, 5599, 9182, 4
list, 5600, 6734, 3
list, 5601, 2762, 4
list, 5602, 6201, 4
list, 5603, 1202, 3
list, 5604, 4500, 2
list, 5605, 5482, 3
list, 5606, 2905, 4
list, 5607, 6868, 4
list, 5608, 6370, 3
list, 5609, 2566, 4
list, 5610, 147, 4
list, 5611, 2791, 2
list, 5612, 4500, 2
list, 5613, 7136, 3
list, 5614, 3701, 3
list, 5615, 9661, 3
list, 5616, 6201, 4
list, 5617, 6141, 3
list, 5618, 4055, 4
list, 5619, 433, 3
list, 5620, 2564, 3
list, 5621, 4709, 3
list, 5622, 6948, 3
list, 5623, 6705, 3
list, 5624, 881, 4
list, 5625, 368, 3
list, 5626, 7077, 3
list, 5627, 7434, 3
list, 5628, 7723, 3
list, 5629, 8167, 3
list, 5630, 8266, 3
list, 5631, 4500, 2
list, 5632, 5521, 3
list, 5633, 3099, 3
list, 5634, 1908, 2
list, 5635, 7099, 3
list, 5636, 8064, 3
list, 5637, 9007, 3
list, 5638, 5874, 3
list, 5639, 5942, 3
list, 5640, 9472, 4
list, 5641, 3747, 3
list, 5642, 2079, 4
list, 5643, 7394, 4
list, 5644, 644, 3
list, 5645, 9187, 4
list, 5646, 1433, 4
list, 5647, 8009, 4
list, 5648, 4563, 3
list, 5649, 3696, 4
list, 5650, 7664, 3
list, 5651, 4002, 3
list, 5652, 9759, 3
list, 5653, 2202, 4
list, 5654, 158, 3
list, 5655, 6370, 3
list, 5656, 8166, 3
list, 5657, 8064, 3
list, 5658, 1828, 3
list, 5659, 3363, 3
list, 5660, 3460, 3
list, 5661, 8559, 4
list, 5662, 9252, 3
list, 5663, 1470, 4
list, 5664, 7809, 4
list, 5665, 9322, 3
list, 5666, 8834, 3
list, 5667, 2394, 4
list, 5668, 7687, 4
list, 5669, 5681, 3
list, 5670, 5319, 3
list, 5671, 2146, 4
list, 5672, 331, 2
list, 5673, 8984, 4
list, 5674, 2294, 4
list, 5675, 8359, 3
list, 5676, 8535, 3
list, 5677, 563, 3
list, 5678, 3997, 4
list, 5679, 3752, 3
list, 5680, 963, 4
list, 5681, 4500, 2
list, 5682, 5549, 4
list, 5683, 9002, 3
list, 5684, 3980, 4
list, 5685, 4114, 4
list, 5686, 1668, 3
list, 5687, 1269, 4
list, 5688, 7379, 3
list, 5689, 228, 3
list, 5690, 6910, 3
list, 5691, 2388, 4
list, 5692, 7131, 3
list, 5693, 6142, 2
list, 5694, 7667, 3
list, 5695, 7109, 4
list, 5696, 2486, 4
list, 5697, 8295, 3
list, 5698, 4068, 4
list, 5699, 2703, 3
list, 5700, 1284, 3
list, 5701, 7215, 4
list, 5702, 893, 3
list, 5703, 2437, 4
list, 5704, 2748, 4
list, 5705, 4487, 3
list, 5706, 7099, 3
list, 5707, 7908, 3
list, 5708, 2330, 4
list, 5709, 6820, 4
list, 5710, 2562, 4
list, 5711, 3056, 4
list, 5712, 2981, 4
list, 5713, 1325, 3
list, 5714, 6142, 2
list, 5715, 819, 4
list, 5716, 5815, 3
list, 5717, 3924, 3
list, 5718, 1887, 4
list, 5719, 406, 4
list, 5720, 3584, 4
list, 5721, 680, 4
list, 5722, 4916, 3
list, 5723, 4732, 3
list, 5724, 827, 3
list, 5725, 4891, 3
list, 5726, 1069, 3
list, 5727, 1548, 3
list, 5728, 5693, 3
list, 5729, 2325, 3
list, 5730, 368, 3
list, 5731, 2494, 3
list, 5732, 8685, 4
list, 5733, 433, 3
list, 5734, 1202, 3
list, 5735, 7415, 4
list, 5736, 253, 3
list, 5737, 7733, 3
list, 5738, 5909, 3
list, 5739, 6998, 3
list, 5740, 560, 3
list, 5741, 2881, 3
list, 5742, 2762, 4
list, 5743, 8516, 3
list, 5744, 3055, 3
list, 5745, 158, 3
list, 5746, 3895, 4
list, 5747, 6187, 3
list, 5748, 6142, 2
list, 5749, 7136, 3
list, 5750, 7010, 3
list, 5751, 7747, 4
list, 5752, 6301, 4
list, 5753, 330, 4
list, 5754, 1716, 3
list, 5755, 9327, 3
list, 5756, 819, 4
list, 5757, 2705, 3
list, 5758, 5011, 3
list, 5759, 715, 3
list, 5760, 3701, 3
list, 5761, 6105, 4
list, 5762, 8679, 3
list, 5763, 7840, 3
list, 5764, 3924, 3
list, 5765, 3531, 4
list, 5766, 3460, 3
list, 5767, 1819, 4
list, 5768, 6370, 3
list, 5769, 1654, 4
list, 5770, 9252, 3
list, 5771, 1707, 3
list, 5772, 1561, 3
list, 5773, 7016, 4
list, 5774, 6475, 4
list, 5775, 3701, 3
list, 5776, 3083, 3
list, 5777, 2211, 4
list, 5778, 6283, 4
list, 5779, 7434, 3
list, 5780, 3800, 4
list, 5781, 3259, 3
list, 5782, 9187, 4
list, 5783, 9544, 3
list, 5784, 9440, 3
list, 5785, 2003, 4
list, 5786, 5942, 3
list, 5787, 102, 4
list, 5788, 7727, 4
list, 5789, 5224, 3
list, 5790, 5075, 3
list, 5791, 696, 3
list, 5792, 7099, 3
list, 5793, 5672, 3
list, 5794, 911, 4
list, 5795, 7331, 4
list, 5796, 4709, 3
list, 5797, 1617, 3
list, 5798, 2864, 4
list, 5799, 5874, 3
list, 5800, 2609, 4
list, 5801, 4770, 3
list, 5802, 7473, 4
list, 5803, 3097, 4
list, 5804, 3489, 3
list, 5805, 3795, 3
list, 5806, 4614, 3
list, 5807, 5612, 3
list, 5808, 5151, 3
list, 5809, 3045, 4
list, 5810, 3584, 4
list, 5811, 1805, 4
list, 5812, 8166, 3
list, 5813, 4386, 3
list, 5814, 5632, 4
list, 5815, 7962, 2
list, 5816, 5924, 4
list, 5817, 8436, 3
list, 5818, 2813, 3
list, 5819, 9367, 4
list, 5820, 824, 4
list, 5821, 2839, 3
list, 5822, 9322, 3
list, 5823, 9530, 4
list, 5824, 9901, 3
list, 5825, 9847, 3
list, 5826, 9985, 4
list, 5827, 8622, 3
list, 5828, 6928, 3
list, 5829, 6187, 3
list, 5830, 766, 4
list, 5831, 180, 3
list, 5832, 7111, 3
list, 5833, 7335, 3
list, 5834, 563, 3
list, 5835, 4064, 4
list, 5836, 1707, 3
list, 5837, 6539, 3
list, 5838, 9167, 3
list, 5839, 2717, 4
list, 5840, 9739, 4
list, 5841, 6344, 4
list, 5842, 4133, 4
list, 5843, 1668, 3
list, 5844, 9543, 3
list, 5845, 5302, 4
list, 5846, 382, 3
list, 5847, 3308, 3
list, 5848, 2016, 4
list, 5849, 7887, 4
list, 5850, 7438, 3
list, 5851, 812, 3
list, 5852, 8359, 3
list, 5853, 7396, 4
list, 5854, 2703, 3
list, 5855, 8440, 3
list, 5856, 7595, 2
list, 5857, 8578, 3
list, 5858, 6464, 3
list, 5859, 5509, 3
list, 5860, 2909, 3
list, 5861, 6948, 3
list, 5862, 8074, 4
list, 5863, 2043, 4
list, 5864, 5942, 3
list, 5865, 7962, 2
list, 5866, 6928, 3
list, 5867, 368, 3
list, 5868, 8911, 3
list, 5869, 8064, 3
list, 5870, 4854, 3
list, 5871, 3097, 4
list, 5872, 5302, 4
list, 5873, 9240, 4
list, 5874, 331, 2
list, 5875, 9623, 3
list, 5876, 3752, 3
list, 5877, 51, 4
list, 5878, 7149, 3
list, 5879, 7878, 4
list, 5880, 3572, 4
list, 5881, 8532, 3
list, 5882, 7379, 3
list, 5883, 2394, 4
list, 5884, 5075, 3
list, 5885, 1925, 4
list, 5886, 4491, 3
list, 5887, 1874, 4
list, 5888, 382, 3
list, 5889, 8307, 3
list, 5890, 560, 3
list, 5891, 3489, 3
list, 5892, 6411, 4
list, 5893, 4104, 3
list, 5894, 7096, 4
list, 5895, 9309, 3
list, 5896, 2705, 3
list, 5897, 1343, 3
list, 5898, 9685, 3
list, 5899, 3308, 3
list, 5900, 4942, 4
list, 5901, 911, 4
list, 5902, 8622, 3
list, 5903, 5611, 3
list, 5904, 2046, 4
list, 5905, 1868, 4
list, 5906, 1202, 3
list, 5907, 5672, 3
list, 5908, 7111, 3
list, 5909, 331, 2
list, 5910, 419, 3
list, 5911, 45, 3
list, 5912, 3600, 3
list, 5913, 4817, 4
list, 5914, 6159, 3
list, 5915, 4881, 4
list, 5916, 8435, 4
list, 5917, 6016, 4
list, 5918, 7438, 3
list, 5919, 5929, 4
list, 5920, 5681, 3
list, 5921, 7215, 4
list, 5922, 8359, 3
list, 5923, 2703, 3
list, 5924, 4854, 3
list, 5925, 3473, 4
list, 5926, 2678, 3
list, 5927, 3779, 3
list, 5928, 1716, 3
list, 5929, 1202, 3
list, 5930, 9930, 3
list, 5931, 1603, 3
list, 5932, 6820, 4
list, 5933, 7713, 3
list, 5934, 2511, 4
list, 5935, 4002, 3
list, 5936, 2572, 4
list, 5937, 8183, 2
list, 5938, 2994, 4
list, 5939, 7088, 4
list, 5940, 9082, 3
list, 5941, 7345, 4
list, 5942, 148, 2
list, 5943, 6274, 3
list, 5944, 5289, 4
list, 5945, 5604, 3
list, 5946, 1869, 3
list, 5947, 2564, 3
list, 5948, 5634, 3
list, 5949, 3752, 3
list, 5950, 9313, 4
list, 5951, 607, 4
list, 5952, 8239, 3
list, 5953, 3729, 3
list, 5954, 5075, 3
list, 5955, 8064, 3
list, 5956, 5681, 3
list, 5957, 5192, 4
list, 5958, 2253, 4
list, 5959, 7982, 3
list, 5960, 3083, 3
list, 5961, 9981, 3
list, 5962, 478, 4
list, 5963, 212, 4
list, 5964, 7669, 4
list, 5965, 9519, 3
list, 5966, 3866, 4
list, 5967, 9587, 3
list, 5968, 7099, 3
list, 5969, 8167, 3
list, 5970, 4465, 4
list, 5971, 8390, 2
list, 5972, 8167, 3
list, 5973, 5790, 4
list, 5974, 1828, 3
list, 5975, 3340, 3
list, 5976, 8041, 4
list, 5977, 7113, 3
list, 5978, 3442, 4
list, 5979, 574, 4
list, 5980, 4261, 4
list, 5981, 563, 3
list, 5982, 4352, 4
list, 5983, 6718, 4
list, 5984, 4504, 3
list, 5985, 2170, 4
list, 5986, 7131, 3
list, 5987, 7595, 2
list, 5988, 9863, 3
list, 5989, 7136, 3
list, 5990, 3604, 4
list, 5991, 1284, 3
list, 5992, 750, 4
list, 5993, 2123, 4
list, 5994, 9446, 3
list, 5995, 5349, 4
list, 5996, 9910, 3
list, 5997, 1288, 3
list, 5998, 3797, 4
list, 5999, 277, 3
list, 6000, 3402, 4
list, 6001, 7335, 3
list, 6002, 7033, 3
list, 6003, 6644, 2
list, 6004, 8285, 4
list, 6005, 4941, 4
list, 6006, 1468, 3
list, 6007, 7499, 3
list, 6008, 8919, 3
list, 6009, 7185, 3
list, 6010, 9252, 3
list, 6011, 9446, 3
list, 6012, 8266, 3
list, 6013, 1851, 3
list, 6014, 7708, 3
list, 6015, 3083, 3
list, 6016, 218, 3
list, 6017, 8966, 4
list, 6018, 5126, 3
list, 6019, 218, 3
list, 6020, 1079, 3
list, 6021, 9137, 3
list, 6022, 8771, 4
list, 6023, 9901, 3
list, 6024, 1274, 3
list, 6025, 4428, 4
list, 6026, 6738, 3
list, 6027, 1548, 3
list, 6028, 2439, 4
list, 6029, 628, 4
list, 6030, 6235, 3
list, 6031, 2582, 3
list, 6032, 4487, 3
list, 6033, 8239, 3
list, 6034, 1106, 3
list, 6035, 9677, 3
list, 6036, 8298, 3
list, 6037, 5368, 4
list, 6038, 9440, 3
list, 6039, 6998, 3
list, 6040, 3332, 3
list, 6041, 8961, 3
list, 6042, 1661, 4
list, 6043, 5319, 3
list, 6044, 1800, 3
list, 6045, 6921, 4
list, 6046, 4082, 3
list, 6047, 5994, 4
list, 6048, 4428, 4
list, 6049, 4703, 3
list, 6050, 9658, 3
list, 6051, 644, 3
list, 6052, 4015, 3
list, 6053, 5884, 4
list, 6054, 1342, 3
list, 6055, 9298, 4
list, 6056, 1603, 3
list, 6057, 8042, 4
list, 6058, 8555, 3
list, 6059, 34, 4
list, 6060, 6235, 3
list, 6061, 3166, 4
list, 6062, 6820, 4
list, 6063, 7578, 3
list, 6064, 1339, 4
list, 6065, 2443, 3
list, 6066, 8677, 4
list, 6067, 3332, 3
list, 6068, 696, 3
list, 6069, 3703, 4
list, 6070, 2458, 3
list, 6071, 7095, 3
list, 6072, 4135, 3
list, 6073, 1284, 3
list, 6074, 5121, 3
list, 6075, 6168, 4
list, 6076, 195, 4
list, 6077, 8728, 4
list, 6078, 5987, 3
list, 6079, 2958, 3
list, 6080, 3308, 3
list, 6081, 8463, 3
list, 6082, 8771, 4
list, 6083, 96, 3
list, 6084, 9519, 3
list, 6085, 1887, 4
list, 6086, 2095, 4
list, 6087, 9519, 3
list, 6088, 1028, 4
list, 6089, 1144, 4
list, 6090, 1419, 3
list, 6091, 5432, 4
list, 6092, 5000, 3
list, 6093, 3860, 4
list, 6094, 2758, 3
list, 6095, 4359, 4
list, 6096, 3002, 4
list, 6097, 1800, 3
list, 6098, 7783, 4
list, 6099, 2056, 4
list, 6100, 827, 3
list, 6101, 7077, 3
list, 6102, 3950, 3
list, 6103, 5014, 4
list, 6104, 5432, 4
list, 6105, 7118, 3
list, 6106, 637, 4
list, 6107, 7517, 4
list, 6108, 3600, 3
list, 6109, 3291, 4
list, 6110, 2150, 3
list, 6111, 2573, 4
list, 6112, 8074, 4
list, 6113, 4709, 3
list, 6114, 8532, 3
list, 6115, 9910, 3
list, 6116, 5265, 3
list, 6117, 7816, 3
list, 6118, 4002, 3
list, 6119, 7891, 3
list, 6120, 1591, 4
list, 6121, 7831, 3
list, 6122, 7596, 4
list, 6123, 6142, 2
list, 6124, 9170, 3
list, 6125, 527, 3
list, 6126, 228, 3
list, 6127, 8200, 4
list, 6128, 4519, 3
list, 6129, 7096, 4
list, 6130, 3401, 3
list, 6131, 5937, 3
list, 6132, 277, 3
list, 6133, 5909, 3
list, 6134, 5431, 4
list, 6135, 5218, 4
list, 6136, 4500, 2
list, 6137, 7518, 3
list, 6138, 2224, 3
list, 6139, 2705, 3
list, 6140, 9393, 4
list, 6141, 7595, 2
list, 6142, 1, 1
list, 6143, 4272, 4
list, 6144, 2056, 4
list, 6145, 2443, 3
list, 6146, 4770, 3
list, 6147, 6587, 4
list, 6148, 7989, 4
list, 6149, 6110, 4
list, 6150, 5631, 3
list, 6151, 5126, 3
list, 6152, 1548, 3
list, 6153, 1982, 4
list, 6154, 3240, 3
list, 6155, 1066, 3
list, 6156, 7050, 4
list, 6157, 8183, 2
list, 6158, 6738, 3
list, 6159, 6644, 2
list, 6160, 9429, 4
list, 6161, 4205, 3
list, 6162, 4326, 3
list, 6163, 5693, 3
list, 6164, 7118, 3
list, 6165, 3693, 3
list, 6166, 4733, 4
list, 6167, 5825, 4
list, 6168, 7908, 3
list, 6169, 7136, 3
list, 6170, 9437, 4
list, 6171, 1468, 3
list, 6172, 391, 3
list, 6173, 7920, 4
list, 6174, 5429, 4
list, 6175, 8891, 3
list, 6176, 6019, 4
list, 6177, 2512, 4
list, 6178, 3636, 3
list, 6179, 6257, 4
list, 6180, 7476, 4
list, 6181, 3212, 3
list, 6182, 8231, 4
list, 6183, 6141, 3
list, 6184, 1603, 3
list, 6185, 2150, 3
list, 6186, 1274, 3
list, 6187, 8216, 2
list, 6188, 7687, 4
list, 6189, 1641, 4
list, 6190, 9032, 4
list, 6191, 500, 3
list, 6192, 5379, 4
list, 6193, 1851, 3
list, 6194, 8840, 4
list, 6195, 9327, 3
list, 6196, 3613, 3
list, 6197, 6211, 3
list, 6198, 2352, 3
list, 6199, 8160, 4
list, 6200, 7086, 4
list, 6201, 286, 3
list, 6202, 6324, 4
list, 6203, 1284, 3
list, 6204, 1398, 3
list, 6205, 6845, 3
list, 6206, 6277, 4
list, 6207, 6090, 4
list, 6208, 3797, 4
list, 6209, 3360, 3
list, 6210, 4500, 2
list, 6211, 8183, 2
list, 6212, 3431, 4
list, 6213, 6616, 3
list, 6214, 5748, 3
list, 6215, 7136, 3
list, 6216, 158, 3
list, 6217, 4117, 4
list, 6218, 9684, 3
list, 6219, 8551, 3
list, 6220, 9503, 4
list, 6221, 9321, 3
list, 6222, 9863, 3
list, 6223, 127, 4
list, 6224, 4104, 3
list, 6225, 9677, 3
list, 6226, 5541, 3
list, 6227, 102, 4
list, 6228, 8376, 4
list, 6229, 9759, 3
list, 6230, 2352, 3
list, 6231, 8298, 3
list, 6232, 3860, 4
list, 6233, 8436, 3
list, 6234, 9232, 3
list, 6235, 8183, 2
list, 6236, 2758, 3
list, 6237, 7185, 3
list, 6238, 9847, 3
list, 6239, 7136, 3
list, 6240, 3860, 4
list, 6241, 2056, 4
list, 6242, 2450, 3
list, 6243, 7816, 3
list, 6244, 2685, 4
list, 6245, 3686, 4
list, 6246, 7887, 4
list, 6247, 4709, 3
list, 6248, 6185, 4
list, 6249, 3795, 3
list, 6250, 6238, 4
list, 6251, 8167, 3
list, 6252, 8679, 3
list, 6253, 4577, 4
list, 6254, 8160, 4
list, 6255, 2249, 4
list, 6256, 2016, 4
list, 6257, 2813, 3
list, 6258, 6742, 4
list, 6259, 2813, 3
list, 6260, 2458, 3
list, 6261, 5796, 4
list, 6262, 2146, 4
list, 6263, 6432, 3
list, 6264, 2927, 4
list, 6265, 6998, 3
list, 6266, 3401, 3
list, 6267, 3860, 4
list, 6268, 4326, 3
list, 6269, 1760, 3
list, 6270, 5181, 3
list, 6271, 5631, 3
list, 6272, 1793, 4
list, 6273, 7136, 3
list, 6274, 8981, 2
list, 6275, 5600, 4
list, 6276, 2224, 3
list, 6277, 770, 3
list, 6278, 5213, 4
list, 6279, 7577, 4
list, 6280, 4060, 3
list, 6281, 5937, 3
list, 6282, 9175, 3
list, 6283, 1419, 3
list, 6284, 8359, 3
list, 6285, 5611, 3
list, 6286, 7664, 3
list, 6287, 3401, 3
list, 6288, 2611, 3
list, 6289, 5987, 3
list, 6290, 8891, 3
list, 6291, 243, 3
list, 6292, 5954, 4
list, 6293, 3317, 4
list, 6294, 4541, 3
list, 6295, 1641, 4
list, 6296, 2933, 4
list, 6297, 2325, 3
list, 6298, 4104, 3
list, 6299, 8382, 3
list, 6300, 1707, 3
list, 6301, 7840, 3
list, 6302, 9440, 3
list, 6303, 4002, 3
list, 6304, 228, 3
list, 6305, 6647, 3
list, 6306, 5908, 4
list, 6307, 6475, 4
list, 6308, 8919, 3
list, 6309, 2325, 3
list, 6310, 8166, 3
list, 6311, 2443, 3
list, 6312, 8753, 3
list, 6313, 9252, 3
list, 6314, 9910, 3
list, 6315, 3940, 4
list, 6316, 5681, 3
list, 6317, 3434, 3
list, 6318, 9652, 4
list, 6319, 5075, 3
list, 6320, 5319, 3
list, 6321, 102, 4
list, 6322, 500, 3
list, 6323, 4154, 4
list, 6324, 696, 3
list, 6325, 7015, 4
list, 6326, 4167, 4
list, 6327, 8340, 3
list, 6328, 9512, 4
list, 6329, 1420, 4
list, 6330, 2481, 4
list, 6331, 9437, 4
list, 6332, 966, 3
list, 6333, 5556, 3
list, 6334, 5634, 3
list, 6335, 5169, 3
list, 6336, 5693, 3
list, 6337, 9283, 3
list, 6338, 6343, 4
list, 6339, 8112, 4
list, 6340, 2975, 4
list, 6341, 2180, 4
list, 6342, 8228, 3
list, 6343, 5942, 3
list, 6344, 9007, 3
list, 6345, 5122, 3
list, 6346, 1106, 3
list, 6347, 8440, 3
list, 6348, 1851, 3
list, 6349, 1030, 3
list, 6350, 7095, 3
list, 6351, 5793, 4
list, 6352, 3079, 3
list, 6353, 9147, 3
list, 6354, 7375, 4
list, 6355, 4015, 3
list, 6356, 8728, 4
list, 6357, 8919, 3
list, 6358, 5168, 4
list, 6359, 1760, 3
list, 6360, 7713, 3
list, 6361, 1550, 3
list, 6362, 9587, 3
list, 6363, 8678, 3
list, 6364, 5856, 3
list, 6365, 762, 4
list, 6366, 7747, 4
list, 6367, 3729, 3
list, 6368, 6647, 3
list, 6369, 1284, 3
list, 6370, 8183, 2
list, 6371, 1655, 4
list, 6372, 5494, 4
list, 6373, 9901, 3
list, 6374, 1468, 3
list, 6375, 1869, 3
list, 6376, 8549, 4
list, 6377, 7016, 4
list, 6378, 4196, 4
list, 6379, 9687, 4
list, 6380, 8436, 3
list, 6381, 2958, 3
list, 6382, 9623, 3
list, 6383, 1663, 4
list, 6384, 1851, 3
list, 6385, 3864, 4
list, 6386, 4083, 3
list, 6387, 8409, 3
list, 6388, 4880, 4
list, 6389, 5611, 3
list, 6390, 7079, 4
list, 6391, 8802, 4
list, 6392, 6210, 3
list, 6393, 7840, 3
list, 6394, 7580, 4
list, 6395, 610, 4
list, 6396, 8551, 3
list, 6397, 2105, 4
list, 6398, 2798, 4
list, 6399, 7478, 3
list, 6400, 8151, 4
list, 6401, 8798, 4
list, 6402, 7958, 4
list, 6403, 7708, 3
list, 6404, 4367, 4
list, 6405, 6948, 3
list, 6406, 4386, 3
list, 6407, 2637, 3
list, 6408, 693, 4
list, 6409, 9570, 4
list, 6410, 9497, 4
list, 6411, 7118, 3
list, 6412, 7118, 3
list, 6413, 1342, 3
list, 6414, 6734, 3
list, 6415, 1617, 3
list, 6416, 5818, 4
list, 6417, 2276, 3
list, 6418, 3982, 3
list, 6419, 8087, 4
list, 6420, 7379, 3
list, 6421, 5151, 3
list, 6422, 2261, 3
list, 6423, 1210, 4
list, 6424, 5870, 4
list, 6425, 5289, 4
list, 6426, 612, 4
list, 6427, 2325, 3
list, 6428, 9437, 4
list, 6429, 9007, 3
list, 6430, 3099, 3
list, 6431, 232, 3
list, 6432, 6644, 2
list, 6433, 2112, 4
list, 6434, 7595, 2
list, 6435, 7616, 2
list, 6436, 7667, 3
list, 6437, 2959, 4
list, 6438, 1560, 4
list, 6439, 905, 4
list, 6440, 1561, 3
list, 6441, 1069, 3
list, 6442, 371, 4
list, 6443, 8981, 2
list, 6444, 9658, 3
list, 6445, 8753, 3
list, 6446, 2649, 4
list, 6447, 7558, 4
list, 6448, 8529, 3
list, 6449, 6644, 2
list, 6450, 9544, 3
list, 6451, 9572, 4
list, 6452, 3332, 3
list, 6453, 7228, 3
list, 6454, 6432, 3
list, 6455, 2759, 4
list, 6456, 1550, 3
list, 6457, 854, 3
list, 6458, 2123, 4
list, 6459, 8028, 3
list, 6460, 1929, 3
list, 6461, 5634, 3
list, 6462, 8966, 4
list, 6463, 2881, 3
list, 6464, 6142, 2
list, 6465, 1514, 4
list, 6466, 6434, 3
list, 6467, 7713, 3
list, 6468, 6561, 4
list, 6469, 8551, 3
list, 6470, 7891, 3
list, 6471, 3980, 4
list, 6472, 8460, 4
list, 6473, 8798, 4
list, 6474, 4359, 4
list, 6475, 1248, 3
list, 6476, 3924, 3
list, 6477, 1482, 3
list, 6478, 5634, 3
list, 6479, 6996, 3
list, 6480, 9494, 3
list, 6481, 8771, 4
list, 6482, 3795, 3
list, 6483, 7733, 3
list, 6484, 2788, 4
list, 6485, 1929, 3
list, 6486, 2975, 4
list, 6487, 114, 4
list, 6488, 9184, 4
list, 6489, 157, 4
list, 6490, 2813, 3
list, 6491, 9587, 3
list, 6492, 7027, 3
list, 6493, 7596, 4
list, 6494, 2748, 4
list, 6495, 9552, 4
list, 6496, 6141, 3
list, 6497, 9544, 3
list, 6498, 3369, 3
list, 6499, 8166, 3
list, 6500, 8848, 4
list, 6501, 6587, 4
list, 6502, 9406, 4
list, 6503, 7228, 3
list, 6504, 7010, 3
list, 6505, 4345, 3
list, 6506, 8403, 4
list, 6507, 812, 3
list, 6508, 96, 3
list, 6509, 7659, 4
list, 6510, 9586, 4
list, 6511, 7725, 4
list, 6512, 3083, 3
list, 6513, 7136, 3
list, 6514, 7174, 4
list, 6515, 5672, 3
list, 6516, 7473, 4
list, 6517, 1115, 4
list, 6518, 1716, 3
list, 6519, 8166, 3
list, 6520, 3748, 4
list, 6521, 1793, 4
list, 6522, 3006, 4
list, 6523, 4205, 3
list, 6524, 8197, 4
list, 6525, 7719, 4
list, 6526, 2610, 4
list, 6527, 8167, 3
list, 6528, 2043, 4
list, 6529, 2958, 3
list, 6530, 9147, 3
list, 6531, 7561, 3
list, 6532, 1043, 4
list, 6533, 7716, 4
list, 6534, 102, 4
list, 6535, 9944, 3
list, 6536, 1482, 3
list, 6537, 1463, 4
list, 6538, 2739, 4
list, 6539, 2069, 2
list, 6540, 7131, 3
list, 6541, 6123, 3
list, 6542, 8436, 3
list, 6543, 6159, 3
list, 6544, 6464, 3
list, 6545, 253, 3
list, 6546, 662, 3
list, 6547, 693, 4
list, 6548, 5480, 4
list, 6549, 8820, 4
list, 6550, 124, 4
list, 6551, 9259, 4
list, 6552, 7033, 3
list, 6553, 198, 4
list, 6554, 6413, 4
list, 6555, 4891, 3
list, 6556, 6215, 4
list, 6557, 2705, 3
list, 6558, 2274, 4
list, 6559, 8728, 4
list, 6560, 2980, 3
list, 6561, 7118, 3
list, 6562, 1887, 4
list, 6563, 6868, 4
list, 6564, 6123, 3
list, 6565, 3953, 4
list, 6566, 7595, 2
list, 6567, 3369, 3
list, 6568, 5855, 4
list, 6569, 5942, 3
list, 6570, 6136, 3
list, 6571, 9740, 4
list, 6572, 2703, 3
list, 6573, 8685, 4
list, 6574, 8340, 3
list, 6575, 6597, 4
list, 6576, 111, 4
list, 6577, 4152, 4
list, 6578, 2788, 4
list, 6579, 1210, 4
list, 6580, 2959, 4
list, 6581, 520, 4
list, 6582, 102, 4
list, 6583, 5400, 4
list, 6584, 7545, 4
list, 6585, 6948, 3
list, 6586, 9284, 3
list, 6587, 9446, 3
list, 6588, 6626, 4
list, 6589, 2294, 4
list, 6590, 4077, 4
list, 6591, 3950, 3
list, 6592, 277, 3
list, 6593, 2705, 3
list, 6594, 8056, 4
list, 6595, 9023, 3
list, 6596, 180, 3
list, 6597, 715, 3
list, 6598, 9555, 4
list, 6599, 9684, 3
list, 6600, 4015, 3
list, 6601, 893, 3
list, 6602, 6647, 3
list, 6603, 3079, 3
list, 6604, 3299, 3
list, 6605, 854, 3
list, 6606, 5328, 4
list, 6607, 6347, 4
list, 6608, 5151, 3
list, 6609, 3701, 3
list, 6610, 180, 3
list, 6611, 7499, 3
list, 6612, 1034, 4
list, 6613, 5693, 3
list, 6614, 6689, 4
list, 6615, 2564, 3
list, 6616, 2069, 2
list, 6617, 2591, 3
list, 6618, 1947, 4
list, 6619, 7608, 4
list, 6620, 1028, 4
list, 6621, 6872, 4
list, 6622, 8347, 4
list, 6623, 3800, 4
list, 6624, 1732, 4
list, 6625, 5461, 3
list, 6626, 1777, 3
list, 6627, 9068, 3
list, 6628, 7331, 4
list, 6629, 9147, 3
list, 6630, 9981, 3
list, 6631, 8257, 3
list, 6632, 9833, 4
list, 6633, 1206, 4
list, 6634, 253, 3
list, 6635, 1440, 3
list, 6636, 504, 4
list, 6637, 2202, 4
list, 6638, 4015, 3
list, 6639, 7077, 3
list, 6640, 1449, 3
list, 6641, 8322, 4
list, 6642, 9759, 3
list, 6643, 8045, 4
list, 6644, 1, 1
list, 6645, 1819, 4
list, 6646, 96, 3
list, 6647, 4500, 2
list, 6648, 371, 4
list, 6649, 3401, 3
list, 6650, 7118, 3
list, 6651, 6274, 3
list, 6652, 4854, 3
list, 6653, 2881, 3
list, 6654, 8216, 2
list, 6655, 1325, 3
list, 6656, 3097, 4
list, 6657, 415, 4
list, 6658, 1851, 3
list, 6659, 1436, 4
list, 6660, 7667, 3
list, 6661, 4060, 3
list, 6662, 9519, 3
list, 6663, 6435, 3
list, 6664, 2261, 3
list, 6665, 4116, 4
list, 6666, 3308, 3
list, 6667, 8435, 4
list, 6668, 1030, 3
list, 6669, 2899, 4
list, 6670, 2703, 3
list, 6671, 9284, 3
list, 6672, 9137, 3
list, 6673, 3636, 3
list, 6674, 5396, 4
list, 6675, 6343, 4
list, 6676, 1274, 3
list, 6677, 2486, 4
list, 6678, 7891, 3
list, 6679, 1063, 2
list, 6680, 6141, 3
list, 6681, 2980, 3
list, 6682, 449, 3
list, 6683, 2958, 3
list, 6684, 1325, 3
list, 6685, 8678, 3
list, 6686, 1440, 3
list, 6687, 6742, 4
list, 6688, 5000, 3
list, 6689, 2813, 3
list, 6690, 7908, 3
list, 6691, 3417, 3
list, 6692, 2705, 3
list, 6693, 3982, 3
list, 6694, 2959, 4
list, 6695, 7545, 4
list, 6696, 4405, 3
list, 6697, 5612, 3
list, 6698, 7831, 3
list, 6699, 5332, 4
list, 6700, 3208, 4
list, 6701, 3940, 4
list, 6702, 2677, 4
list, 6703, 1716, 3
list, 6704, 8359, 3
list, 6705, 8981, 2
list, 6706, 8228, 3
list, 6707, 4891, 3
list, 6708, 8578, 3
list, 6709, 1106, 3
list, 6710, 1115, 4
list, 6711, 5126, 3
list, 6712, 2685, 4
list, 6713, 9508, 4
list, 6714, 6831, 4
list, 6715, 8440, 3
list, 6716, 6887, 3
list, 6717, 7379, 3
list, 6718, 2839, 3
list, 6719, 3843, 3
list, 6720, 7136, 3
list, 6721, 3779, 3
list, 6722, 2486, 4
list, 6723, 3188, 3
list, 6724, 195, 4
list, 6725, 2762, 4
list, 6726, 1137, 4
list, 6727, 4891, 3
list, 6728, 6185, 4
list, 6729, 1115, 4
list, 6730, 8239, 3
list, 6731, 5714, 3
list, 6732, 228, 3
list, 6733, 1585, 4
list, 6734, 148, 2
list, 6735, 4276, 4
list, 6736, 4386, 3
list, 6737, 3950, 3
list, 6738, 331, 2
list, 6739, 7677, 3
list, 6740, 6690, 4
list, 6741, 5556, 3
list, 6742, 715, 3
list, 6743, 5000, 3
list, 6744, 1712, 4
list, 6745, 69, 4
list, 6746, 2748, 4
list, 6747, 8703, 3
list, 6748, 7192, 3
list, 6749, 7095, 3
list, 6750, 7077, 3
list, 6751, 7079, 4
list, 6752, 2079, 4
list, 6753, 5169, 3
list, 6754, 9313, 4
list, 6755, 7552, 4
list, 6756, 812, 3
list, 6757, 7561, 3
list, 6758, 7453, 4
list, 6759, 5856, 3
list, 6760, 4255, 4
list, 6761, 4172, 4
list, 6762, 368, 3
list, 6763, 7546, 4
list, 6764, 4709, 3
list, 6765, 2591, 3
list, 6766, 5631, 3
list, 6767, 8728, 4
list, 6768, 8532, 3
list, 6769, 1690, 4
list, 6770, 7385, 4
list, 6771, 2909, 3
list, 6772, 3613, 3
list, 6773, 3795, 3
list, 6774, 7552, 4
list, 6775, 2437, 4
list, 6776, 2494, 3
list, 6777, 4196, 4
list, 6778, 696, 3
list, 6779, 4813, 3
list, 6780, 1342, 3
list, 6781, 1030, 3
list, 6782, 5431, 4
list, 6783, 1470, 4
list, 6784, 3800, 4
list, 6785, 7106, 3
list, 6786, 4015, 3
list, 6787, 1440, 3
list, 6788, 8923, 3
list, 6789, 3613, 3
list, 6790, 6928, 3
list, 6791, 2443, 3
list, 6792, 2899, 4
list, 6793, 5874, 3
list, 6794, 3360, 3
list, 6795, 2987, 4
list, 6796, 1288, 3
list, 6797, 2325, 3
list, 6798, 9777, 4
list, 6799, 7136, 3
list, 6800, 1604, 3
list, 6801, 2757, 4
list, 6802, 3613, 3
list, 6803, 7438, 3
list, 6804, 6845, 3
list, 6805, 8779, 3
list, 6806, 7854, 4
list, 6807, 4220, 3
list, 6808, 5612, 3
list, 6809, 4152, 4
list, 6810, 4692, 3
list, 6811, 3234, 4
list, 6812, 7246, 3
list, 6813, 294, 3
list, 6814, 8430, 4
list, 6815, 3240, 3
list, 6816, 7478, 3
list, 6817, 8183, 2
list, 6818, 8737, 4
list, 6819, 4926, 4
list, 6820, 6734, 3
list, 6821, 5556, 3
list, 6822, 3957, 4
list, 6823, 6215, 4
list, 6824, 6123, 3
list, 6825, 3234, 4
list, 6826, 3308, 3
list, 6827, 696, 3
list, 6828, 8097, 3
list, 6829, 5874, 3
list, 6830, 1869, 3
list, 6831, 5224, 3
list, 6832, 4584, 3
list, 6833, 5480, 4
list, 6834, 3079, 3
list, 6835, 382, 3
list, 6836, 4917, 4
list, 6837, 4097, 4
list, 6838, 1374, 4
list, 6839, 7891, 3
list, 6840, 8641, 4
list, 6841, 6435, 3
list, 6842, 6975, 4
list, 6843, 7580, 4
list, 6844, 9298, 4
list, 6845, 1299, 2
list, 6846, 7246, 3
list, 6847, 4205, 3
list, 6848, 2808, 4
list, 6849, 1731, 3
list, 6850, 9167, 3
list, 6851, 3998, 4
list, 6852, 1447, 4
list, 6853, 644, 3
list, 6854, 764, 3
list, 6855, 3212, 3
list, 6856, 7669, 4
list, 6857, 1187, 4
list, 6858, 6110, 4
list, 6859, 7965, 4
list, 6860, 9767, 4
list, 6861, 8183, 2
list, 6862, 3824, 4
list, 6863, 7783, 4
list, 6864, 1869, 3
list, 6865, 8507, 3
list, 6866, 467, 4
list, 6867, 7185, 3
list, 6868, 5672, 3
list, 6869, 5987, 3
list, 6870, 4220, 3
list, 6871, 7070, 4
list, 6872, 1929, 3
list, 6873, 3587, 4
list, 6874, 2905, 4
list, 6875, 182, 4
list, 6876, 2631, 4
list, 6877, 3969, 4
list, 6878, 2981, 4
list, 6879, 4186, 3
list, 6880, 7634, 4
list, 6881, 3212, 3
list, 6882, 7840, 3
list, 6883, 6948, 3
list, 6884, 5541, 3
list, 6885, 4167, 4
list, 6886, 3693, 3
list, 6887, 4500, 2
list, 6888, 1079, 3
list, 6889, 9446, 3
list, 6890, 7783, 4
list, 6891, 8533, 4
list, 6892, 4740, 3
list, 6893, 2852, 4
list, 6894, 4539, 4
list, 6895, 1707, 3
list, 6896, 5057, 4
list, 6897, 2512, 4
list, 6898, 2225, 4
list, 6899, 500, 3
list, 6900, 8228, 3
list, 6901, 8452, 4
list, 6902, 1402, 3
list, 6903, 1851, 3
list, 6904, 8212, 4
list, 6905, 4891, 3
list, 6906, 7769, 3
list, 6907, 158, 3
list, 6908, 6210, 3
list, 6909, 4114, 4
list, 6910, 2791, 2
list, 6911, 8535, 3
list, 6912, 9591, 3
list, 6913, 9284, 3
list, 6914, 278, 4
list, 6915, 5974, 4
list, 6916, 8533, 4
list, 6917, 96, 3
list, 6918, 2703, 3
list, 6919, 9767, 4
list, 6920, 1696, 3
list, 6921, 3248, 3
list, 6922, 329, 3
list, 6923, 2611, 3
list, 6924, 1063, 2
list, 6925, 368, 3
list, 6926, 7734, 4
list, 6927, 2958, 3
list, 6928, 8216, 2
list, 6929, 8298, 3
list, 6930, 4002, 3
list, 6931, 5937, 3
list, 6932, 3401, 3
list, 6933, 4559, 4
list, 6934, 7677, 3
list, 6935, 5493, 4
list, 6936, 7769, 3
list, 6937, 812, 3
list, 6938, 953, 4
list, 6939, 852, 4
list, 6940, 2959, 4
list, 6941, 5218, 4
list, 6942, 8529, 3
list, 6943, 5796, 4
list, 6944, 3308, 3
list, 6945, 8919, 3
list, 6946, 7667, 3
list, 6947, 7733, 3
list, 6948, 4500, 2
list, 6949, 8028, 3
list, 6950, 3240, 3
list, 6951, 8578, 3
list, 6952, 925, 4
list, 6953, 1325, 3
list, 6954, 8516, 3
list, 6955, 9082, 3
list, 6956, 7716, 4
list, 6957, 3693, 3
list, 6958, 4046, 3
list, 6959, 6370, 3
list, 6960, 9315, 3
list, 6961, 9202, 4
list, 6962, 1346, 4
list, 6963, 9327, 3
list, 6964, 3997, 4
list, 6965, 8753, 3
list, 6966, 5759, 4
list, 6967, 1868, 4
list, 6968, 2637, 3
list, 6969, 4039, 4
list, 6970, 2815, 4
list, 6971, 7667, 3
list, 6972, 8691, 4
list, 6973, 286, 3
list, 6974, 1218, 4
list, 6975, 3248, 3
list, 6976, 6980, 4
list, 6977, 7903, 4
list, 6978, 7375, 4
list, 6979, 6123, 3
list, 6980, 382, 3
list, 6981, 7099, 3
list, 6982, 4541, 3
list, 6983, 2637, 3
list, 6984, 7220, 4
list, 6985, 9721, 3
list, 6986, 2881, 3
list, 6987, 8703, 3
list, 6988, 5748, 3
list, 6989, 3354, 3
list, 6990, 2889, 4
list, 6991, 6738, 3
list, 6992, 7816, 3
list, 6993, 8183, 2
list, 6994, 9087, 4
list, 6995, 7149, 3
list, 6996, 7962, 2
list, 6997, 6539, 3
list, 6998, 7962, 2
list, 6999, 1929, 3
list, 7000, 9910, 3
list, 7001, 6616, 3
list, 7002, 7379, 3
list, 7003, 4352, 4
list, 7004, 3701, 3
list, 7005, 6887, 3
list, 7006, 3050, 4
list, 7007, 574, 4
list, 7008, 1668, 3
list, 7009, 8736, 4
list, 7010, 7595, 2
list, 7011, 5681, 3
list, 7012, 9930, 3
list, 7013, 2414, 4
list, 7014, 2678, 3
list, 7015, 7118, 3
list, 7016, 2839, 3
list, 7017, 2439, 4
list, 7018, 3299, 3
list, 7019, 5907, 4
list, 7020, 6887, 3
list, 7021, 4887, 4
list, 7022, 693, 4
list, 7023, 8216, 2
list, 7024, 9232, 3
list, 7025, 9910, 3
list, 7026, 6638, 4
list, 7027, 7962, 2
list, 7028, 9604, 4
list, 7029, 278, 4
list, 7030, 1668, 3
list, 7031, 4854, 3
list, 7032, 8087, 4
list, 7033, 4500, 2
list, 7034, 9847, 3
list, 7035, 7015, 4
list, 7036, 8239, 3
list, 7037, 2865, 4
list, 7038, 8298, 3
list, 7039, 3701, 3
list, 7040, 6679, 3
list, 7041, 4813, 3
list, 7042, 7517, 4
list, 7043, 8981, 2
list, 7044, 2674, 4
list, 7045, 8409, 3
list, 7046, 278, 4
list, 7047, 6239, 4
list, 7048, 8679, 3
list, 7049, 391, 3
list, 7050, 9910, 3
list, 7051, 8378, 4
list, 7052, 1616, 4
list, 7053, 9658, 3
list, 7054, 2657, 3
list, 7055, 9591, 3
list, 7056, 8439, 4
list, 7057, 9007, 3
list, 7058, 7302, 4
list, 7059, 1828, 3
list, 7060, 4770, 3
list, 7061, 9717, 4
list, 7062, 9721, 3
list, 7063, 4584, 3
list, 7064, 8840, 4
list, 7065, 2439, 4
list, 7066, 2909, 3
list, 7067, 9944, 3
list, 7068, 4916, 3
list, 7069, 2450, 3
list, 7070, 5672, 3
list, 7071, 2001, 3
list, 7072, 3950, 3
list, 7073, 2694, 4
list, 7074, 2512, 4
list, 7075, 8535, 3
list, 7076, 1550, 3
list, 7077, 7595, 2
list, 7078, 9494, 3
list, 7079, 770, 3
list, 7080, 8622, 3
list, 7081, 2043, 4
list, 7082, 1398, 3
list, 7083, 4828, 3
list, 7084, 3299, 3
list, 7085, 2852, 4
list, 7086, 4854, 3
list, 7087, 5121, 3
list, 7088, 5224, 3
list, 7089, 5495, 3
list, 7090, 4926, 4
list, 7091, 5434, 4
list, 7092, 6490, 4
list, 7093, 9631, 3
list, 7094, 9981, 3
list, 7095, 2069, 2
list, 7096, 9661, 3
list, 7097, 8919, 3
list, 7098, 5521, 3
list, 7099, 1299, 2
list, 7100, 7840, 3
list, 7101, 7476, 4
list, 7102, 1398, 3
list, 7103, 2705, 3
list, 7104, 1550, 3
list, 7105, 4196, 4
list, 7106, 1063, 2
list, 7107, 8532, 3
list, 7108, 2748, 4
list, 7109, 9232, 3
list, 7110, 4732, 3
list, 7111, 331, 2
list, 7112, 6993, 3
list, 7113, 1299, 2
list, 7114, 9631, 3
list, 7115, 7816, 3
list, 7116, 3594, 4
list, 7117, 7185, 3
list, 7118, 148, 2
list, 7119, 7379, 3
list, 7120, 662, 3
list, 7121, 899, 4
list, 7122, 7478, 3
list, 7123, 8779, 3
list, 7124, 5000, 3
list, 7125, 2123, 4
list, 7126, 9587, 3
list, 7127, 696, 3
list, 7128, 827, 3
list, 7129, 9759, 3
list, 7130, 7561, 3
list, 7131, 7595, 2
list, 7132, 4614, 3
list, 7133, 7434, 3
list, 7134, 2352, 3
list, 7135, 7561, 3
list, 7136, 331, 2
list, 7137, 3693, 3
list, 7138, 563, 3
list, 7139, 7816, 3
list, 7140, 4916, 3
list, 7141, 3483, 3
list, 7142, 3950, 3
list, 7143, 827, 3
list, 7144, 9167, 3
list, 7145, 6738, 3
list, 7146, 3891, 3
list, 7147, 4586, 4
list, 7148, 2112, 4
list, 7149, 2791, 2
list, 7150, 7578, 3
list, 7151, 825, 3
list, 7152, 5327, 3
list, 7153, 4359, 4
list, 7154, 7518, 3
list, 7155, 8336, 3
list, 7156, 7109, 4
list, 7157, 6464, 3
list, 7158, 2352, 3
list, 7159, 5151, 3
list, 7160, 7718, 4
list, 7161, 330, 4
list, 7162, 4196, 4
list, 7163, 6738, 3
list, 7164, 6123, 3
list, 7165, 5014, 4
list, 7166, 5320, 4
list, 7167, 8298, 3
list, 7168, 939, 4
list, 7169, 6445, 4
list, 7170, 9652, 4
list, 7171, 3486, 3
list, 7172, 1342, 3
list, 7173, 9767, 4
list, 7174, 4345, 3
list, 7175, 5556, 3
list, 7176, 6090, 4
list, 7177, 1202, 3
list, 7178, 2815, 4
list, 7179, 6652, 4
list, 7180, 4139, 4
list, 7181, 6211, 3
list, 7182, 5122, 3
list, 7183, 331, 2
list, 7184, 3604, 4
list, 7185, 1908, 2
list, 7186, 4487, 3
list, 7187, 819, 4
list, 7188, 2705, 3
list, 7189, 7989, 4
list, 7190, 6887, 3
list, 7191, 1061, 4
list, 7192, 1299, 2
list, 7193, 5011, 3
list, 7194, 5368, 4
list, 7195, 500, 3
list, 7196, 8390, 2
list, 7197, 391, 3
list, 7198, 2146, 4
list, 7199, 1929, 3
list, 7200, 1398, 3
list, 7201, 8382, 3
list, 7202, 5332, 4
list, 7203, 9954, 4
list, 7204, 3083, 3
list, 7205, 6247, 4
list, 7206, 7725, 4
list, 7207, 7220, 4
list, 7208, 7389, 4
list, 7209, 2610, 4
list, 7210, 6274, 3
list, 7211, 8516, 3
list, 7212, 3308, 3
list, 7213, 4559, 4
list, 7214, 1078, 4
list, 7215, 7118, 3
list, 7216, 6185, 4
list, 7217, 5130, 3
list, 7218, 5611, 3
list, 7219, 5997, 4
list, 7220, 5224, 3
list, 7221, 6252, 4
list, 7222, 6355, 4
list, 7223, 2043, 4
list, 7224, 7149, 3
list, 7225, 2703, 3
list, 7226, 7438, 3
list, 7227, 2342, 4
list, 7228, 8183, 2
list, 7229, 4709, 3
list, 7230, 3401, 3
list, 7231, 3600, 3
list, 7232, 5909, 3
list, 7233, 9151, 4
list, 7234, 6887, 3
list, 7235, 9901, 3
list, 7236, 5856, 3
list, 7237, 5151, 3
list, 7238, 5846, 4
list, 7239, 6910, 3
list, 7240, 2687, 3
list, 7241, 5779, 4
list, 7242, 1757, 3
list, 7243, 9351, 4
list, 7244, 6141, 3
list, 7245, 5933, 4
list, 7246, 2791, 2
list, 7247, 7023, 3
list, 7248, 1085, 3
list, 7249, 6123, 3
list, 7250, 2958, 3
list, 7251, 218, 3
list, 7252, 2782, 3
list, 7253, 3483, 3
list, 7254, 1976, 3
list, 7255, 6319, 4
list, 7256, 9301, 3
list, 7257, 8622, 3
list, 7258, 6647, 3
list, 7259, 900, 4
list, 7260, 1304, 4
list, 7261, 478, 4
list, 7262, 228, 3
list, 7263, 2253, 4
list, 7264, 1449, 3
list, 7265, 7783, 4
list, 7266, 7680, 4
list, 7267, 696, 3
list, 7268, 8532, 3
list, 7269, 9901, 3
list, 7270, 8919, 3
list, 7271, 1440, 3
list, 7272, 560, 3
list, 7273, 2705, 3
list, 7274, 7664, 3
list, 7275, 3363, 3
list, 7276, 8691, 4
list, 7277, 7251, 4
list, 7278, 9252, 3
list, 7279, 9003, 4
list, 7280, 7315, 4
list, 7281, 2378, 4
list, 7282, 2782, 3
list, 7283, 6973, 4
list, 7284, 4078, 4
list, 7285, 7183, 3
list, 7286, 5658, 4
list, 7287, 8440, 3
list, 7288, 1079, 3
list, 7289, 1868, 4
list, 7290, 45, 3
list, 7291, 449, 3
list, 7292, 2443, 3
list, 7293, 2980, 3
list, 7294, 1418, 3
list, 7295, 5495, 3
list, 7296, 6587, 4
list, 7297, 5639, 4
list, 7298, 5631, 3
list, 7299, 5631, 3
list, 7300, 5122, 3
list, 7301, 882, 4
list, 7302, 4891, 3
list, 7303, 2606, 3
list, 7304, 6187, 3
list, 7305, 9910, 3
list, 7306, 7723, 3
list, 7307, 1696, 3
list, 7308, 9658, 3
list, 7309, 4015, 3
list, 7310, 9847, 3
list, 7311, 2042, 3
list, 7312, 253, 3
list, 7313, 9175, 3
list, 7314, 3779, 3
list, 7315, 770, 3
list, 7316, 2467, 3
list, 7317, 5627, 4
list, 7318, 8516, 3
list, 7319, 2249, 4
list, 7320, 8257, 3
list, 7321, 7043, 3
list, 7322, 6887, 3
list, 7323, 5693, 3
list, 7324, 7891, 3
list, 7325, 7023, 3
list, 7326, 7464, 3
list, 7327, 1560, 4
list, 7328, 7578, 3
list, 7329, 2443, 3
list, 7330, 7740, 4
list, 7331, 8440, 3
list, 7332, 9232, 3
list, 7333, 9137, 3
list, 7334, 4881, 4
list, 7335, 2069, 2
list, 7336, 5714, 3
list, 7337, 9587, 3
list, 7338, 7495, 4
list, 7339, 2994, 4
list, 7340, 8919, 3
list, 7341, 3737, 4
list, 7342, 4740, 3
list, 7343, 9147, 3
list, 7344, 3950, 3
list, 7345, 4015, 3
list, 7346, 8056, 4
list, 7347, 2445, 3
list, 7348, 6910, 3
list, 7349, 7192, 3
list, 7350, 9632, 4
list, 7351, 2881, 3
list, 7352, 1657, 4
list, 7353, 5521, 3
list, 7354, 3401, 3
list, 7355, 8075, 4
list, 7356, 8683, 4
list, 7357, 6464, 3
list, 7358, 803, 4
list, 7359, 2752, 4
list, 7360, 5319, 3
list, 7361, 1202, 3
list, 7362, 449, 3
list, 7363, 6235, 3
list, 7364, 4828, 3
list, 7365, 2101, 4
list, 7366, 3957, 4
list, 7367, 4255, 4
list, 7368, 7183, 3
list, 7369, 3584, 4
list, 7370, 5521, 3
list, 7371, 2853, 3
list, 7372, 195, 4
list, 7373, 3434, 3
list, 7374, 3825, 4
list, 7375, 1828, 3
list, 7376, 4885, 4
list, 7377, 2909, 3
list, 7378, 8891, 3
list, 7379, 7595, 2
list, 7380, 7785, 4
list, 7381, 1085, 3
list, 7382, 8516, 3
list, 7383, 3800, 4
list, 7384, 1929, 3
list, 7385, 7118, 3
list, 7386, 45, 3
list, 7387, 4015, 3
list, 7388, 9544, 3
list, 7389, 715, 3
list, 7390, 9677, 3
list, 7391, 3949, 4
list, 7392, 6817, 3
list, 7393, 4135, 3
list, 7394, 1284, 3
list, 7395, 1560, 4
list, 7396, 6924, 3
list, 7397, 5126, 3
list, 7398, 1069, 3
list, 7399, 2611, 3
list, 7400, 7010, 3
list, 7401, 3833, 4
list, 7402, 1943, 4
list, 7403, 7884, 4
list, 7404, 2954, 4
list, 7405, 7831, 3
list, 7406, 9137, 3
list, 7407, 9980, 4
list, 7408, 8160, 4
list, 7409, 8532, 3
list, 7410, 2494, 3
list, 7411, 893, 3
list, 7412, 6845, 3
list, 7413, 3369, 3
list, 7414, 2238, 3
list, 7415, 8679, 3
list, 7416, 2325, 3
list, 7417, 5265, 3
list, 7418, 6569, 4
list, 7419, 6998, 3
list, 7420, 563, 3
list, 7421, 7713, 3
list, 7422, 8273, 4
list, 7423, 7246, 3
list, 7424, 3737, 4
list, 7425, 4521, 3
list, 7426, 4504, 3
list, 7427, 1550, 3
list, 7428, 8891, 3
list, 7429, 4428, 4
list, 7430, 7816, 3
list, 7431, 1939, 4
list, 7432, 893, 3
list, 7433, 7660, 3
list, 7434, 148, 2
list, 7435, 8679, 3
list, 7436, 5327, 3
list, 7437, 7518, 3
list, 7438, 6142, 2
list, 7439, 4614, 3
list, 7440, 6210, 3
list, 7441, 1716, 3
list, 7442, 5399, 4
list, 7443, 2703, 3
list, 7444, 7220, 4
list, 7445, 606, 4
list, 7446, 9429, 4
list, 7447, 7723, 3
list, 7448, 7966, 4
list, 7449, 5888, 4
list, 7450, 2530, 4
list, 7451, 1530, 4
list, 7452, 8209, 4
list, 7453, 7113, 3
list, 7454, 9497, 4
list, 7455, 3079, 3
list, 7456, 1550, 3
list, 7457, 1757, 3
list, 7458, 5672, 3
list, 7459, 4594, 4
list, 7460, 7710, 4
list, 7461, 7415, 4
list, 7462, 6343, 4
list, 7463, 3982, 3
list, 7464, 1063, 2
list, 7465, 5856, 3
list, 7466, 925, 4
list, 7467, 9863, 3
list, 7468, 5087, 4
list, 7469, 1712, 4
list, 7470, 8820, 4
list, 7471, 606, 4
list, 7472, 198, 4
list, 7473, 5224, 3
list, 7474, 368, 3
list, 7475, 4139, 4
list, 7476, 5942, 3
list, 7477, 2123, 4
list, 7478, 2791, 2
list, 7479, 8342, 4
list, 7480, 3340, 3
list, 7481, 9327, 3
list, 7482, 2452, 3
list, 7483, 8328, 4
list, 7484, 7809, 4
list, 7485, 4880, 4
list, 7486, 8851, 4
list, 7487, 1274, 3
list, 7488, 1069, 3
list, 7489, 2062, 4
list, 7490, 7425, 4
list, 7491, 5974, 4
list, 7492, 5806, 4
list, 7493, 5821, 4
list, 7494, 9321, 3
list, 7495, 5942, 3
list, 7496, 278, 4
list, 7497, 4082, 3
list, 7498, 8409, 3
list, 7499, 8216, 2
list, 7500, 661, 4
list, 7501, 3957, 4
list, 7502, 5707, 4
list, 7503, 2325, 3
list, 7504, 802, 4
list, 7505, 4595, 4
list, 7506, 8266, 3
list, 7507, 1641, 4
list, 7508, 198, 4
list, 7509, 8685, 4
list, 7510, 3497, 4
list, 7511, 9327, 3
list, 7512, 7840, 3
list, 7513, 4614, 3
list, 7514, 8839, 4
list, 7515, 2276, 3
list, 7516, 2853, 3
list, 7517, 2150, 3
list, 7518, 8390, 2
list, 7519, 7517, 4
list, 7520, 9901, 3
list, 7521, 7959, 3
list, 7522, 9446, 3
list, 7523, 2975, 4
list, 7524, 6432, 3
list, 7525, 5634, 3
list, 7526, 3007, 4
list, 7527, 41, 4
list, 7528, 2378, 4
list, 7529, 9299, 4
list, 7530, 5789, 4
list, 7531, 6435, 3
list, 7532, 3212, 3
list, 7533, 5122, 3
list, 7534, 3795, 3
list, 7535, 7409, 4
list, 7536, 2458, 3
list, 7537, 4104, 3
list, 7538, 7251, 4
list, 7539, 1641, 4
list, 7540, 4586, 4
list, 7541, 169, 3
list, 7542, 1657, 4
list, 7543, 3957, 4
list, 7544, 606, 4
list, 7545, 4854, 3
list, 7546, 7118, 3
list, 7547, 2123, 4
list, 7548, 7660, 3
list, 7549, 563, 3
list, 7550, 8670, 3
list, 7551, 51, 4
list, 7552, 2839, 3
list, 7553, 283, 4
list, 7554, 3549, 4
list, 7555, 1069, 3
list, 7556, 8695, 4
list, 7557, 7023, 3
list, 7558, 2969, 3
list, 7559, 8779, 3
list, 7560, 9232, 3
list, 7561, 7962, 2
list, 7562, 7716, 4
list, 7563, 500, 3
list, 7564, 44, 3
list, 7565, 5874, 3
list, 7566, 253, 3
list, 7567, 5122, 3
list, 7568, 2443, 3
list, 7569, 6881, 4
list, 7570, 2642, 4
list, 7571, 1731, 3
list, 7572, 285, 3
list, 7573, 9170, 3
list, 7574, 8303, 4
list, 7575, 1202, 3
list, 7576, 7733, 3
list, 7577, 7111, 3
list, 7578, 6142, 2
list, 7579, 2452, 3
list, 7580, 7118, 3
list, 7581, 6159, 3
list, 7582, 1851, 3
list, 7583, 9023, 3
list, 7584, 4464, 4
list, 7585, 1869, 3
list, 7586, 9685, 3
list, 7587, 6597, 4
list, 7588, 3248, 3
list, 7589, 9944, 3
list, 7590, 7989, 4
list, 7591, 4167, 4
list, 7592, 9863, 3
list, 7593, 1066, 3
list, 7594, 6133, 4
list, 7595, 1, 1
list, 7596, 286, 3
list, 7597, 7196, 3
list, 7598, 1321, 3
list, 7599, 5909, 3
list, 7600, 1976, 3
list, 7601, 4015, 3
list, 7602, 9945, 4
list, 7603, 6679, 3
list, 7604, 2238, 3
list, 7605, 1440, 3
list, 7606, 5130, 3
list, 7607, 2973, 4
list, 7608, 4709, 3
list, 7609, 1572, 4
list, 7610, 4614, 3
list, 7611, 3489, 3
list, 7612, 6738, 3
list, 7613, 1079, 3
list, 7614, 9802, 4
list, 7615, 1454, 4
list, 7616, 1, 1
list, 7617, 6110, 4
list, 7618, 8679, 3
list, 7619, 4073, 4
list, 7620, 6432, 3
list, 7621, 3980, 4
list, 7622, 2958, 3
list, 7623, 5495, 3
list, 7624, 2211, 4
list, 7625, 8171, 4
list, 7626, 6996, 3
list, 7627, 9743, 4
list, 7628, 8678, 3
list, 7629, 644, 3
list, 7630, 2705, 3
list, 7631, 260, 4
list, 7632, 7840, 3
list, 7633, 2522, 3
list, 7634, 2703, 3
list, 7635, 5509, 3
list, 7636, 8622, 3
list, 7637, 4077, 4
list, 7638, 3604, 4
list, 7639, 5865, 3
list, 7640, 7708, 3
list, 7641, 3701, 3
list, 7642, 8691, 4
list, 7643, 2853, 3
list, 7644, 5410, 3
list, 7645, 3486, 3
list, 7646, 9739, 4
list, 7647, 6948, 3
list, 7648, 9301, 3
list, 7649, 4703, 3
list, 7650, 4015, 3
list, 7651, 45, 3
list, 7652, 6449, 3
list, 7653, 7192, 3
list, 7654, 825, 3
list, 7655, 5379, 4
list, 7656, 3090, 3
list, 7657, 9270, 4
list, 7658, 9270, 4
list, 7659, 7185, 3
list, 7660, 2791, 2
list, 7661, 7679, 4
list, 7662, 9082, 3
list, 7663, 742, 4
list, 7664, 1908, 2
list, 7665, 7464, 3
list, 7666, 5246, 4
list, 7667, 331, 2
list, 7668, 2979, 4
list, 7669, 8440, 3
list, 7670, 9175, 3
list, 7671, 8228, 3
list, 7672, 1402, 3
list, 7673, 193, 4
list, 7674, 9661, 3
list, 7675, 7495, 4
list, 7676, 2637, 3
list, 7677, 8183, 2
list, 7678, 8409, 3
list, 7679, 5909, 3
list, 7680, 9446, 3
list, 7681, 9740, 4
list, 7682, 1585, 4
list, 7683, 2327, 4
list, 7684, 5672, 3
list, 7685, 5775, 4
list, 7686, 3434, 3
list, 7687, 218, 3
list, 7688, 1271, 4
list, 7689, 2717, 4
list, 7690, 963, 4
list, 7691, 4584, 3
list, 7692, 228, 3
list, 7693, 198, 4
list, 7694, 7831, 3
list, 7695, 9767, 4
list, 7696, 9167, 3
list, 7697, 6211, 3
list, 7698, 1463, 4
list, 7699, 7149, 3
list, 7700, 8166, 3
list, 7701, 9544, 3
list, 7702, 194, 4
list, 7703, 2881, 3
list, 7704, 1497, 4
list, 7705, 9622, 4
list, 7706, 4916, 3
list, 7707, 4891, 3
list, 7708, 2791, 2
list, 7709, 5681, 3
list, 7710, 7434, 3
list, 7711, 4060, 3
list, 7712, 286, 3
list, 7713, 2791, 2
list, 7714, 6996, 3
list, 7715, 7174, 4
list, 7716, 7908, 3
list, 7717, 4740, 3
list, 7718, 6845, 3
list, 7719, 3212, 3
list, 7720, 9773, 4
list, 7721, 2687, 3
list, 7722, 5631, 3
list, 7723, 7595, 2
list, 7724, 7783, 4
list, 7725, 5942, 3
list, 7726, 3612, 4
list, 7727, 8166, 3
list, 7728, 1482, 3
list, 7729, 4828, 3
list, 7730, 7734, 4
list, 7731, 9910, 3
list, 7732, 9677, 3
list, 7733, 2791, 2
list, 7734, 2150, 3
list, 7735, 7973, 4
list, 7736, 9863, 3
list, 7737, 781, 4
list, 7738, 1757, 3
list, 7739, 1731, 3
list, 7740, 1342, 3
list, 7741, 2412, 4
list, 7742, 5509, 3
list, 7743, 9315, 3
list, 7744, 9519, 3
list, 7745, 3079, 3
list, 7746, 6449, 3
list, 7747, 6734, 3
list, 7748, 4813, 3
list, 7749, 3974, 4
list, 7750, 7123, 4
list, 7751, 1657, 4
list, 7752, 1342, 3
list, 7753, 1069, 3
list, 7754, 7989, 4
list, 7755, 9437, 4
list, 7756, 1890, 4
list, 7757, 6975, 4
list, 7758, 738, 4
list, 7759, 1202, 3
list, 7760, 1214, 4
list, 7761, 3417, 3
list, 7762, 3259, 3
list, 7763, 8516, 3
list, 7764, 8239, 3
list, 7765, 9082, 3
list, 7766, 7558, 4
list, 7767, 7434, 3
list, 7768, 6597, 4
list, 7769, 7595, 2
list, 7770, 12, 4
list, 7771, 520, 4
list, 7772, 2591, 3
list, 7773, 8622, 3
list, 7774, 4584, 3
list, 7775, 4046, 3
list, 7776, 2450, 3
list, 7777, 4738, 4
list, 7778, 7246, 3
list, 7779, 3360, 3
list, 7780, 4817, 4
list, 7781, 8122, 4
list, 7782, 8753, 3
list, 7783, 286, 3
list, 7784, 8802, 4
list, 7785, 7434, 3
list, 7786, 1668, 3
list, 7787, 158, 3
list, 7788, 1668, 3
list, 7789, 612, 4
list, 7790, 4594, 4
list, 7791, 4207, 3
list, 7792, 3703, 4
list, 7793, 5350, 4
list, 7794, 7149, 3
list, 7795, 7113, 3
list, 7796, 8409, 3
list, 7797, 9283, 3
list, 7798, 4075, 4
list, 7799, 1943, 4
list, 7800, 5011, 3
list, 7801, 7183, 3
list, 7802, 4738, 4
list, 7803, 8923, 3
list, 7804, 194, 4
list, 7805, 3824, 4
list, 7806, 8359, 3
list, 7807, 2225, 4
list, 7808, 818, 4
list, 7809, 2969, 3
list, 7810, 644, 3
list, 7811, 9623, 3
list, 7812, 2881, 3
list, 7813, 9944, 3
list, 7814, 6993, 3
list, 7815, 8942, 4
list, 7816, 2031, 2
list, 7817, 9327, 3
list, 7818, 9930, 3
list, 7819, 1106, 3
list, 7820, 8166, 3
list, 7821, 2042, 3
list, 7822, 7089, 4
list, 7823, 7650, 4
list, 7824, 4521, 3
list, 7825, 7908, 3
list, 7826, 1654, 4
list, 7827, 9584, 4
list, 7828, 762, 4
list, 7829, 1617, 3
list, 7830, 9252, 3
list, 7831, 2031, 2
list, 7832, 6845, 3
list, 7833, 3308, 3
list, 7834, 4732, 3
list, 7835, 45, 3
list, 7836, 9309, 3
list, 7837, 6650, 4
list, 7838, 5681, 3
list, 7839, 2782, 3
list, 7840, 1063, 2
list, 7841, 8942, 4
list, 7842, 7106, 3
list, 7843, 2852, 4
list, 7844, 2445, 3
list, 7845, 2685, 4
list, 7846, 5693, 3
list, 7847, 3434, 3
list, 7848, 4584, 3
list, 7849, 9570, 4
list, 7850, 1608, 4
list, 7851, 9677, 3
list, 7852, 7982, 3
list, 7853, 6948, 3
list, 7854, 1248, 3
list, 7855, 7708, 3
list, 7856, 6370, 3
list, 7857, 127, 4
list, 7858, 4405, 3
list, 7859, 6123, 3
list, 7860, 9654, 3
list, 7861, 2572, 4
list, 7862, 2582, 3
list, 7863, 3797, 4
list, 7864, 5349, 4
list, 7865, 7499, 3
list, 7866, 3747, 3
list, 7867, 9658, 3
list, 7868, 3486, 3
list, 7869, 9003, 4
list, 7870, 2791, 2
list, 7871, 5909, 3
list, 7872, 6210, 3
list, 7873, 7708, 3
list, 7874, 1668, 3
list, 7875, 7595, 2
list, 7876, 114, 4
list, 7877, 5909, 3
list, 7878, 5874, 3
list, 7879, 2738, 4
list, 7880, 3188, 3
list, 7881, 1106, 3
list, 7882, 9283, 3
list, 7883, 1851, 3
list, 7884, 9661, 3
list, 7885, 330, 4
list, 7886, 3980, 4
list, 7887, 5224, 3
list, 7888, 7039, 4
list, 7889, 3747, 3
list, 7890, 1654, 4
list, 7891, 1908, 2
list, 7892, 6215, 4
list, 7893, 8340, 3
list, 7894, 1166, 4
list, 7895, 8452, 4
list, 7896, 8273, 4
list, 7897, 854, 3
list, 7898, 4891, 3
list, 7899, 5481, 4
list, 7900, 7674, 4
list, 7901, 4104, 3
list, 7902, 5974, 4
list, 7903, 5672, 3
list, 7904, 5874, 3
list, 7905, 8340, 3
list, 7906, 2211, 4
list, 7907, 3752, 3
list, 7908, 148, 2
list, 7909, 7664, 3
list, 7910, 2994, 4
list, 7911, 7552, 4
list, 7912, 5586, 4
list, 7913, 1603, 3
list, 7914, 9863, 3
list, 7915, 346, 4
list, 7916, 3006, 4
list, 7917, 3827, 4
list, 7918, 1757, 3
list, 7919, 7196, 3
list, 7920, 4015, 3
list, 7921, 8064, 3
list, 7922, 1106, 3
list, 7923, 7039, 4
list, 7924, 696, 3
list, 7925, 1078, 4
list, 7926, 7809, 4
list, 7927, 8426, 4
list, 7928, 285, 3
list, 7929, 5011, 3
list, 7930, 4205, 3
list, 7931, 3747, 3
list, 7932, 2853, 3
list, 7933, 7716, 4
list, 7934, 3458, 4
list, 7935, 5304, 4
list, 7936, 1440, 3
list, 7937, 7434, 3
list, 7938, 2591, 3
list, 7939, 5604, 3
list, 7940, 6975, 4
list, 7941, 8295, 3
list, 7942, 2881, 3
list, 7943, 6435, 3
list, 7944, 8678, 3
list, 7945, 5775, 4
list, 7946, 5789, 4
list, 7947, 6566, 3
list, 7948, 7546, 4
list, 7949, 6887, 3
list, 7950, 45, 3
list, 7951, 4272, 4
list, 7952, 9721, 3
list, 7953, 6319, 4
list, 7954, 3455, 4
list, 7955, 4205, 3
list, 7956, 3431, 4
list, 7957, 1851, 3
list, 7958, 9446, 3
list, 7959, 8981, 2
list, 7960, 7464, 3
list, 7961, 2958, 3
list, 7962, 1, 1
list, 7963, 1214, 4
list, 7964, 5000, 3
list, 7965, 5942, 3
list, 7966, 2325, 3
list, 7967, 2732, 4
list, 7968, 1716, 3
list, 7969, 5612, 3
list, 7970, 3099, 3
list, 7971, 4515, 3
list, 7972, 7854, 4
list, 7973, 6679, 3
list, 7974, 1210, 4
list, 7975, 4135, 3
list, 7976, 9397, 4
list, 7977, 7023, 3
list, 7978, 2642, 4
list, 7979, 8112, 4
list, 7980, 1419, 3
list, 7981, 7767, 4
list, 7982, 8981, 2
list, 7983, 2452, 3
list, 7984, 7438, 3
list, 7985, 802, 4
list, 7986, 3940, 4
list, 7987, 4887, 4
list, 7988, 3489, 3
list, 7989, 770, 3
list, 7990, 1179, 3
list, 7991, 7667, 3
list, 7992, 3255, 4
list, 7993, 8426, 4
list, 7994, 9259, 4
list, 7995, 7079, 4
list, 7996, 2853, 3
list, 7997, 4002, 3
list, 7998, 742, 4
list, 7999, 3369, 3
list, 8000, 9957, 3
list, 8001, 2467, 3
list, 8002, 5942, 3
list, 8003, 4405, 3
list, 8004, 762, 4
list, 8005, 433, 3
list, 8006, 1668, 3
list, 8007, 9930, 3
list, 8008, 3613, 3
list, 8009, 3083, 3
list, 8010, 7033, 3
list, 8011, 4598, 4
list, 8012, 6052, 4
list, 8013, 6159, 3
list, 8014, 4586, 4
list, 8015, 9837, 4
list, 8016, 4496, 4
list, 8017, 9321, 3
list, 8018, 1603, 3
list, 8019, 5151, 3
list, 8020, 2154, 4
list, 8021, 1757, 3
list, 8022, 2510, 4
list, 8023, 1066, 3
list, 8024, 9321, 3
list, 8025, 3083, 3
list, 8026, 1668, 3
list, 8027, 8409, 3
list, 8028, 8216, 2
list, 8029, 3079, 3
list, 8030, 5151, 3
list, 8031, 3006, 4
list, 8032, 402, 4
list, 8033, 8961, 3
list, 8034, 9287, 4
list, 8035, 9759, 3
list, 8036, 9899, 4
list, 8037, 9631, 3
list, 8038, 2694, 4
list, 8039, 5971, 3
list, 8040, 6435, 3
list, 8041, 2352, 3
list, 8042, 5672, 3
list, 8043, 1179, 3
list, 8044, 1147, 4
list, 8045, 1419, 3
list, 8046, 8589, 4
list, 8047, 6136, 3
list, 8048, 4154, 4
list, 8049, 5181, 3
list, 8050, 253, 3
list, 8051, 5556, 3
list, 8052, 4703, 3
list, 8053, 1066, 3
list, 8054, 3636, 3
list, 8055, 4951, 4
list, 8056, 7434, 3
list, 8057, 4732, 3
list, 8058, 329, 3
list, 8059, 3263, 4
list, 8060, 69, 4
list, 8061, 892, 4
list, 8062, 5493, 4
list, 8063, 1514, 4
list, 8064, 7616, 2
list, 8065, 6587, 4
list, 8066, 2229, 4
list, 8067, 5461, 3
list, 8068, 7464, 3
list, 8069, 693, 4
list, 8070, 3007, 4
list, 8071, 8239, 3
list, 8072, 5821, 4
list, 8073, 4916, 3
list, 8074, 1248, 3
list, 8075, 6924, 3
list, 8076, 8516, 3
list, 8077, 8376, 4
list, 8078, 2927, 4
list, 8079, 7734, 4
list, 8080, 1655, 4
list, 8081, 2325, 3
list, 8082, 3486, 3
list, 8083, 8155, 4
list, 8084, 433, 3
list, 8085, 1641, 4
list, 8086, 6432, 3
list, 8087, 3212, 3
list, 8088, 6413, 4
list, 8089, 1416, 4
list, 8090, 3969, 4
list, 8091, 2439, 4
list, 8092, 228, 3
list, 8093, 8450, 4
list, 8094, 9068, 3
list, 8095, 1548, 3
list, 8096, 9440, 3
list, 8097, 8216, 2
list, 8098, 2325, 3
list, 8099, 5482, 3
list, 8100, 3055, 3
list, 8101, 9963, 4
list, 8102, 6690, 4
list, 8103, 9927, 4
list, 8104, 7079, 4
list, 8105, 6742, 4
list, 8106, 243, 3
list, 8107, 5789, 4
list, 8108, 1321, 3
list, 8109, 7887, 4
list, 8110, 3536, 4
list, 8111, 4541, 3
list, 8112, 4345, 3
list, 8113, 3240, 3
list, 8114, 6157, 3
list, 8115, 3866, 4
list, 8116, 7185, 3
list, 8117, 5549, 4
list, 8118, 5521, 3
list, 8119, 5611, 3
list, 8120, 4060, 3
list, 8121, 4504, 3
list, 8122, 3701, 3
list, 8123, 8340, 3
list, 8124, 1851, 3
list, 8125, 82, 4
list, 8126, 7891, 3
list, 8127, 2893, 4
list, 8128, 6432, 3
list, 8129, 7099, 3
list, 8130, 2657, 3
list, 8131, 4083, 3
list, 8132, 7499, 3
list, 8133, 1069, 3
list, 8134, 6993, 3
list, 8135, 7077, 3
list, 8136, 2909, 3
list, 8137, 2101, 4
list, 8138, 2610, 4
list, 8139, 7262, 4
list, 8140, 294, 3
list, 8141, 1436, 4
list, 8142, 2610, 4
list, 8143, 802, 4
list, 8144, 9623, 3
list, 8145, 1976, 3
list, 8146, 4255, 4
list, 8147, 1800, 3
list, 8148, 1325, 3
list, 8149, 7870, 3
list, 8150, 2542, 4
list, 8151, 1828, 3
list, 8152, 3897, 4
list, 8153, 9119, 4
list, 8154, 9119, 4
list, 8155, 8532, 3
list, 8156, 4828, 3
list, 8157, 3797, 4
list, 8158, 9466, 3
list, 8159, 9816, 4
list, 8160, 2969, 3
list, 8161, 9466, 3
list, 8162, 5379, 4
list, 8163, 1339, 4
list, 8164, 4587, 3
list, 8165, 3795, 3
list, 8166, 331, 2
list, 8167, 2031, 2
list, 8168, 9800, 3
list, 8169, 2610, 4
list, 8170, 6924, 3
list, 8171, 1828, 3
list, 8172, 2564, 3
list, 8173, 4614, 3
list, 8174, 1654, 4
list, 8175, 3002, 4
list, 8176, 6928, 3
list, 8177, 9119, 4
list, 8178, 9519, 3
list, 8179, 2815, 4
list, 8180, 7077, 3
list, 8181, 4325, 4
list, 8182, 893, 3
list, 8183, 1, 1
list, 8184, 9291, 4
list, 8185, 3834, 4
list, 8186, 1655, 4
list, 8187, 7612, 4
list, 8188, 7192, 3
list, 8189, 41, 4
list, 8190, 1657, 4
list, 8191, 9721, 3
list, 8192, 5775, 4
list, 8193, 3779, 3
list, 8194, 9562, 4
list, 8195, 5786, 4
list, 8196, 371, 4
list, 8197, 5942, 3
list, 8198, 9367, 4
list, 8199, 7973, 4
list, 8200, 218, 3
list, 8201, 9440, 3
list, 8202, 6993, 3
list, 8203, 1321, 3
list, 8204, 3090, 3
list, 8205, 7891, 3
list, 8206, 7887, 4
list, 8207, 7734, 4
list, 8208, 5320, 4
list, 8209, 5521, 3
list, 8210, 1419, 3
list, 8211, 9802, 4
list, 8212, 9661, 3
list, 8213, 4594, 4
list, 8214, 8578, 3
list, 8215, 8097, 3
list, 8216, 1, 1
list, 8217, 3007, 4
list, 8218, 9632, 4
list, 8219, 1690, 4
list, 8220, 6277, 4
list, 8221, 4428, 4
list, 8222, 2591, 3
list, 8223, 2222, 4
list, 8224, 5122, 3
list, 8225, 4405, 3
list, 8226, 7192, 3
list, 8227, 1696, 3
list, 8228, 7595, 2
list, 8229, 7478, 3
list, 8230, 3924, 3
list, 8231, 1248, 3
list, 8232, 7473, 4
list, 8233, 762, 4
list, 8234, 2580, 4
list, 8235, 6764, 4
list, 8236, 8911, 3
list, 8237, 5856, 3
list, 8238, 419, 3
list, 8239, 2069, 2
list, 8240, 1325, 3
list, 8241, 9724, 3
list, 8242, 9240, 4
list, 8243, 9322, 3
list, 8244, 2443, 3
list, 8245, 2591, 3
list, 8246, 253, 3
list, 8247, 3702, 4
list, 8248, 3492, 4
list, 8249, 102, 4
list, 8250, 7870, 3
list, 8251, 6434, 3
list, 8252, 6235, 3
list, 8253, 6110, 4
list, 8254, 4951, 4
list, 8255, 1440, 3
list, 8256, 9082, 3
list, 8257, 7595, 2
list, 8258, 8622, 3
list, 8259, 7458, 4
list, 8260, 8535, 3
list, 8261, 9739, 4
list, 8262, 8295, 3
list, 8263, 1655, 4
list, 8264, 5611, 3
list, 8265, 329, 3
list, 8266, 2791, 2
list, 8267, 6357, 4
list, 8268, 6187, 3
list, 8269, 7708, 3
list, 8270, 4487, 3
list, 8271, 1482, 3
list, 8272, 9930, 3
list, 8273, 7908, 3
list, 8274, 1066, 3
list, 8275, 6980, 4
list, 8276, 2146, 4
list, 8277, 9957, 3
list, 8278, 6928, 3
list, 8279, 7783, 4
list, 8280, 1604, 3
list, 8281, 1777, 3
list, 8282, 2522, 3
list, 8283, 2610, 4
list, 8284, 9957, 3
list, 8285, 715, 3
list, 8286, 1712, 4
list, 8287, 2445, 3
list, 8288, 212, 4
list, 8289, 812, 3
list, 8290, 3444, 4
list, 8291, 8679, 3
list, 8292, 1869, 3
list, 8293, 6411, 4
list, 8294, 5614, 4
list, 8295, 2069, 2
list, 8296, 644, 3
list, 8297, 3126, 4
list, 8298, 8216, 2
list, 8299, 3332, 3
list, 8300, 8798, 4
list, 8301, 5748, 3
list, 8302, 8257, 3
list, 8303, 2813, 3
list, 8304, 9623, 3
list, 8305, 9082, 3
list, 8306, 5521, 3
list, 8307, 2791, 2
list, 8308, 6249, 4
list, 8309, 7033, 3
list, 8310, 7660, 3
list, 8311, 1154, 4
list, 8312, 2881, 3
list, 8313, 3924, 3
list, 8314, 1819, 4
list, 8315, 4015, 3
list, 8316, 5396, 4
list, 8317, 8359, 3
list, 8318, 1321, 3
list, 8319, 4060, 3
list, 8320, 5461, 3
list, 8321, 3613, 3
list, 8322, 9661, 3
list, 8323, 8382, 3
list, 8324, 9309, 3
list, 8325, 5556, 3
list, 8326, 8463, 3
list, 8327, 6141, 3
list, 8328, 7464, 3
list, 8329, 8097, 3
list, 8330, 606, 4
list, 8331, 3373, 4
list, 8332, 4607, 3
list, 8333, 1777, 3
list, 8334, 7438, 3
list, 8335, 2633, 4
list, 8336, 8216, 2
list, 8337, 6464, 3
list, 8338, 6277, 4
list, 8339, 3166, 4
list, 8340, 8981, 2
list, 8341, 7725, 4
list, 8342, 382, 3
list, 8343, 8457, 4
list, 8344, 5220, 4
list, 8345, 2611, 3
list, 8346, 3332, 3
list, 8347, 5224, 3
list, 8348, 5461, 3
list, 8349, 9086, 4
list, 8350, 8578, 3
list, 8351, 9658, 3
list, 8352, 7769, 3
list, 8353, 9309, 3
list, 8354, 7713, 3
list, 8355, 5856, 3
list, 8356, 4288, 4
list, 8357, 4405, 3
list, 8358, 5611, 3
list, 8359, 1299, 2
list, 8360, 329, 3
list, 8361, 7099, 3
list, 8362, 2342, 4
list, 8363, 1079, 3
list, 8364, 812, 3
list, 8365, 8529, 3
list, 8366, 7580, 4
list, 8367, 8342, 4
list, 8368, 9393, 4
list, 8369, 7220, 4
list, 8370, 1030, 3
list, 8371, 1641, 4
list, 8372, 3079, 3
list, 8373, 9658, 3
list, 8374, 5994, 4
list, 8375, 4607, 3
list, 8376, 9007, 3
list, 8377, 8347, 4
list, 8378, 286, 3
list, 8379, 1069, 3
list, 8380, 2933, 4
list, 8381, 1210, 4
list, 8382, 7616, 2
list, 8383, 4083, 3
list, 8384, 2529, 4
list, 8385, 2813, 3
list, 8386, 4547, 4
list, 8387, 9007, 3
list, 8388, 1202, 3
list, 8389, 9661, 3
list, 8390, 1, 1
list, 8391, 8622, 3
list, 8392, 1976, 3
list, 8393, 4584, 3
list, 8394, 2170, 4
list, 8395, 5631, 3
list, 8396, 1653, 4
list, 8397, 4405, 3
list, 8398, 5600, 4
list, 8399, 2836, 4
list, 8400, 560, 3
list, 8401, 2762, 4
list, 8402, 7106, 3
list, 8403, 8166, 3
list, 8404, 4082, 3
list, 8405, 1343, 3
list, 8406, 8390, 2
list, 8407, 8436, 3
list, 8408, 2452, 3
list, 8409, 1299, 2
list, 8410, 5672, 3
list, 8411, 7370, 4
list, 8412, 4060, 3
list, 8413, 7077, 3
list, 8414, 7023, 3
list, 8415, 2565, 4
list, 8416, 4563, 3
list, 8417, 7389, 4
list, 8418, 3055, 3
list, 8419, 4587, 3
list, 8420, 5738, 4
list, 8421, 2056, 4
list, 8422, 9252, 3
list, 8423, 696, 3
list, 8424, 4504, 3
list, 8425, 4607, 3
list, 8426, 218, 3
list, 8427, 7825, 4
list, 8428, 92, 4
list, 8429, 74, 4
list, 8430, 382, 3
list, 8431, 8230, 4
list, 8432, 7660, 3
list, 8433, 6609, 4
list, 8434, 9685, 3
list, 8435, 3248, 3
list, 8436, 8390, 2
list, 8437, 7887, 4
list, 8438, 6600, 4
list, 8439, 1929, 3
list, 8440, 148, 2
list, 8441, 9068, 3
list, 8442, 2331, 4
list, 8443, 5884, 4
list, 8444, 5639, 4
list, 8445, 9539, 4
list, 8446, 7870, 3
list, 8447, 5399, 4
list, 8448, 5634, 3
list, 8449, 2079, 4
list, 8450, 228, 3
list, 8451, 6003, 3
list, 8452, 3248, 3
list, 8453, 3099, 3
list, 8454, 4305, 4
list, 8455, 6845, 3
list, 8456, 8547, 4
list, 8457, 9847, 3
list, 8458, 1828, 3
list, 8459, 7396, 4
list, 8460, 5075, 3
list, 8461, 9301, 3
list, 8462, 232, 3
list, 8463, 7962, 2
list, 8464, 4077, 4
list, 8465, 2582, 3
list, 8466, 2826, 4
list, 8467, 6235, 3
list, 8468, 3363, 3
list, 8469, 9572, 4
list, 8470, 329, 3
list, 8471, 4405, 3
list, 8472, 4352, 4
list, 8473, 9685, 3
list, 8474, 5495, 3
list, 8475, 2853, 3
list, 8476, 7043, 3
list, 8477, 1346, 4
list, 8478, 527, 3
list, 8479, 1325, 3
list, 8480, 5600, 4
list, 8481, 827, 3
list, 8482, 7335, 3
list, 8483, 4521, 3
list, 8484, 9759, 3
list, 8485, 232, 3
list, 8486, 754, 4
list, 8487, 5870, 4
list, 8488, 2703, 3
list, 8489, 1929, 3
list, 8490, 4186, 3
list, 8491, 3045, 4
list, 8492, 147, 4
list, 8493, 1668, 3
list, 8494, 8622, 3
list, 8495, 2325, 3
list, 8496, 2597, 4
list, 8497, 5434, 4
list, 8498, 4305, 4
list, 8499, 563, 3
list, 8500, 1777, 3
list, 8501, 4096, 4
list, 8502, 9494, 3
list, 8503, 5265, 3
list, 8504, 7875, 3
list, 8505, 6110, 4
list, 8506, 8555, 3
list, 8507, 7962, 2
list, 8508, 8167, 3
list, 8509, 3969, 4
list, 8510, 8679, 3
list, 8511, 3827, 4
list, 8512, 1696, 3
list, 8513, 2980, 3
list, 8514, 2043, 4
list, 8515, 1690, 4
list, 8516, 7595, 2
list, 8517, 6210, 3
list, 8518, 2352, 3
list, 8519, 7708, 3
list, 8520, 7095, 3
list, 8521, 8551, 3
list, 8522, 5631, 3
list, 8523, 7072, 4
list, 8524, 8359, 3
list, 8525, 9167, 3
list, 8526, 4987, 4
list, 8527, 243, 3
list, 8528, 6928, 3
list, 8529, 7616, 2
list, 8530, 6905, 4
list, 8531, 9871, 4
list, 8532, 331, 2
list, 8533, 1248, 3
list, 8534, 2452, 3
list, 8535, 7595, 2
list, 8536, 69, 4
list, 8537, 7016, 4
list, 8538, 5612, 3
list, 8539, 228, 3
list, 8540, 45, 3
list, 8541, 2732, 4
list, 8542, 1440, 3
list, 8543, 4255, 4
list, 8544, 3007, 4
list, 8545, 6910, 3
list, 8546, 6019, 4
list, 8547, 5942, 3
list, 8548, 6412, 4
list, 8549, 9910, 3
list, 8550, 5971, 3
list, 8551, 4500, 2
list, 8552, 9587, 3
list, 8553, 3401, 3
list, 8554, 7920, 4
list, 8555, 4500, 2
list, 8556, 2261, 3
list, 8557, 5028, 4
list, 8558, 8670, 3
list, 8559, 9847, 3
list, 8560, 3332, 3
list, 8561, 3079, 3
list, 8562, 9039, 4
list, 8563, 3594, 4
list, 8564, 5535, 4
list, 8565, 1550, 3
list, 8566, 827, 3
list, 8567, 2453, 4
list, 8568, 7680, 4
list, 8569, 6831, 4
list, 8570, 1106, 3
list, 8571, 2229, 4
list, 8572, 5087, 4
list, 8573, 2587, 4
list, 8574, 7840, 3
list, 8575, 5759, 4
list, 8576, 5906, 4
list, 8577, 8340, 3
list, 8578, 7595, 2
list, 8579, 1604, 3
list, 8580, 1135, 4
list, 8581, 5631, 3
list, 8582, 6283, 4
list, 8583, 607, 4
list, 8584, 6158, 4
list, 8585, 5693, 3
list, 8586, 7196, 3
list, 8587, 1616, 4
list, 8588, 8670, 3
list, 8589, 5224, 3
list, 8590, 7027, 3
list, 8591, 3455, 4
list, 8592, 2606, 3
list, 8593, 3126, 4
list, 8594, 2123, 4
list, 8595, 1147, 4
list, 8596, 9322, 3
list, 8597, 6105, 4
list, 8598, 8045, 4
list, 8599, 368, 3
list, 8600, 8382, 3
list, 8601, 8622, 3
list, 8602, 5151, 3
list, 8603, 1851, 3
list, 8604, 8359, 3
list, 8605, 4186, 3
list, 8606, 7023, 3
list, 8607, 8771, 4
list, 8608, 8389, 4
list, 8609, 7438, 3
list, 8610, 5693, 3
list, 8611, 5556, 3
list, 8612, 4352, 4
list, 8613, 3795, 3
list, 8614, 6948, 3
list, 8615, 7725, 4
list, 8616, 9283, 3
list, 8617, 9910, 3
list, 8618, 5639, 4
list, 8619, 7733, 3
list, 8620, 5509, 3
list, 8621, 7713, 3
list, 8622, 1299, 2
list, 8623, 9957, 3
list, 8624, 8961, 3
list, 8625, 9309, 3
list, 8626, 7464, 3
list, 8627, 2958, 3
list, 8628, 1470, 4
list, 8629, 1777, 3
list, 8630, 3332, 3
list, 8631, 4326, 3
list, 8632, 8516, 3
list, 8633, 9497, 4
list, 8634, 2762, 4
list, 8635, 7375, 4
list, 8636, 9309, 3
list, 8637, 9658, 3
list, 8638, 5521, 3
list, 8639, 1440, 3
list, 8640, 4060, 3
list, 8641, 7118, 3
list, 8642, 3963, 4
list, 8643, 4326, 3
list, 8644, 5521, 3
list, 8645, 56, 4
list, 8646, 3248, 3
list, 8647, 1079, 3
list, 8648, 2606, 3
list, 8649, 4652, 4
list, 8650, 802, 4
list, 8651, 5832, 4
list, 8652, 6277, 4
list, 8653, 3989, 4
list, 8654, 4205, 3
list, 8655, 3996, 4
list, 8656, 7295, 4
list, 8657, 3748, 4
list, 8658, 4813, 3
list, 8659, 9654, 3
list, 8660, 893, 3
list, 8661, 3800, 4
list, 8662, 6609, 4
list, 8663, 2458, 3
list, 8664, 3755, 4
list, 8665, 754, 4
list, 8666, 5864, 4
list, 8667, 1144, 4
list, 8668, 2889, 4
list, 8669, 3166, 4
list, 8670, 8216, 2
list, 8671, 5556, 3
list, 8672, 5634, 3
list, 8673, 9008, 3
list, 8674, 3444, 4
list, 8675, 7740, 4
list, 8676, 7769, 3
list, 8677, 8753, 3
list, 8678, 1063, 2
list, 8679, 331, 2
list, 8680, 1561, 3
list, 8681, 4607, 3
list, 8682, 4740, 3
list, 8683, 8679, 3
list, 8684, 4002, 3
list, 8685, 2969, 3
list, 8686, 3248, 3
list, 8687, 9944, 3
list, 8688, 2100, 4
list, 8689, 1030, 3
list, 8690, 3126, 4
list, 8691, 2839, 3
list, 8692, 5658, 4
list, 8693, 7870, 3
list, 8694, 2597, 4
list, 8695, 8679, 3
list, 8696, 3083, 3
list, 8697, 4133, 4
list, 8698, 1828, 3
list, 8699, 391, 3
list, 8700, 6685, 4
list, 8701, 7740, 4
list, 8702, 7816, 3
list, 8703, 2069, 2
list, 8704, 6647, 3
list, 8705, 2964, 4
list, 8706, 764, 3
list, 8707, 943, 4
list, 8708, 5218, 4
list, 8709, 5126, 3
list, 8710, 6948, 3
list, 8711, 684, 4
list, 8712, 1418, 3
list, 8713, 3843, 3
list, 8714, 7141, 4
list, 8715, 2687, 3
list, 8716, 4770, 3
list, 8717, 167, 4
list, 8718, 8779, 3
list, 8719, 1716, 3
list, 8720, 2687, 3
list, 8721, 6201, 4
list, 8722, 9652, 4
list, 8723, 2637, 3
list, 8724, 8779, 3
list, 8725, 6924, 3
list, 8726, 7733, 3
list, 8727, 7106, 3
list, 8728, 715, 3
list, 8729, 2467, 3
list, 8730, 2981, 4
list, 8731, 9759, 3
list, 8732, 9930, 3
list, 8733, 966, 3
list, 8734, 1617, 3
list, 8735, 6861, 3
list, 8736, 3248, 3
list, 8737, 5672, 3
list, 8738, 2813, 3
list, 8739, 2272, 4
list, 8740, 627, 4
list, 8741, 9677, 3
list, 8742, 3797, 4
list, 8743, 7769, 3
list, 8744, 2927, 4
list, 8745, 7679, 4
list, 8746, 8239, 3
list, 8747, 1805, 4
list, 8748, 4138, 4
list, 8749, 8802, 4
list, 8750, 696, 3
list, 8751, 243, 3
list, 8752, 6319, 4
list, 8753, 1063, 2
list, 8754, 7015, 4
list, 8755, 6973, 4
list, 8756, 4255, 4
list, 8757, 2189, 4
list, 8758, 4607, 3
list, 8759, 2276, 3
list, 8760, 6158, 4
list, 8761, 2815, 4
list, 8762, 4951, 4
list, 8763, 9631, 3
list, 8764, 6738, 3
list, 8765, 5681, 3
list, 8766, 9145, 3
list, 8767, 9137, 3
list, 8768, 1703, 4
list, 8769, 3620, 4
list, 8770, 7027, 3
list, 8771, 6734, 3
list, 8772, 1343, 3
list, 8773, 9032, 4
list, 8774, 4405, 3
list, 8775, 7816, 3
list, 8776, 5672, 3
list, 8777, 1200, 4
list, 8778, 7015, 4
list, 8779, 1908, 2
list, 8780, 9658, 3
list, 8781, 8834, 3
list, 8782, 5639, 4
list, 8783, 1657, 4
list, 8784, 9322, 3
list, 8785, 7664, 3
list, 8786, 5432, 4
list, 8787, 7192, 3
list, 8788, 3891, 3
list, 8789, 8837, 4
list, 8790, 5169, 3
list, 8791, 9137, 3
list, 8792, 5631, 3
list, 8793, 7664, 3
list, 8794, 3240, 3
list, 8795, 4002, 3
list, 8796, 5681, 3
list, 8797, 3824, 4
list, 8798, 2839, 3
list, 8799, 9309, 3
list, 8800, 6998, 3
list, 8801, 2492, 4
list, 8802, 715, 3
list, 8803, 7192, 3
list, 8804, 195, 4
list, 8805, 3166, 4
list, 8806, 9466, 3
list, 8807, 7023, 3
list, 8808, 5634, 3
list, 8809, 4652, 4
list, 8810, 8171, 4
list, 8811, 7478, 3
list, 8812, 5789, 4
list, 8813, 9032, 4
list, 8814, 8703, 3
list, 8815, 4539, 4
list, 8816, 4352, 4
list, 8817, 6539, 3
list, 8818, 7660, 3
list, 8819, 5815, 3
list, 8820, 5075, 3
list, 8821, 4607, 3
list, 8822, 6597, 4
list, 8823, 5693, 3
list, 8824, 5714, 3
list, 8825, 2522, 3
list, 8826, 2826, 4
list, 8827, 3701, 3
list, 8828, 1929, 3
list, 8829, 7287, 4
list, 8830, 5495, 3
list, 8831, 4817, 4
list, 8832, 4196, 4
list, 8833, 3234, 4
list, 8834, 6142, 2
list, 8835, 1030, 3
list, 8836, 4082, 3
list, 8837, 3701, 3
list, 8838, 2016, 4
list, 8839, 6734, 3
list, 8840, 6734, 3
list, 8841, 8834, 3
list, 8842, 1712, 4
list, 8843, 8097, 3
list, 8844, 7561, 3
list, 8845, 1481, 4
list, 8846, 9173, 4
list, 8847, 5039, 4
list, 8848, 2637, 3
list, 8849, 433, 3
list, 8850, 41, 4
list, 8851, 8678, 3
list, 8852, 9283, 3
list, 8853, 2352, 3
list, 8854, 3401, 3
list, 8855, 3855, 4
list, 8856, 9170, 3
list, 8857, 3360, 3
list, 8858, 9901, 3
list, 8859, 6016, 4
list, 8860, 7552, 4
list, 8861, 2224, 3
list, 8862, 6141, 3
list, 8863, 7031, 4
list, 8864, 9752, 4
list, 8865, 3270, 4
list, 8866, 2445, 3
list, 8867, 2579, 4
list, 8868, 2579, 4
list, 8869, 1402, 3
list, 8870, 1530, 4
list, 8871, 2657, 3
list, 8872, 4607, 3
list, 8873, 2492, 4
list, 8874, 8409, 3
list, 8875, 8529, 3
list, 8876, 1419, 3
list, 8877, 6259, 4
list, 8878, 2732, 4
list, 8879, 1800, 3
list, 8880, 7825, 4
list, 8881, 5130, 3
list, 8882, 4916, 3
list, 8883, 9654, 3
list, 8884, 1398, 3
list, 8885, 23, 4
list, 8886, 5611, 3
list, 8887, 8834, 3
list, 8888, 2140, 4
list, 8889, 4220, 3
list, 8890, 2042, 3
list, 8891, 4500, 2
list, 8892, 6319, 4
list, 8893, 2989, 4
list, 8894, 2758, 3
list, 8895, 7565, 4
list, 8896, 6616, 3
list, 8897, 9519, 3
list, 8898, 4046, 3
list, 8899, 5707, 4
list, 8900, 9519, 3
list, 8901, 3166, 4
list, 8902, 9910, 3
list, 8903, 9901, 3
list, 8904, 3803, 4
list, 8905, 1828, 3
list, 8906, 9129, 4
list, 8907, 7783, 4
list, 8908, 7315, 4
list, 8909, 662, 3
list, 8910, 4083, 3
list, 8911, 8390, 2
list, 8912, 4577, 4
list, 8913, 6434, 3
list, 8914, 684, 4
list, 8915, 8703, 3
list, 8916, 5884, 4
list, 8917, 9116, 4
list, 8918, 7174, 4
list, 8919, 331, 2
list, 8920, 1463, 4
list, 8921, 8409, 3
list, 8922, 6016, 4
list, 8923, 2069, 2
list, 8924, 7887, 4
list, 8925, 825, 3
list, 8926, 7558, 4
list, 8927, 4055, 4
list, 8928, 6921, 4
list, 8929, 9957, 3
list, 8930, 7464, 3
list, 8931, 2881, 3
list, 8932, 5556, 3
list, 8933, 7310, 4
list, 8934, 3802, 4
list, 8935, 1339, 4
list, 8936, 1468, 3
list, 8937, 7023, 3
list, 8938, 5130, 3
list, 8939, 7903, 4
list, 8940, 5856, 3
list, 8941, 8382, 3
list, 8942, 5224, 3
list, 8943, 7476, 4
list, 8944, 6123, 3
list, 8945, 7145, 4
list, 8946, 8295, 3
list, 8947, 7106, 3
list, 8948, 5604, 3
list, 8949, 9327, 3
list, 8950, 2591, 3
list, 8951, 7113, 3
list, 8952, 4709, 3
list, 8953, 5631, 3
list, 8954, 2591, 3
list, 8955, 4774, 4
list, 8956, 7920, 4
list, 8957, 527, 3
list, 8958, 500, 3
list, 8959, 1641, 4
list, 8960, 5381, 4
list, 8961, 2069, 2
list, 8962, 9684, 3
list, 8963, 684, 4
list, 8964, 3822, 3
list, 8965, 1617, 3
list, 8966, 2637, 3
list, 8967, 8340, 3
list, 8968, 1851, 3
list, 8969, 6434, 3
list, 8970, 1707, 3
list, 8971, 1066, 3
list, 8972, 69, 4
list, 8973, 1535, 4
list, 8974, 2062, 4
list, 8975, 1346, 4
list, 8976, 893, 3
list, 8977, 5832, 4
list, 8978, 9298, 4
list, 8979, 3693, 3
list, 8980, 4186, 3
list, 8981, 1, 1
list, 8982, 7870, 3
list, 8983, 7831, 3
list, 8984, 3701, 3
list, 8985, 6434, 3
list, 8986, 7111, 3
list, 8987, 3997, 4
list, 8988, 4607, 3
list, 8989, 1868, 4
list, 8990, 2261, 3
list, 8991, 3090, 3
list, 8992, 7891, 3
list, 8993, 4844, 4
list, 8994, 3802, 4
list, 8995, 4853, 4
list, 8996, 8336, 3
list, 8997, 8315, 4
list, 8998, 1274, 3
list, 8999, 5638, 4
list, 9000, 2788, 4
list, 9001, 4703, 3
list, 9002, 2791, 2
list, 9003, 1342, 3
list, 9004, 8891, 3
list, 9005, 1707, 3
list, 9006, 5327, 3
list, 9007, 331, 2
list, 9008, 8390, 2
list, 9009, 8009, 4
list, 9010, 4359, 4
list, 9011, 9519, 3
list, 9012, 5461, 3
list, 9013, 2450, 3
list, 9014, 7877, 4
list, 9015, 563, 3
list, 9016, 893, 3
list, 9017, 6868, 4
list, 9018, 7438, 3
list, 9019, 7106, 3
list, 9020, 4587, 3
list, 9021, 3452, 4
list, 9022, 6432, 3
list, 9023, 4500, 2
list, 9024, 3696, 4
list, 9025, 5815, 3
list, 9026, 4736, 4
list, 9027, 3696, 4
list, 9028, 8529, 3
list, 9029, 5410, 3
list, 9030, 8295, 3
list, 9031, 7476, 4
list, 9032, 2150, 3
list, 9033, 6432, 3
list, 9034, 552, 4
list, 9035, 5815, 3
list, 9036, 824, 4
list, 9037, 5634, 3
list, 9038, 2958, 3
list, 9039, 8679, 3
list, 9040, 4515, 3
list, 9041, 7106, 3
list, 9042, 7937, 4
list, 9043, 2678, 3
list, 9044, 5556, 3
list, 9045, 41, 4
list, 9046, 228, 3
list, 9047, 3007, 4
list, 9048, 2703, 3
list, 9049, 3240, 3
list, 9050, 6705, 3
list, 9051, 7831, 3
list, 9052, 7033, 3
list, 9053, 9773, 4
list, 9054, 7095, 3
list, 9055, 9661, 3
list, 9056, 9284, 3
list, 9057, 4162, 4
list, 9058, 6616, 3
list, 9059, 5289, 4
list, 9060, 9472, 4
list, 9061, 7315, 4
list, 9062, 5611, 3
list, 9063, 4220, 3
list, 9064, 6569, 4
list, 9065, 8210, 4
list, 9066, 2853, 3
list, 9067, 8359, 3
list, 9068, 1908, 2
list, 9069, 1066, 3
list, 9070, 3891, 3
list, 9071, 3299, 3
list, 9072, 5289, 4
list, 9073, 7669, 4
list, 9074, 9232, 3
list, 9075, 8533, 4
list, 9076, 8347, 4
list, 9077, 1085, 3
list, 9078, 4607, 3
list, 9079, 8834, 3
list, 9080, 6411, 4
list, 9081, 7113, 3
list, 9082, 2791, 2
list, 9083, 7389, 4
list, 9084, 391, 3
list, 9085, 783, 4
list, 9086, 5672, 3
list, 9087, 4854, 3
list, 9088, 44, 3
list, 9089, 5269, 4
list, 9090, 7335, 3
list, 9091, 8834, 3
list, 9092, 893, 3
list, 9093, 3369, 3
list, 9094, 5799, 4
list, 9095, 4607, 3
list, 9096, 1085, 3
list, 9097, 1482, 3
list, 9098, 7887, 4
list, 9099, 812, 3
list, 9100, 9930, 3
list, 9101, 7010, 3
list, 9102, 7106, 3
list, 9103, 4853, 4
list, 9104, 6187, 3
list, 9105, 3982, 3
list, 9106, 1777, 3
list, 9107, 4587, 3
list, 9108, 9023, 3
list, 9109, 1994, 4
list, 9110, 7183, 3
list, 9111, 9284, 3
list, 9112, 8753, 3
list, 9113, 2865, 4
list, 9114, 7710, 4
list, 9115, 8166, 3
list, 9116, 5672, 3
list, 9117, 3133, 4
list, 9118, 1343, 3
list, 9119, 218, 3
list, 9120, 8679, 3
list, 9121, 982, 4
list, 9122, 7183, 3
list, 9123, 8703, 3
list, 9124, 3332, 3
list, 9125, 5169, 3
list, 9126, 9008, 3
list, 9127, 802, 4
list, 9128, 2725, 4
list, 9129, 6734, 3
list, 9130, 3417, 3
list, 9131, 5994, 4
list, 9132, 4046, 3
list, 9133, 1760, 3
list, 9134, 9658, 3
list, 9135, 7596, 4
list, 9136, 9170, 3
list, 9137, 4500, 2
list, 9138, 4142, 4
list, 9139, 4857, 4
list, 9140, 3354, 3
list, 9141, 1402, 3
list, 9142, 9759, 3
list, 9143, 5234, 4
list, 9144, 2626, 4
list, 9145, 8390, 2
list, 9146, 6110, 4
list, 9147, 7616, 2
list, 9148, 7192, 3
list, 9149, 5604, 3
list, 9150, 7518, 3
list, 9151, 5942, 3
list, 9152, 1548, 3
list, 9153, 9544, 3
list, 9154, 7769, 3
list, 9155, 2211, 4
list, 9156, 6349, 4
list, 9157, 2325, 3
list, 9158, 96, 3
list, 9159, 294, 3
list, 9160, 8285, 4
list, 9161, 2889, 4
list, 9162, 2452, 3
list, 9163, 7172, 4
list, 9164, 3444, 4
list, 9165, 3998, 4
list, 9166, 1166, 4
list, 9167, 4500, 2
list, 9168, 8961, 3
list, 9169, 9068, 3
list, 9170, 8216, 2
list, 9171, 4740, 3
list, 9172, 9800, 3
list, 9173, 2637, 3
list, 9174, 3083, 3
list, 9175, 6142, 2
list, 9176, 6185, 4
list, 9177, 2609, 4
list, 9178, 8359, 3
list, 9179, 5613, 4
list, 9180, 5011, 3
list, 9181, 754, 4
list, 9182, 3212, 3
list, 9183, 7660, 3
list, 9184, 8532, 3
list, 9185, 419, 3
list, 9186, 9985, 4
list, 9187, 2839, 3
list, 9188, 9981, 3
list, 9189, 6948, 3
list, 9190, 9519, 3
list, 9191, 7983, 4
list, 9192, 2657, 3
list, 9193, 7875, 3
list, 9194, 7824, 4
list, 9195, 8683, 4
list, 9196, 5218, 4
list, 9197, 7246, 3
list, 9198, 7138, 4
list, 9199, 8771, 4
list, 9200, 5867, 4
list, 9201, 1960, 4
list, 9202, 2813, 3
list, 9203, 6141, 3
list, 9204, 9981, 3
list, 9205, 2674, 4
list, 9206, 3594, 4
list, 9207, 5812, 4
list, 9208, 6705, 3
list, 9209, 5396, 4
list, 9210, 253, 3
list, 9211, 8348, 4
list, 9212, 827, 3
list, 9213, 5320, 4
list, 9214, 7733, 3
list, 9215, 1085, 3
list, 9216, 8753, 3
list, 9217, 4817, 4
list, 9218, 5349, 4
list, 9219, 4813, 3
list, 9220, 1769, 4
list, 9221, 4740, 3
list, 9222, 368, 3
list, 9223, 8087, 4
list, 9224, 1482, 3
list, 9225, 2276, 3
list, 9226, 8228, 3
list, 9227, 2443, 3
list, 9228, 8919, 3
list, 9229, 1735, 4
list, 9230, 7310, 4
list, 9231, 943, 4
list, 9232, 1063, 2
list, 9233, 7385, 4
list, 9234, 3164, 4
list, 9235, 7133, 4
list, 9236, 4909, 4
list, 9237, 7246, 3
list, 9238, 5509, 3
list, 9239, 9151, 4
list, 9240, 7118, 3
list, 9241, 1510, 4
list, 9242, 5377, 4
list, 9243, 9526, 4
list, 9244, 5122, 3
list, 9245, 1284, 3
list, 9246, 4828, 3
list, 9247, 3255, 4
list, 9248, 9406, 4
list, 9249, 4519, 3
list, 9250, 7713, 3
list, 9251, 9309, 3
list, 9252, 1063, 2
list, 9253, 2202, 4
list, 9254, 3891, 3
list, 9255, 6993, 3
list, 9256, 662, 3
list, 9257, 9147, 3
list, 9258, 4082, 3
list, 9259, 1777, 3
list, 9260, 2899, 4
list, 9261, 6910, 3
list, 9262, 8028, 3
list, 9263, 294, 3
list, 9264, 6742, 4
list, 9265, 1030, 3
list, 9266, 1530, 4
list, 9267, 4104, 3
list, 9268, 3395, 4
list, 9269, 9957, 3
list, 9270, 1069, 3
list, 9271, 3693, 3
list, 9272, 5181, 3
list, 9273, 4770, 3
list, 9274, 1731, 3
list, 9275, 4255, 4
list, 9276, 6647, 3
list, 9277, 4345, 3
list, 9278, 2703, 3
list, 9279, 3256, 4
list, 9280, 5884, 4
list, 9281, 2758, 3
list, 9282, 1079, 3
list, 9283, 2069, 2
list, 9284, 2069, 2
list, 9285, 7023, 3
list, 9286, 4405, 3
list, 9287, 7840, 3
list, 9288, 7016, 4
list, 9289, 7716, 4
list, 9290, 7708, 3
list, 9291, 8679, 3
list, 9292, 607, 4
list, 9293, 9145, 3
list, 9294, 7111, 3
list, 9295, 8183, 2
list, 9296, 9863, 3
list, 9297, 9494, 3
list, 9298, 715, 3
list, 9299, 696, 3
list, 9300, 5759, 4
list, 9301, 8216, 2
list, 9302, 8239, 3
list, 9303, 7163, 4
list, 9304, 2564, 3
list, 9305, 8160, 4
list, 9306, 478, 4
list, 9307, 3843, 3
list, 9308, 9654, 3
list, 9309, 1299, 2
list, 9310, 4405, 3
list, 9311, 5693, 3
list, 9312, 4649, 4
list, 9313, 4521, 3
list, 9314, 1925, 4
list, 9315, 8216, 2
list, 9316, 2674, 4
list, 9317, 5865, 3
list, 9318, 3483, 3
list, 9319, 3922, 4
list, 9320, 4083, 3
list, 9321, 1063, 2
list, 9322, 7595, 2
list, 9323, 3208, 4
list, 9324, 6817, 3
list, 9325, 1079, 3
list, 9326, 1869, 3
list, 9327, 2069, 2
list, 9328, 4817, 4
list, 9329, 7903, 4
list, 9330, 7033, 3
list, 9331, 3007, 4
list, 9332, 1418, 3
list, 9333, 3829, 4
list, 9334, 893, 3
list, 9335, 7980, 4
list, 9336, 7723, 3
list, 9337, 3824, 4
list, 9338, 5304, 4
list, 9339, 3637, 4
list, 9340, 8167, 3
list, 9341, 3489, 3
list, 9342, 4703, 3
list, 9343, 6476, 4
list, 9344, 5909, 3
list, 9345, 7434, 3
list, 9346, 3275, 4
list, 9347, 4465, 4
list, 9348, 5942, 3
list, 9349, 1106, 3
list, 9350, 45, 3
list, 9351, 9321, 3
list, 9352, 7149, 3
list, 9353, 2909, 3
list, 9354, 4414, 4
list, 9355, 7809, 4
list, 9356, 527, 3
list, 9357, 3099, 3
list, 9358, 4345, 3
list, 9359, 1218, 4
list, 9360, 8463, 3
list, 9361, 6211, 3
list, 9362, 7650, 4
list, 9363, 8919, 3
list, 9364, 7522, 4
list, 9365, 2016, 4
list, 9366, 3256, 4
list, 9367, 2813, 3
list, 9368, 4891, 3
list, 9369, 1202, 3
list, 9370, 2969, 3
list, 9371, 7664, 3
list, 9372, 6650, 4
list, 9373, 3612, 4
list, 9374, 696, 3
list, 9375, 9847, 3
list, 9376, 8535, 3
list, 9377, 92, 4
list, 9378, 9129, 4
list, 9379, 8678, 3
list, 9380, 7434, 3
list, 9381, 3584, 4
list, 9382, 9370, 4
list, 9383, 5379, 4
list, 9384, 4738, 4
list, 9385, 7884, 4
list, 9386, 4521, 3
list, 9387, 2081, 4
list, 9388, 1777, 3
list, 9389, 939, 4
list, 9390, 207, 4
list, 9391, 7712, 4
list, 9392, 8776, 4
list, 9393, 8440, 3
list, 9394, 4082, 3
list, 9395, 8753, 3
list, 9396, 9658, 3
list, 9397, 1248, 3
list, 9398, 1288, 3
list, 9399, 253, 3
list, 9400, 7908, 3
list, 9401, 9519, 3
list, 9402, 1440, 3
list, 9403, 3308, 3
list, 9404, 2467, 3
list, 9405, 5351, 4
list, 9406, 4891, 3
list, 9407, 4149, 4
list, 9408, 4692, 3
list, 9409, 9543, 3
list, 9410, 2224, 3
list, 9411, 2276, 3
list, 9412, 6600, 4
list, 9413, 3083, 3
list, 9414, 1166, 4
list, 9415, 7228, 3
list, 9416, 391, 3
list, 9417, 7723, 3
list, 9418, 4828, 3
list, 9419, 6887, 3
list, 9420, 8961, 3
list, 9421, 9252, 3
list, 9422, 1617, 3
list, 9423, 7136, 3
list, 9424, 1982, 4
list, 9425, 69, 4
list, 9426, 5339, 4
list, 9427, 1994, 4
list, 9428, 158, 3
list, 9429, 3701, 3
list, 9430, 8463, 3
list, 9431, 647, 4
list, 9432, 5379, 4
list, 9433, 2325, 3
list, 9434, 92, 4
list, 9435, 9550, 4
list, 9436, 5396, 4
list, 9437, 715, 3
list, 9438, 4386, 3
list, 9439, 7875, 3
list, 9440, 2031, 2
list, 9441, 762, 4
list, 9442, 4881, 4
list, 9443, 1030, 3
list, 9444, 1648, 4
list, 9445, 2881, 3
list, 9446, 148, 2
list, 9447, 4519, 3
list, 9448, 9654, 3
list, 9449, 1284, 3
list, 9450, 228, 3
list, 9451, 7840, 3
list, 9452, 5634, 3
list, 9453, 4104, 3
list, 9454, 2522, 3
list, 9455, 7123, 4
list, 9456, 8827, 4
list, 9457, 232, 3
list, 9458, 6274, 3
list, 9459, 6435, 3
list, 9460, 8703, 3
list, 9461, 3800, 4
list, 9462, 5130, 3
list, 9463, 7079, 4
list, 9464, 966, 3
list, 9465, 2394, 4
list, 9466, 8216, 2
list, 9467, 9168, 4
list, 9468, 9677, 3
list, 9469, 8532, 3
list, 9470, 3891, 3
list, 9471, 6820, 4
list, 9472, 8166, 3
list, 9473, 3950, 3
list, 9474, 5672, 3
list, 9475, 6370, 3
list, 9476, 5432, 4
list, 9477, 2211, 4
list, 9478, 4521, 3
list, 9479, 4060, 3
list, 9480, 5971, 3
list, 9481, 6597, 4
list, 9482, 8388, 4
list, 9483, 1561, 3
list, 9484, 9309, 3
list, 9485, 2001, 3
list, 9486, 9847, 3
list, 9487, 1800, 3
list, 9488, 1069, 3
list, 9489, 4614, 3
list, 9490, 4652, 4
list, 9491, 2780, 4
list, 9492, 433, 3
list, 9493, 4587, 3
list, 9494, 1299, 2
list, 9495, 2458, 3
list, 9496, 4736, 4
list, 9497, 5942, 3
list, 9498, 8409, 3
list, 9499, 8874, 4
list, 9500, 1288, 3
list, 9501, 5611, 3
list, 9502, 662, 3
list, 9503, 1419, 3
list, 9504, 7043, 3
list, 9505, 7295, 4
list, 9506, 7228, 3
list, 9507, 6980, 4
list, 9508, 1342, 3
list, 9509, 1419, 3
list, 9510, 6185, 4
list, 9511, 4891, 3
list, 9512, 5909, 3
list, 9513, 7734, 4
list, 9514, 1758, 4
list, 9515, 5634, 3
list, 9516, 563, 3
list, 9517, 2056, 4
list, 9518, 9631, 3
list, 9519, 8216, 2
list, 9520, 1202, 3
list, 9521, 4891, 3
list, 9522, 1402, 3
list, 9523, 7825, 4
list, 9524, 5770, 4
list, 9525, 2703, 3
list, 9526, 7106, 3
list, 9527, 2452, 3
list, 9528, 1703, 4
list, 9529, 3248, 3
list, 9530, 4015, 3
list, 9531, 7716, 4
list, 9532, 9321, 3
list, 9533, 750, 4
list, 9534, 3960, 4
list, 9535, 3188, 3
list, 9536, 6210, 3
list, 9537, 5556, 3
list, 9538, 5621, 4
list, 9539, 7667, 3
list, 9540, 7809, 4
list, 9541, 3270, 4
list, 9542, 8679, 3
list, 9543, 7962, 2
list, 9544, 7962, 2
list, 9545, 180, 3
list, 9546, 8382, 3
list, 9547, 1030, 3
list, 9548, 4587, 3
list, 9549, 1463, 4
list, 9550, 4015, 3
list, 9551, 8298, 3
list, 9552, 4345, 3
list, 9553, 7027, 3
list, 9554, 5521, 3
list, 9555, 1288, 3
list, 9556, 9930, 3
list, 9557, 1690, 4
list, 9558, 8678, 3
list, 9559, 329, 3
list, 9560, 2352, 3
list, 9561, 1663, 4
list, 9562, 44, 3
list, 9563, 5218, 4
list, 9564, 3824, 4
list, 9565, 5521, 3
list, 9566, 2637, 3
list, 9567, 232, 3
list, 9568, 1604, 3
list, 9569, 9901, 3
list, 9570, 6679, 3
list, 9571, 2567, 4
list, 9572, 770, 3
list, 9573, 3779, 3
list, 9574, 2405, 4
list, 9575, 9283, 3
list, 9576, 3950, 3
list, 9577, 6003, 3
list, 9578, 1819, 4
list, 9579, 5122, 3
list, 9580, 6141, 3
list, 9581, 283, 4
list, 9582, 7601, 4
list, 9583, 5681, 3
list, 9584, 9446, 3
list, 9585, 1288, 3
list, 9586, 3248, 3
list, 9587, 1063, 2
list, 9588, 2705, 3
list, 9589, 3985, 4
list, 9590, 3395, 4
list, 9591, 7962, 2
list, 9592, 9901, 3
list, 9593, 228, 3
list, 9594, 232, 3
list, 9595, 5126, 3
list, 9596, 7870, 3
list, 9597, 9147, 3
list, 9598, 4584, 3
list, 9599, 276, 4
list, 9600, 5482, 3
list, 9601, 854, 3
list, 9602, 6003, 3
list, 9603, 169, 3
list, 9604, 4703, 3
list, 9605, 4491, 3
list, 9606, 9957, 3
list, 9607, 2685, 4
list, 9608, 9147, 3
list, 9609, 8212, 4
list, 9610, 8555, 3
list, 9611, 1490, 4
list, 9612, 9298, 4
list, 9613, 3188, 3
list, 9614, 7710, 4
list, 9615, 6650, 4
list, 9616, 7816, 3
list, 9617, 277, 3
list, 9618, 8679, 3
list, 9619, 1030, 3
list, 9620, 5908, 4
list, 9621, 2452, 3
list, 9622, 9661, 3
list, 9623, 1299, 2
list, 9624, 9344, 4
list, 9625, 1030, 3
list, 9626, 7415, 4
list, 9627, 5981, 4
list, 9628, 1481, 4
list, 9629, 6370, 3
list, 9630, 4075, 4
list, 9631, 6142, 2
list, 9632, 7106, 3
list, 9633, 5799, 4
list, 9634, 9954, 4
list, 9635, 1887, 4
list, 9636, 1317, 4
list, 9637, 3263, 4
list, 9638, 2788, 4
list, 9639, 102, 4
list, 9640, 9721, 3
list, 9641, 1760, 3
list, 9642, 2445, 3
list, 9643, 4205, 3
list, 9644, 2522, 3
list, 9645, 8382, 3
list, 9646, 7096, 4
list, 9647, 8212, 4
list, 9648, 285, 3
list, 9649, 4371, 4
list, 9650, 9623, 3
list, 9651, 6889, 4
list, 9652, 7118, 3
list, 9653, 6742, 4
list, 9654, 2031, 2
list, 9655, 9322, 3
list, 9656, 764, 3
list, 9657, 218, 3
list, 9658, 7962, 2
list, 9659, 6647, 3
list, 9660, 3299, 3
list, 9661, 148, 2
list, 9662, 7517, 4
list, 9663, 3891, 3
list, 9664, 382, 3
list, 9665, 7246, 3
list, 9666, 6734, 3
list, 9667, 4539, 4
list, 9668, 9847, 3
list, 9669, 195, 4
list, 9670, 4699, 4
list, 9671, 5151, 3
list, 9672, 1976, 3
list, 9673, 6136, 3
list, 9674, 8646, 4
list, 9675, 3752, 3
list, 9676, 9283, 3
list, 9677, 2031, 2
list, 9678, 5304, 4
list, 9679, 7027, 3
list, 9680, 1982, 4
list, 9681, 2467, 3
list, 9682, 7385, 4
list, 9683, 7825, 4
list, 9684, 1908, 2
list, 9685, 7595, 2
list, 9686, 7478, 3
list, 9687, 6679, 3
list, 9688, 7664, 3
list, 9689, 8336, 3
list, 9690, 1214, 4
list, 9691, 8802, 4
list, 9692, 7111, 3
list, 9693, 4082, 3
list, 9694, 5396, 4
list, 9695, 1819, 4
list, 9696, 7713, 3
list, 9697, 4096, 4
list, 9698, 180, 3
list, 9699, 1982, 4
list, 9700, 4750, 4
list, 9701, 1418, 3
list, 9702, 4854, 3
list, 9703, 5909, 3
list, 9704, 8212, 4
list, 9705, 2154, 4
list, 9706, 3240, 3
list, 9707, 5291, 4
list, 9708, 8923, 3
list, 9709, 4732, 3
list, 9710, 9002, 3
list, 9711, 4539, 4
list, 9712, 4142, 4
list, 9713, 2443, 3
list, 9714, 3612, 4
list, 9715, 9175, 3
list, 9716, 4205, 3
list, 9717, 3701, 3
list, 9718, 45, 3
list, 9719, 4068, 4
list, 9720, 3779, 3
list, 9721, 8216, 2
list, 9722, 9322, 3
list, 9723, 3255, 4
list, 9724, 7962, 2
list, 9725, 2606, 3
list, 9726, 232, 3
list, 9727, 6679, 3
list, 9728, 7109, 4
list, 9729, 6945, 4
list, 9730, 5714, 3
list, 9731, 5151, 3
list, 9732, 2597, 4
list, 9733, 3332, 3
list, 9734, 329, 3
list, 9735, 7713, 3
list, 9736, 9654, 3
list, 9737, 7183, 3
list, 9738, 3950, 3
list, 9739, 4015, 3
list, 9740, 5075, 3
list, 9741, 433, 3
list, 9742, 1106, 3
list, 9743, 696, 3
list, 9744, 2758, 3
list, 9745, 3693, 3
list, 9746, 9631, 3
list, 9747, 4060, 3
list, 9748, 1929, 3
list, 9749, 527, 3
list, 9750, 7958, 4
list, 9751, 4559, 4
list, 9752, 3212, 3
list, 9753, 7747, 4
list, 9754, 8347, 4
list, 9755, 9957, 3
list, 9756, 3020, 4
list, 9757, 2958, 3
list, 9758, 402, 4
list, 9759, 1299, 2
list, 9760, 9944, 3
list, 9761, 2202, 4
list, 9762, 6861, 3
list, 9763, 7578, 3
list, 9764, 3434, 3
list, 9765, 5509, 3
list, 9766, 6123, 3
list, 9767, 9661, 3
list, 9768, 9847, 3
list, 9769, 6411, 4
list, 9770, 7578, 3
list, 9771, 5461, 3
list, 9772, 12, 4
list, 9773, 4015, 3
list, 9774, 9309, 3
list, 9775, 2009, 4
list, 9776, 4703, 3
list, 9777, 7183, 3
list, 9778, 982, 4
list, 9779, 4167, 4
list, 9780, 8578, 3
list, 9781, 6274, 3
list, 9782, 963, 4
list, 9783, 4891, 3
list, 9784, 9228, 4
list, 9785, 114, 4
list, 9786, 5014, 4
list, 9787, 3982, 3
list, 9788, 9702, 4
list, 9789, 7270, 4
list, 9790, 4288, 4
list, 9791, 1819, 4
list, 9792, 7174, 4
list, 9793, 966, 3
list, 9794, 294, 3
list, 9795, 6715, 4
list, 9796, 1288, 3
list, 9797, 4491, 3
list, 9798, 8359, 3
list, 9799, 5874, 3
list, 9800, 8183, 2
list, 9801, 1929, 3
list, 9802, 9847, 3
list, 9803, 7980, 4
list, 9804, 5495, 3
list, 9805, 9129, 4
list, 9806, 3950, 3
list, 9807, 5884, 4
list, 9808, 8239, 3
list, 9809, 7309, 4
list, 9810, 8679, 3
list, 9811, 8555, 3
list, 9812, 2494, 3
list, 9813, 8798, 4
list, 9814, 2140, 4
list, 9815, 9322, 3
list, 9816, 243, 3
list, 9817, 5509, 3
list, 9818, 6019, 4
list, 9819, 9002, 3
list, 9820, 7464, 3
list, 9821, 1339, 4
list, 9822, 8389, 4
list, 9823, 8578, 3
list, 9824, 3924, 3
list, 9825, 7816, 3
list, 9826, 7106, 3
list, 9827, 7315, 4
list, 9828, 7131, 3
list, 9829, 3949, 4
list, 9830, 3460, 3
list, 9831, 3299, 3
list, 9832, 6996, 3
list, 9833, 9847, 3
list, 9834, 8378, 4
list, 9835, 5495, 3
list, 9836, 4154, 4
list, 9837, 2813, 3
list, 9838, 7033, 3
list, 9839, 1696, 3
list, 9840, 2412, 4
list, 9841, 2325, 3
list, 9842, 1707, 3
list, 9843, 8589, 4
list, 9844, 3166, 4
list, 9845, 2224, 3
list, 9846, 6257, 4
list, 9847, 331, 2
list, 9848, 2238, 3
list, 9849, 5000, 3
list, 9850, 7033, 3
list, 9851, 9322, 3
list, 9852, 5396, 4
list, 9853, 3097, 4
list, 9854, 4945, 4
list, 9855, 2522, 3
list, 9856, 7733, 3
list, 9857, 7898, 4
list, 9858, 3224, 3
list, 9859, 9910, 3
list, 9860, 2694, 4
list, 9861, 5681, 3
list, 9862, 7099, 3
list, 9863, 6142, 2
list, 9864, 6861, 3
list, 9865, 3354, 3
list, 9866, 1454, 4
list, 9867, 2145, 4
list, 9868, 207, 4
list, 9869, 2325, 3
list, 9870, 825, 3
list, 9871, 4854, 3
list, 9872, 5884, 4
list, 9873, 2899, 4
list, 9874, 504, 4
list, 9875, 3833, 4
list, 9876, 5612, 3
list, 9877, 9313, 4
list, 9878, 2352, 3
list, 9879, 3940, 4
list, 9880, 7220, 4
list, 9881, 2980, 3
list, 9882, 45, 3
list, 9883, 9474, 4
list, 9884, 7580, 4
list, 9885, 8406, 3
list, 9886, 7389, 4
list, 9887, 9309, 3
list, 9888, 2101, 4
list, 9889, 8834, 3
list, 9890, 3240, 3
list, 9891, 1601, 4
list, 9892, 5265, 3
list, 9893, 5083, 3
list, 9894, 8555, 3
list, 9895, 2815, 4
list, 9896, 6019, 4
list, 9897, 7783, 4
list, 9898, 2352, 3
list, 9899, 5461, 3
list, 9900, 8167, 3
list, 9901, 1908, 2
list, 9902, 7079, 4
list, 9903, 1030, 3
list, 9904, 5399, 4
list, 9905, 9586, 4
list, 9906, 5924, 4
list, 9907, 8551, 3
list, 9908, 5790, 4
list, 9909, 7375, 4
list, 9910, 1908, 2
list, 9911, 2989, 4
list, 9912, 4487, 3
list, 9913, 6357, 4
list, 9914, 5495, 3
list, 9915, 3332, 3
list, 9916, 2056, 4
list, 9917, 9252, 3
list, 9918, 3701, 3
list, 9919, 1343, 3
list, 9920, 9863, 3
list, 9921, 346, 4
list, 9922, 3693, 3
list, 9923, 7588, 4
list, 9924, 6718, 4
list, 9925, 9370, 4
list, 9926, 1605, 4
list, 9927, 4015, 3
list, 9928, 5320, 4
list, 9929, 4186, 3
list, 9930, 1908, 2
list, 9931, 2273, 4
list, 9932, 8315, 4
list, 9933, 8167, 3
list, 9934, 7077, 3
list, 9935, 3351, 4
list, 9936, 4770, 3
list, 9937, 8802, 4
list, 9938, 3099, 3
list, 9939, 6718, 4
list, 9940, 934, 4
list, 9941, 7674, 4
list, 9942, 3213, 4
list, 9943, 7077, 3
list, 9944, 7962, 2
list, 9945, 9007, 3
list, 9946, 5362, 4
list, 9947, 5509, 3
list, 9948, 4521, 3
list, 9949, 1284, 3
list, 9950, 7379, 3
list, 9951, 2224, 3
list, 9952, 7725, 4
list, 9953, 4813, 3
list, 9954, 1419, 3
list, 9955, 4828, 3
list, 9956, 5779, 4
list, 9957, 2791, 2
list, 9958, 7734, 4
list, 9959, 3701, 3
list, 9960, 5273, 4
list, 9961, 4083, 3
list, 9962, 1976, 3
list, 9963, 4345, 3
list, 9964, 5604, 3
list, 9965, 2657, 3
list, 9966, 2394, 4
list, 9967, 2056, 4
list, 9968, 8685, 4
list, 9969, 7816, 3
list, 9970, 5672, 3
list, 9971, 1698, 4
list, 9972, 3460, 3
list, 9973, 9511, 4
list, 9974, 6829, 4
list, 9975, 7023, 3
list, 9976, 7095, 3
list, 9977, 4220, 3
list, 9978, 5126, 3
list, 9979, 1929, 3
list, 9980, 3212, 3
list, 9981, 6142, 2
list, 9982, 9684, 3
list, 9983, 4196, 4
list, 9984, 2219, 4
list, 9985, 1777, 3
list, 9986, 9652, 4
list, 9987, 253, 3
list, 9988, 7095, 3
list, 9989, 4812, 4
list, 9990, 4614, 3
list, 9991, 4075, 4
list, 9992, 8322, 4
list, 9993, 2046, 4
list, 9994, 5541, 3
list, 9995, 802, 4
list, 9996, 1617, 3
list, 9997, 8239, 3
list, 9998, 966, 3
list, 9999, 1793, 4
list, 10000, 7438, 3
matrix, 1, 0, 0
matrix, 2, 742, 4
matrix, 3, 3361, 4
matrix, 4, 2452, 3
matrix, 5, 147, 4
matrix, 6, 4205, 3
matrix, 7, 1085, 3
matrix, 8, 9137, 3
matrix, 9, 169, 3
matrix, 10, 2042, 3
matrix, 11, 1288, 3
matrix, 12, 286, 3
matrix, 13, 6164, 4
matrix, 14, 3099, 3
matrix, 15, 9454, 4
matrix, 16, 1078, 4
matrix, 17, 2694, 4
matrix, 18, 662, 3
matrix, 19, 1154, 4
matrix, 20, 8382, 3
matrix, 21, 1470, 4
matrix, 22, 3006, 4
matrix, 23, 8440, 3
matrix, 24, 6464, 3
matrix, 25, 1890, 4
matrix, 26, 9572, 4
matrix, 27, 9301, 3
matrix, 28, 6464, 3
matrix, 29, 5556, 3
matrix, 30, 2394, 4
matrix, 31, 1655, 4
matrix, 32, 3006, 4
matrix, 33, 3020, 4
matrix, 34, 1777, 3
matrix, 35, 1731, 3
matrix, 36, 2782, 3
matrix, 37, 2732, 4
matrix, 38, 4916, 3
matrix, 39, 3486, 3
matrix, 40, 9684, 3
matrix, 41, 715, 3
matrix, 42, 374, 4
matrix, 43, 9543, 3
matrix, 44, 1063, 2
matrix, 45, 1299, 2
matrix, 46, 3693, 3
matrix, 47, 2853, 3
matrix, 48, 4405, 3
matrix, 49, 8891, 3
matrix, 50, 3360, 3
matrix, 51, 5942, 3
matrix, 52, 5121, 3
matrix, 53, 5856, 3
matrix, 54, 7385, 4
matrix, 55, 6948, 3
matrix, 56, 4345, 3
matrix, 57, 2437, 4
matrix, 58, 4288, 4
matrix, 59, 6539, 3
matrix, 60, 9173, 4
matrix, 61, 2352, 3
matrix, 62, 6835, 4
matrix, 63, 7131, 3
matrix, 64, 7561, 3
matrix, 65, 9631, 3
matrix, 66, 1731, 3
matrix, 67, 7389, 4
matrix, 68, 7379, 3
matrix, 69, 5942, 3
matrix, 70, 3600, 3
matrix, 71, 3536, 4
matrix, 72, 4326, 3
matrix, 73, 7575, 4
matrix, 74, 9587, 3
matrix, 75, 7773, 4
matrix, 76, 4186, 3
matrix, 77, 8798, 4
matrix, 78, 9901, 3
matrix, 79, 9119, 4
matrix, 80, 44, 3
matrix, 81, 4916, 3
matrix, 82, 2678, 3
matrix, 83, 9023, 3
matrix, 84, 1321, 3
matrix, 85, 8463, 3
matrix, 86, 4750, 4
matrix, 87, 3360, 3
matrix, 88, 6861, 3
matrix, 89, 3693, 3
matrix, 90, 7004, 4
matrix, 91, 4015, 3
matrix, 92, 9446, 3
matrix, 93, 7660, 3
matrix, 94, 3550, 4
matrix, 95, 1085, 3
matrix, 96, 7595, 2
matrix, 97, 2253, 4
matrix, 98, 9284, 3
matrix, 99, 9252, 3
matrix, 100, 6948, 3
matrix, 101, 198, 4
matrix, 102, 5942, 3
matrix, 103, 4405, 3
matrix, 104, 2687, 3
matrix, 105, 7113, 3
matrix, 106, 7769, 3
matrix, 107, 8516, 3
matrix, 108, 4002, 3
matrix, 109, 9151, 4
matrix, 110, 8452, 4
matrix, 111, 8440, 3
matrix, 112, 3166, 4
matrix, 113, 827, 3
matrix, 114, 7111, 3
matrix, 115, 1777, 3
matrix, 116, 1147, 4
matrix, 117, 644, 3
matrix, 118, 2959, 4
matrix, 119, 818, 4
matrix, 120, 6238, 4
matrix, 121, 9321, 3
matrix, 122, 5631, 3
matrix, 123, 6159, 3
matrix, 124, 1828, 3
matrix, 125, 4288, 4
matrix, 126, 7674, 4
matrix, 127, 6734, 3
matrix, 128, 1398, 3
matrix, 129, 2678, 3
matrix, 130, 6715, 4
matrix, 131, 3083, 3
matrix, 132, 7660, 3
matrix, 133, 2325, 3
matrix, 134, 8406, 3
matrix, 135, 9587, 3
matrix, 136, 5775, 4
matrix, 137, 2562, 4
matrix, 138, 3401, 3
matrix, 139, 5884, 4
matrix, 140, 5615, 4
matrix, 141, 8961, 3
matrix, 142, 5631, 3
matrix, 143, 4083, 3
matrix, 144, 9677, 3
matrix, 145, 3600, 3
matrix, 146, 3779, 3
matrix, 147, 8440, 3
matrix, 148, 1, 1
matrix, 149, 5856, 3
matrix, 150, 5631, 3
matrix, 151, 5121, 3
matrix, 152, 5000, 3
matrix, 153, 1398, 3
matrix, 154, 9677, 3
matrix, 155, 7345, 4
matrix, 156, 5432, 4
matrix, 157, 5942, 3
matrix, 158, 1063, 2
matrix, 159, 433, 3
matrix, 160, 8347, 4
matrix, 161, 5971, 3
matrix, 162, 7769, 3
matrix, 163, 7270, 4
matrix, 164, 8359, 3
matrix, 165, 4587, 3
matrix, 166, 2046, 4
matrix, 167, 893, 3
matrix, 168, 1591, 4
matrix, 169, 8981, 2
matrix, 170, 262, 4
matrix, 171, 7660, 3
matrix, 172, 4830, 4
matrix, 173, 827, 3
matrix, 174, 9167, 3
matrix, 175, 4060, 3
matrix, 176, 1696, 3
matrix, 177, 9945, 4
matrix, 178, 8409, 3
matrix, 179, 9944, 3
matrix, 180, 8981, 2
matrix, 181, 6308, 4
matrix, 182, 8359, 3
matrix, 183, 9519, 3
matrix, 184, 4586, 4
matrix, 185, 2443, 3
matrix, 186, 1712, 4
matrix, 187, 764, 3
matrix, 188, 2975, 4
matrix, 189, 9137, 3
matrix, 190, 6793, 4
matrix, 191, 3360, 3
matrix, 192, 4897, 4
matrix, 193, 1030, 3
matrix, 194, 3248, 3
matrix, 195, 2969, 3
matrix, 196, 2755, 4
matrix, 197, 3729, 3
matrix, 198, 8440, 3
matrix, 199, 3637, 4
matrix, 200, 1604, 3
matrix, 201, 9623, 3
matrix, 202, 5541, 3
matrix, 203, 3518, 4
matrix, 204, 7875, 3
matrix, 205, 2101, 4
matrix, 206, 2101, 4
matrix, 207, 9847, 3
matrix, 208, 7733, 3
matrix, 209, 5994, 4
matrix, 210, 9321, 3
matrix, 211, 7098, 4
matrix, 212, 8440, 3
matrix, 213, 7713, 3
matrix, 214, 4957, 4
matrix, 215, 7809, 4
matrix, 216, 3259, 3
matrix, 217, 9119, 4
matrix, 218, 331, 2
matrix, 219, 2674, 4
matrix, 220, 8678, 3
matrix, 221, 4152, 4
matrix, 222, 5639, 4
matrix, 223, 3822, 3
matrix, 224, 7578, 3
matrix, 225, 1456, 4
matrix, 226, 3263, 4
matrix, 227, 7561, 3
matrix, 228, 1299, 2
matrix, 229, 4703, 3
matrix, 230, 7601, 4
matrix, 231, 4288, 4
matrix, 232, 7962, 2
matrix, 233, 3930, 4
matrix, 234, 1655, 4
matrix, 235, 6597, 4
matrix, 236, 2813, 3
matrix, 237, 9740, 4
matrix, 238, 9175, 3
matrix, 239, 9869, 4
matrix, 240, 6185, 4
matrix, 241, 6566, 3
matrix, 242, 8340, 3
matrix, 243, 1908, 2
matrix, 244, 8359, 3
matrix, 245, 3212, 3
matrix, 246, 7096, 4
matrix, 247, 9737, 4
matrix, 248, 1751, 4
matrix, 249, 9175, 3
matrix, 250, 6616, 3
matrix, 251, 5399, 4
matrix, 252, 3298, 4
matrix, 253, 4500, 2
matrix, 254, 4584, 3
matrix, 255, 7982, 3
matrix, 256, 3846, 4
matrix, 257, 2902, 4
matrix, 258, 7010, 3
matrix, 259, 7246, 3
matrix, 260, 7136, 3
matrix, 261, 9309, 3
matrix, 262, 4709, 3
matrix, 263, 1548, 3
matrix, 264, 5319, 3
matrix, 265, 8409, 3
matrix, 266, 1079, 3
matrix, 267, 6616, 3
matrix, 268, 742, 4
matrix, 269, 4897, 4
matrix, 270, 6343, 4
matrix, 271, 195, 4
matrix, 272, 4060, 3
matrix, 273, 4584, 3
matrix, 274, 1468, 3
matrix, 275, 5410, 3
matrix, 276, 228, 3
matrix, 277, 7595, 2
matrix, 278, 2150, 3
matrix, 279, 7106, 3
matrix, 280, 5631, 3
matrix, 281, 8529, 3
matrix, 282, 3957, 4
matrix, 283, 5942, 3
matrix, 284, 5370, 4
matrix, 285, 8981, 2
matrix, 286, 148, 2
matrix, 287, 2348, 4
matrix, 288, 253, 3
matrix, 289, 9367, 4
matrix, 290, 3982, 3
matrix, 291, 9901, 3
matrix, 292, 1122, 4
matrix, 293, 7660, 3
matrix, 294, 7595, 2
matrix, 295, 4405, 3
matrix, 296, 6654, 3
matrix, 297, 899, 4
matrix, 298, 3369, 3
matrix, 299, 228, 3
matrix, 300, 1288, 3
matrix, 301, 8678, 3
matrix, 302, 3020, 4
matrix, 303, 6993, 3
matrix, 304, 7086, 4
matrix, 305, 368, 3
matrix, 306, 1274, 3
matrix, 307, 8307, 3
matrix, 308, 6157, 3
matrix, 309, 6948, 3
matrix, 310, 812, 3
matrix, 311, 9068, 3
matrix, 312, 696, 3
matrix, 313, 5130, 3
matrix, 314, 661, 4
matrix, 315, 8961, 3
matrix, 316, 3226, 4
matrix, 317, 7385, 4
matrix, 318, 2755, 4
matrix, 319, 4001, 4
matrix, 320, 982, 4
matrix, 321, 9002, 3
matrix, 322, 3747, 3
matrix, 323, 3002, 4
matrix, 324, 7809, 4
matrix, 325, 4563, 3
matrix, 326, 9666, 4
matrix, 327, 8507, 3
matrix, 328, 6945, 4
matrix, 329, 4500, 2
matrix, 330, 7118, 3
matrix, 331, 1, 1
matrix, 332, 1585, 4
matrix, 333, 8097, 3
matrix, 334, 6235, 3
matrix, 335, 8322, 4
matrix, 336, 4973, 4
matrix, 337, 294, 3
matrix, 338, 4326, 3
matrix, 339, 7331, 4
matrix, 340, 2101, 4
matrix, 341, 6136, 3
matrix, 342, 2562, 4
matrix, 343, 8535, 3
matrix, 344, 4491, 3
matrix, 345, 8919, 3
matrix, 346, 3924, 3
matrix, 347, 6647, 3
matrix, 348, 1284, 3
matrix, 349, 5535, 4
matrix, 350, 8961, 3
matrix, 351, 5319, 3
matrix, 352, 6924, 3
matrix, 353, 2617, 4
matrix, 354, 8799, 4
matrix, 355, 3050, 4
matrix, 356, 2458, 3
matrix, 357, 3924, 3
matrix, 358, 9724, 3
matrix, 359, 7183, 3
matrix, 360, 6690, 4
matrix, 361, 9252, 3
matrix, 362, 1604, 3
matrix, 363, 2597, 4
matrix, 364, 5549, 4
matrix, 365, 6052, 4
matrix, 366, 5639, 4
matrix, 367, 2705, 3
matrix, 368, 1299, 2
matrix, 369, 966, 3
matrix, 370, 1135, 4
matrix, 371, 5495, 3
matrix, 372, 5790, 4
matrix, 373, 939, 4
matrix, 374, 4703, 3
matrix, 375, 278, 4
matrix, 376, 9228, 4
matrix, 377, 4359, 4
matrix, 378, 3007, 4
matrix, 379, 5762, 4
matrix, 380, 3455, 4
matrix, 381, 8622, 3
matrix, 382, 331, 2
matrix, 383, 5379, 4
matrix, 384, 3251, 4
matrix, 385, 8463, 3
matrix, 386, 802, 4
matrix, 387, 2450, 3
matrix, 388, 45, 3
matrix, 389, 3224, 3
matrix, 390, 2853, 3
matrix, 391, 2069, 2
matrix, 392, 4607, 3
matrix, 393, 6738, 3
matrix, 394, 9519, 3
matrix, 395, 9232, 3
matrix, 396, 8167, 3
matrix, 397, 3401, 3
matrix, 398, 6868, 4
matrix, 399, 1716, 3
matrix, 400, 391, 3
matrix, 401, 3950, 3
matrix, 402, 6738, 3
matrix, 403, 7149, 3
matrix, 404, 8942, 4
matrix, 405, 4164, 4
matrix, 406, 4015, 3
matrix, 407, 2100, 4
matrix, 408, 2486, 4
matrix, 409, 9981, 3
matrix, 410, 9327, 3
matrix, 411, 3737, 4
matrix, 412, 4770, 3
matrix, 413, 44, 3
matrix, 414, 1288, 3
matrix, 415, 7136, 3
matrix, 416, 1482, 3
matrix, 417, 6201, 4
matrix, 418, 9295, 3
matrix, 419, 7595, 2
matrix, 420, 4386, 3
matrix, 421, 2001, 3
matrix, 422, 7965, 4
matrix, 423, 953, 4
matrix, 424, 253, 3
matrix, 425, 9664, 4
matrix, 426, 6539, 3
matrix, 427, 3891, 3
matrix, 428, 7335, 3
matrix, 429, 4828, 3
matrix, 430, 3693, 3
matrix, 431, 2687, 3
matrix, 432, 5289, 4
matrix, 433, 2069, 2
matrix, 434, 3097, 4
matrix, 435, 6845, 3
matrix, 436, 5790, 4
matrix, 437, 660, 4
matrix, 438, 180, 3
matrix, 439, 7708, 3
matrix, 440, 44, 3
matrix, 441, 6998, 3
matrix, 442, 7831, 3
matrix, 443, 8952, 4
matrix, 444, 5121, 3
matrix, 445, 9702, 4
matrix, 446, 5748, 3
matrix, 447, 4135, 3
matrix, 448, 3795, 3
matrix, 449, 7962, 2
matrix, 450, 8336, 3
matrix, 451, 7096, 4
matrix, 452, 371, 4
matrix, 453, 455, 4
matrix, 454, 1253, 4
matrix, 455, 1288, 3
matrix, 456, 478, 4
matrix, 457, 2826, 4
matrix, 458, 1144, 4
matrix, 459, 6370, 3
matrix, 460, 9526, 4
matrix, 461, 6679, 3
matrix, 462, 5495, 3
matrix, 463, 2678, 3
matrix, 464, 1668, 3
matrix, 465, 8532, 3
matrix, 466, 3594, 4
matrix, 467, 44, 3
matrix, 468, 9367, 4
matrix, 469, 253, 3
matrix, 470, 7887, 4
matrix, 471, 6705, 3
matrix, 472, 4002, 3
matrix, 473, 9082, 3
matrix, 474, 1812, 4
matrix, 475, 6996, 3
matrix, 476, 5631, 3
matrix, 477, 2609, 4
matrix, 478, 7908, 3
matrix, 479, 4504, 3
matrix, 480, 1788, 4
matrix, 481, 7680, 4
matrix, 482, 285, 3
matrix, 483, 299, 4
matrix, 484, 1976, 3
matrix, 485, 534, 4
matrix, 486, 277, 3
matrix, 487, 1470, 4
matrix, 488, 4060, 3
matrix, 489, 8228, 3
matrix, 490, 4732, 3
matrix, 491, 8097, 3
matrix, 492, 2253, 4
matrix, 493, 3897, 4
matrix, 494, 6738, 3
matrix, 495, 12, 4
matrix, 496, 194, 4
matrix, 497, 228, 3
matrix, 498, 9585, 4
matrix, 499, 3099, 3
matrix, 500, 6142, 2
matrix, 501, 1284, 3
matrix, 502, 7664, 3
matrix, 503, 7196, 3
matrix, 504, 3248, 3
matrix, 505, 7965, 4
matrix, 506, 5422, 4
matrix, 507, 3963, 4
matrix, 508, 5521, 3
matrix, 509, 1449, 3
matrix, 510, 1603, 3
matrix, 511, 7251, 4
matrix, 512, 9826, 4
matrix, 513, 3354, 3
matrix, 514, 8678, 3
matrix, 515, 3511, 4
matrix, 516, 7565, 4
matrix, 517, 854, 3
matrix, 518, 8961, 3
matrix, 519, 1416, 4
matrix, 520, 44, 3
matrix, 521, 4703, 3
matrix, 522, 9658, 3
matrix, 523, 4983, 4
matrix, 524, 3974, 4
matrix, 525, 6412, 4
matrix, 526, 1869, 3
matrix, 527, 8216, 2
matrix, 528, 2249, 4
matrix, 529, 3367, 4
matrix, 530, 9309, 3
matrix, 531, 1144, 4
matrix, 532, 5379, 4
matrix, 533, 3021, 4
matrix, 534, 1419, 3
matrix, 535, 3354, 3
matrix, 536, 6616, 3
matrix, 537, 391, 3
matrix, 538, 278, 4
matrix, 539, 9298, 4
matrix, 540, 2562, 4
matrix, 541, 3803, 4
matrix, 542, 1482, 3
matrix, 543, 1604, 3
matrix, 544, 329, 3
matrix, 545, 3692, 4
matrix, 546, 4055, 4
matrix, 547, 1274, 3
matrix, 548, 3486, 3
matrix, 549, 9767, 4
matrix, 550, 8837, 4
matrix, 551, 8961, 3
matrix, 552, 7464, 3
matrix, 553, 4796, 4
matrix, 554, 5130, 3
matrix, 555, 6829, 4
matrix, 556, 2899, 4
matrix, 557, 8460, 4
matrix, 558, 3002, 4
matrix, 559, 3518, 4
matrix, 560, 8183, 2
matrix, 561, 6679, 3
matrix, 562, 7711, 4
matrix, 563, 1063, 2
matrix, 564, 8230, 4
matrix, 565, 2542, 4
matrix, 566, 1550, 3
matrix, 567, 9871, 4
matrix, 568, 7127, 4
matrix, 569, 3224, 3
matrix, 570, 111, 4
matrix, 571, 3079, 3
matrix, 572, 7131, 3
matrix, 573, 4891, 3
matrix, 574, 9661, 3
matrix, 575, 1321, 3
matrix, 576, 8167, 3
matrix, 577, 9623, 3
matrix, 578, 774, 4
matrix, 579, 7752, 4
matrix, 580, 7088, 4
matrix, 581, 1085, 3
matrix, 582, 9367, 4
matrix, 583, 45, 3
matrix, 584, 642, 4
matrix, 585, 6344, 4
matrix, 586, 2564, 3
matrix, 587, 51, 4
matrix, 588, 3212, 3
matrix, 589, 2945, 4
matrix, 590, 500, 3
matrix, 591, 1845, 4
matrix, 592, 8555, 3
matrix, 593, 7113, 3
matrix, 594, 6343, 4
matrix, 595, 2530, 4
matrix, 596, 4732, 3
matrix, 597, 6861, 3
matrix, 598, 6141, 3
matrix, 599, 9284, 3
matrix, 600, 1673, 4
matrix, 601, 6136, 3
matrix, 602, 7335, 3
matrix, 603, 827, 3
matrix, 604, 8961, 3
matrix, 605, 8382, 3
matrix, 606, 5075, 3
matrix, 607, 5942, 3
matrix, 608, 7840, 3
matrix, 609, 5028, 4
matrix, 610, 4521, 3
matrix, 611, 1715, 4
matrix, 612, 9446, 3
matrix, 613, 3212, 3
matrix, 614, 3702, 4
matrix, 615, 3083, 3
matrix, 616, 8976, 4
matrix, 617, 2042, 3
matrix, 618, 5455, 4
matrix, 619, 45, 3
matrix, 620, 5907, 4
matrix, 621, 7095, 3
matrix, 622, 8578, 3
matrix, 623, 1343, 3
matrix, 624, 2975, 4
matrix, 625, 8064, 3
matrix, 626, 7674, 4
matrix, 627, 1342, 3
matrix, 628, 1828, 3
matrix, 629, 1398, 3
matrix, 630, 7113, 3
matrix, 631, 3953, 4
matrix, 632, 9002, 3
matrix, 633, 8228, 3
matrix, 634, 2394, 4
matrix, 635, 2981, 4
matrix, 636, 5627, 4
matrix, 637, 3212, 3
matrix, 638, 2994, 4
matrix, 639, 9654, 3
matrix, 640, 2582, 3
matrix, 641, 1716, 3
matrix, 642, 7908, 3
matrix, 643, 4135, 3
matrix, 644, 6142, 2
matrix, 645, 2899, 4
matrix, 646, 662, 3
matrix, 647, 893, 3
matrix, 648, 9657, 4
matrix, 649, 4541, 3
matrix, 650, 3822, 3
matrix, 651, 1760, 3
matrix, 652, 7113, 3
matrix, 653, 5169, 3
matrix, 654, 4891, 3
matrix, 655, 1758, 4
matrix, 656, 2572, 4
matrix, 657, 8802, 4
matrix, 658, 3891, 3
matrix, 659, 1673, 4
matrix, 660, 8679, 3
matrix, 661, 2150, 3
matrix, 662, 7616, 2
matrix, 663, 3395, 4
matrix, 664, 5556, 3
matrix, 665, 7664, 3
matrix, 666, 2219, 4
matrix, 667, 7712, 4
matrix, 668, 3802, 4
matrix, 669, 7734, 4
matrix, 670, 449, 3
matrix, 671, 9562, 4
matrix, 672, 4002, 3
matrix, 673, 5121, 3
matrix, 674, 8171, 4
matrix, 675, 3779, 3
matrix, 676, 6277, 4
matrix, 677, 1769, 4
matrix, 678, 7136, 3
matrix, 679, 7079, 4
matrix, 680, 5874, 3
matrix, 681, 1284, 3
matrix, 682, 9654, 3
matrix, 683, 9151, 4
matrix, 684, 1419, 3
matrix, 685, 1868, 4
matrix, 686, 4501, 4
matrix, 687, 8116, 4
matrix, 688, 6432, 3
matrix, 689, 4740, 3
matrix, 690, 4541, 3
matrix, 691, 3431, 4
matrix, 692, 1877, 4
matrix, 693, 8440, 3
matrix, 694, 7561, 3
matrix, 695, 7464, 3
matrix, 696, 1063, 2
matrix, 697, 8295, 3
matrix, 698, 3444, 4
matrix, 699, 9379, 4
matrix, 700, 8171, 4
matrix, 701, 825, 3
matrix, 702, 1192, 4
matrix, 703, 158, 3
matrix, 704, 6210, 3
matrix, 705, 9759, 3
matrix, 706, 41, 4
matrix, 707, 2253, 4
matrix, 708, 5368, 4
matrix, 709, 5039, 4
matrix, 710, 8228, 3
matrix, 711, 7517, 4
matrix, 712, 2905, 4
matrix, 713, 9167, 3
matrix, 714, 2597, 4
matrix, 715, 148, 2
matrix, 716, 8209, 4
matrix, 717, 5634, 3
matrix, 718, 899, 4
matrix, 719, 1550, 3
matrix, 720, 4083, 3
matrix, 721, 8555, 3
matrix, 722, 5521, 3
matrix, 723, 9277, 4
matrix, 724, 5461, 3
matrix, 725, 3518, 4
matrix, 726, 7495, 4
matrix, 727, 7809, 4
matrix, 728, 9137, 3
matrix, 729, 1530, 4
matrix, 730, 6490, 4
matrix, 731, 3600, 3
matrix, 732, 2606, 3
matrix, 733, 3950, 3
matrix, 734, 3557, 4
matrix, 735, 96, 3
matrix, 736, 5562, 4
matrix, 737, 9327, 3
matrix, 738, 5909, 3
matrix, 739, 6123, 3
matrix, 740, 6845, 3
matrix, 741, 6845, 3
matrix, 742, 9661, 3
matrix, 743, 9623, 3
matrix, 744, 7710, 4
matrix, 745, 2980, 3
matrix, 746, 3612, 4
matrix, 747, 8257, 3
matrix, 748, 7650, 4
matrix, 749, 6715, 4
matrix, 750, 3701, 3
matrix, 751, 2627, 4
matrix, 752, 6696, 4
matrix, 753, 8257, 3
matrix, 754, 286, 3
matrix, 755, 9380, 4
matrix, 756, 8679, 3
matrix, 757, 9167, 3
matrix, 758, 7891, 3
matrix, 759, 5556, 3
matrix, 760, 8551, 3
matrix, 761, 2486, 4
matrix, 762, 5224, 3
matrix, 763, 3622, 4
matrix, 764, 7616, 2
matrix, 765, 6561, 4
matrix, 766, 9847, 3
matrix, 767, 5458, 4
matrix, 768, 1061, 4
matrix, 769, 3143, 4
matrix, 770, 148, 2
matrix, 771, 283, 4
matrix, 772, 4926, 4
matrix, 773, 4891, 3
matrix, 774, 696, 3
matrix, 775, 5681, 3
matrix, 776, 2881, 3
matrix, 777, 7174, 4
matrix, 778, 9799, 4
matrix, 779, 7131, 3
matrix, 780, 449, 3
matrix, 781, 1828, 3
matrix, 782, 9957, 3
matrix, 783, 7183, 3
matrix, 784, 5327, 3
matrix, 785, 8112, 4
matrix, 786, 8905, 4
matrix, 787, 5011, 3
matrix, 788, 5637, 4
matrix, 789, 4504, 3
matrix, 790, 3795, 3
matrix, 791, 1482, 3
matrix, 792, 7733, 3
matrix, 793, 5265, 3
matrix, 794, 3843, 3
matrix, 795, 3444, 4
matrix, 796, 4891, 3
matrix, 797, 3369, 3
matrix, 798, 8160, 4
matrix, 799, 8460, 4
matrix, 800, 1449, 3
matrix, 801, 180, 3
matrix, 802, 5942, 3
matrix, 803, 7106, 3
matrix, 804, 1976, 3
matrix, 805, 9309, 3
matrix, 806, 3299, 3
matrix, 807, 3600, 3
matrix, 808, 7027, 3
matrix, 809, 8622, 3
matrix, 810, 1976, 3
matrix, 811, 7664, 3
matrix, 812, 1299, 2
matrix, 813, 6052, 4
matrix, 814, 4165, 4
matrix, 815, 5521, 3
matrix, 816, 2224, 3
matrix, 817, 8197, 4
matrix, 818, 8166, 3
matrix, 819, 5224, 3
matrix, 820, 96, 3
matrix, 821, 4709, 3
matrix, 822, 2757, 4
matrix, 823, 1868, 4
matrix, 824, 715, 3
matrix, 825, 7962, 2
matrix, 826, 6003, 3
matrix, 827, 4500, 2
matrix, 828, 9023, 3
matrix, 829, 9494, 3
matrix, 830, 3661, 4
matrix, 831, 7835, 4
matrix, 832, 8891, 3
matrix, 833, 2219, 4
matrix, 834, 9363, 4
matrix, 835, 3620, 4
matrix, 836, 6831, 4
matrix, 837, 9055, 4
matrix, 838, 9740, 4
matrix, 839, 5614, 4
matrix, 840, 4607, 3
matrix, 841, 2439, 4
matrix, 842, 1497, 4
matrix, 843, 6817, 3
matrix, 844, 1419, 3
matrix, 845, 6887, 3
matrix, 846, 2678, 3
matrix, 847, 662, 3
matrix, 848, 3401, 3
matrix, 849, 5130, 3
matrix, 850, 9327, 3
matrix, 851, 1793, 4
matrix, 852, 9446, 3
matrix, 853, 4584, 3
matrix, 854, 2791, 2
matrix, 855, 4891, 3
matrix, 856, 9082, 3
matrix, 857, 4770, 3
matrix, 858, 2481, 4
matrix, 859, 4220, 3
matrix, 860, 3360, 3
matrix, 861, 9446, 3
matrix, 862, 2927, 4
matrix, 863, 228, 3
matrix, 864, 527, 3
matrix, 865, 1137, 4
matrix, 866, 9494, 3
matrix, 867, 2958, 3
matrix, 868, 9055, 4
matrix, 869, 9322, 3
matrix, 870, 5319, 3
matrix, 871, 4926, 4
matrix, 872, 1343, 3
matrix, 873, 5509, 3
matrix, 874, 5493, 4
matrix, 875, 44, 3
matrix, 876, 1696, 3
matrix, 877, 7700, 4
matrix, 878, 762, 4
matrix, 879, 3950, 3
matrix, 880, 2808, 4
matrix, 881, 4521, 3
matrix, 882, 7136, 3
matrix, 883, 3401, 3
matrix, 884, 4207, 3
matrix, 885, 4083, 3
matrix, 886, 2123, 4
matrix, 887, 6996, 3
matrix, 888, 7785, 4
matrix, 889, 7959, 3
matrix, 890, 1069, 3
matrix, 891, 2678, 3
matrix, 892, 8678, 3
matrix, 893, 1063, 2
matrix, 894, 1851, 3
matrix, 895, 9486, 4
matrix, 896, 3308, 3
matrix, 897, 6780, 4
matrix, 898, 9767, 4
matrix, 899, 7118, 3
matrix, 900, 5909, 3
matrix, 901, 852, 4
matrix, 902, 6168, 4
matrix, 903, 6235, 3
matrix, 904, 6464, 3
matrix, 905, 5461, 3
matrix, 906, 2053, 4
matrix, 907, 1550, 3
matrix, 908, 6647, 3
matrix, 909, 1440, 3
matrix, 910, 1007, 4
matrix, 911, 3212, 3
matrix, 912, 8463, 3
matrix, 913, 1548, 3
matrix, 914, 8703, 3
matrix, 915, 1732, 4
matrix, 916, 9322, 3
matrix, 917, 882, 4
matrix, 918, 2788, 4
matrix, 919, 2567, 4
matrix, 920, 8685, 4
matrix, 921, 1982, 4
matrix, 922, 6679, 3
matrix, 923, 9374, 4
matrix, 924, 8273, 4
matrix, 925, 6738, 3
matrix, 926, 7015, 4
matrix, 927, 7825, 4
matrix, 928, 3824, 4
matrix, 929, 2798, 4
matrix, 930, 8876, 4
matrix, 931, 2274, 4
matrix, 932, 2926, 4
matrix, 933, 6136, 3
matrix, 934, 5874, 3
matrix, 935, 3483, 3
matrix, 936, 1368, 4
matrix, 937, 9298, 4
matrix, 938, 6845, 3
matrix, 939, 2150, 3
matrix, 940, 449, 3
matrix, 941, 5634, 3
matrix, 942, 6090, 4
matrix, 943, 8919, 3
matrix, 944, 9145, 3
matrix, 945, 9466, 3
matrix, 946, 5014, 4
matrix, 947, 6817, 3
matrix, 948, 6973, 4
matrix, 949, 9007, 3
matrix, 950, 7246, 3
matrix, 951, 574, 4
matrix, 952, 9970, 4
matrix, 953, 3212, 3
matrix, 954, 5556, 3
matrix, 955, 6235, 3
matrix, 956, 4949, 4
matrix, 957, 5265, 3
matrix, 958, 9677, 3
matrix, 959, 1482, 3
matrix, 960, 5600, 4
matrix, 961, 8266, 3
matrix, 962, 4487, 3
matrix, 963, 7434, 3
matrix, 964, 1890, 4
matrix, 965, 8298, 3
matrix, 966, 4500, 2
matrix, 967, 3363, 3
matrix, 968, 7192, 3
matrix, 969, 1206, 4
matrix, 970, 3779, 3
matrix, 971, 8691, 4
matrix, 972, 9910, 3
matrix, 973, 7473, 4
matrix, 974, 1321, 3
matrix, 975, 5521, 3
matrix, 976, 7830, 4
matrix, 977, 1368, 4
matrix, 978, 4104, 3
matrix, 979, 6157, 3
matrix, 980, 1284, 3
matrix, 981, 9082, 3
matrix, 982, 1828, 3
matrix, 983, 455, 4
matrix, 984, 5482, 3
matrix, 985, 5604, 3
matrix, 986, 9244, 4
matrix, 987, 7016, 4
matrix, 988, 5521, 3
matrix, 989, 391, 3
matrix, 990, 1696, 3
matrix, 991, 1976, 3
matrix, 992, 7937, 4
matrix, 993, 419, 3
matrix, 994, 6539, 3
matrix, 995, 3308, 3
matrix, 996, 91, 4
matrix, 997, 7650, 4
matrix, 998, 4519, 3
matrix, 999, 2276, 3
matrix, 1000, 6924, 3
matrix, 1001, 6221, 4
matrix, 1002, 4539, 4
matrix, 1003, 5541, 3
matrix, 1004, 1641, 4
matrix, 1005, 3779, 3
matrix, 1006, 6597, 4
matrix, 1007, 7183, 3
matrix, 1008, 158, 3
matrix, 1009, 7059, 4
matrix, 1010, 1115, 4
matrix, 1011, 5541, 3
matrix, 1012, 8551, 3
matrix, 1013, 2980, 3
matrix, 1014, 5737, 4
matrix, 1015, 1163, 4
matrix, 1016, 3291, 4
matrix, 1017, 9023, 3
matrix, 1018, 1482, 3
matrix, 1019, 8686, 4
matrix, 1020, 433, 3
matrix, 1021, 2611, 3
matrix, 1022, 2627, 4
matrix, 1023, 3779, 3
matrix, 1024, 6185, 4
matrix, 1025, 1368, 4
matrix, 1026, 8626, 4
matrix, 1027, 6539, 3
matrix, 1028, 6738, 3
matrix, 1029, 1339, 4
matrix, 1030, 1299, 2
matrix, 1031, 3613, 3
matrix, 1032, 8382, 3
matrix, 1033, 9175, 3
matrix, 1034, 5224, 3
matrix, 1035, 23, 4
matrix, 1036, 9466, 3
matrix, 1037, 9702, 4
matrix, 1038, 5319, 3
matrix, 1039, 9724, 3
matrix, 1040, 3097, 4
matrix, 1041, 6123, 3
matrix, 1042, 5399, 4
matrix, 1043, 1284, 3
matrix, 1044, 4854, 3
matrix, 1045, 8074, 4
matrix, 1046, 8406, 3
matrix, 1047, 1668, 3
matrix, 1048, 8228, 3
matrix, 1049, 6185, 4
matrix, 1050, 8273, 4
matrix, 1051, 4180, 4
matrix, 1052, 3703, 4
matrix, 1053, 6647, 3
matrix, 1054, 6924, 3
matrix, 1055, 1402, 3
matrix, 1056, 4060, 3
matrix, 1057, 9283, 3
matrix, 1058, 2909, 3
matrix, 1059, 4515, 3
matrix, 1060, 7676, 4
matrix, 1061, 2678, 3
matrix, 1062, 3020, 4
matrix, 1063, 1, 1
matrix, 1064, 111, 4
matrix, 1065, 1976, 3
matrix, 1066, 2791, 2
matrix, 1067, 4055, 4
matrix, 1068, 1707, 3
matrix, 1069, 1908, 2
matrix, 1070, 7747, 4
matrix, 1071, 2677, 4
matrix, 1072, 6283, 4
matrix, 1073, 3256, 4
matrix, 1074, 563, 3
matrix, 1075, 4598, 4
matrix, 1076, 8646, 4
matrix, 1077, 7716, 4
matrix, 1078, 2150, 3
matrix, 1079, 2031, 2
matrix, 1080, 4060, 3
matrix, 1081, 8295, 3
matrix, 1082, 6370, 3
matrix, 1083, 4518, 4
matrix, 1084, 7769, 3
matrix, 1085, 6142, 2
matrix, 1086, 3099, 3
matrix, 1087, 7752, 4
matrix, 1088, 3752, 3
matrix, 1089, 5693, 3
matrix, 1090, 7438, 3
matrix, 1091, 1978, 4
matrix, 1092, 1851, 3
matrix, 1093, 2856, 4
matrix, 1094, 5218, 4
matrix, 1095, 8516, 3
matrix, 1096, 6566, 3
matrix, 1097, 6928, 3
matrix, 1098, 9800, 3
matrix, 1099, 2958, 3
matrix, 1100, 9440, 3
matrix, 1101, 4075, 4
matrix, 1102, 6210, 3
matrix, 1103, 2544, 4
matrix, 1104, 3299, 3
matrix, 1105, 1066, 3
matrix, 1106, 2791, 2
matrix, 1107, 8097, 3
matrix, 1108, 228, 3
matrix, 1109, 9664, 4
matrix, 1110, 2611, 3
matrix, 1111, 7106, 3
matrix, 1112, 1616, 4
matrix, 1113, 8516, 3
matrix, 1114, 9684, 3
matrix, 1115, 382, 3
matrix, 1116, 1078, 4
matrix, 1117, 1767, 4
matrix, 1118, 2674, 4
matrix, 1119, 9494, 3
matrix, 1120, 2579, 4
matrix, 1121, 7660, 3
matrix, 1122, 4015, 3
matrix, 1123, 504, 4
matrix, 1124, 939, 4
matrix, 1125, 2732, 4
matrix, 1126, 3752, 3
matrix, 1127, 9584, 4
matrix, 1128, 1470, 4
matrix, 1129, 6277, 4
matrix, 1130, 7840, 3
matrix, 1131, 8840, 4
matrix, 1132, 1929, 3
matrix, 1133, 2979, 4
matrix, 1134, 3995, 4
matrix, 1135, 770, 3
matrix, 1136, 1925, 4
matrix, 1137, 5672, 3
matrix, 1138, 4845, 4
matrix, 1139, 3317, 4
matrix, 1140, 7438, 3
matrix, 1141, 8532, 3
matrix, 1142, 4614, 3
matrix, 1143, 6993, 3
matrix, 1144, 1248, 3
matrix, 1145, 6705, 3
matrix, 1146, 2802, 4
matrix, 1147, 770, 3
matrix, 1148, 2703, 3
matrix, 1149, 3982, 3
matrix, 1150, 2261, 3
matrix, 1151, 4135, 3
matrix, 1152, 3434, 3
matrix, 1153, 844, 4
matrix, 1154, 218, 3
matrix, 1155, 8961, 3
matrix, 1156, 2782, 3
matrix, 1157, 4614, 3
matrix, 1158, 7185, 3
matrix, 1159, 4586, 4
matrix, 1160, 8460, 4
matrix, 1161, 1274, 3
matrix, 1162, 1982, 4
matrix, 1163, 7667, 3
matrix, 1164, 1325, 3
matrix, 1165, 6475, 4
matrix, 1166, 3212, 3
matrix, 1167, 7117, 4
matrix, 1168, 3795, 3
matrix, 1169, 4949, 4
matrix, 1170, 7580, 4
matrix, 1171, 3083, 3
matrix, 1172, 4891, 3
matrix, 1173, 5310, 4
matrix, 1174, 4207, 3
matrix, 1175, 4359, 4
matrix, 1176, 4167, 4
matrix, 1177, 8436, 3
matrix, 1178, 5759, 4
matrix, 1179, 8390, 2
matrix, 1180, 5083, 3
matrix, 1181, 3460, 3
matrix, 1182, 8678, 3
matrix, 1183, 3363, 3
matrix, 1184, 8686, 4
matrix, 1185, 8239, 3
matrix, 1186, 232, 3
matrix, 1187, 3363, 3
matrix, 1188, 9472, 4
matrix, 1189, 6861, 3
matrix, 1190, 158, 3
matrix, 1191, 1531, 4
matrix, 1192, 2150, 3
matrix, 1193, 4178, 4
matrix, 1194, 8409, 3
matrix, 1195, 3693, 3
matrix, 1196, 6003, 3
matrix, 1197, 9555, 4
matrix, 1198, 1106, 3
matrix, 1199, 3099, 3
matrix, 1200, 9007, 3
matrix, 1201, 69, 4
matrix, 1202, 1063, 2
matrix, 1203, 7674, 4
matrix, 1204, 1890, 4
matrix, 1205, 5603, 4
matrix, 1206, 3248, 3
matrix, 1207, 8266, 3
matrix, 1208, 1147, 4
matrix, 1209, 329, 3
matrix, 1210, 2150, 3
matrix, 1211, 5169, 3
matrix, 1212, 7478, 3
matrix, 1213, 5126, 3
matrix, 1214, 1419, 3
matrix, 1215, 6654, 3
matrix, 1216, 9981, 3
matrix, 1217, 2685, 4
matrix, 1218, 6738, 3
matrix, 1219, 1976, 3
matrix, 1220, 9654, 3
matrix, 1221, 8555, 3
matrix, 1222, 2056, 4
matrix, 1223, 4828, 3
matrix, 1224, 3417, 3
matrix, 1225, 41, 4
matrix, 1226, 2886, 4
matrix, 1227, 6738, 3
matrix, 1228, 5168, 4
matrix, 1229, 812, 3
matrix, 1230, 6105, 4
matrix, 1231, 3636, 3
matrix, 1232, 6609, 4
matrix, 1233, 5410, 3
matrix, 1234, 5631, 3
matrix, 1235, 9466, 3
matrix, 1236, 4152, 4
matrix, 1237, 5122, 3
matrix, 1238, 1561, 3
matrix, 1239, 3702, 4
matrix, 1240, 9863, 3
matrix, 1241, 465, 4
matrix, 1242, 1707, 3
matrix, 1243, 6616, 3
matrix, 1244, 7708, 3
matrix, 1245, 1767, 4
matrix, 1246, 4891, 3
matrix, 1247, 2637, 3
matrix, 1248, 331, 2
matrix, 1249, 825, 3
matrix, 1250, 4002, 3
matrix, 1251, 2758, 3
matrix, 1252, 9497, 4
matrix, 1253, 4405, 3
matrix, 1254, 1419, 3
matrix, 1255, 1731, 3
matrix, 1256, 1707, 3
matrix, 1257, 4060, 3
matrix, 1258, 8703, 3
matrix, 1259, 4515, 3
matrix, 1260, 5319, 3
matrix, 1261, 1463, 4
matrix, 1262, 8641, 4
matrix, 1263, 8239, 3
matrix, 1264, 861, 4
matrix, 1265, 7596, 4
matrix, 1266, 3090, 3
matrix, 1267, 9315, 3
matrix, 1268, 3099, 3
matrix, 1269, 218, 3
matrix, 1270, 4860, 4
matrix, 1271, 2958, 3
matrix, 1272, 3982, 3
matrix, 1273, 2649, 4
matrix, 1274, 1908, 2
matrix, 1275, 1668, 3
matrix, 1276, 6434, 3
matrix, 1277, 3263, 4
matrix, 1278, 7251, 4
matrix, 1279, 5612, 3
matrix, 1280, 6157, 3
matrix, 1281, 4359, 4
matrix, 1282, 1769, 4
matrix, 1283, 5429, 4
matrix, 1284, 1299, 2
matrix, 1285, 9759, 3
matrix, 1286, 1887, 4
matrix, 1287, 374, 4
matrix, 1288, 1063, 2
matrix, 1289, 3369, 3
matrix, 1290, 6164, 4
matrix, 1291, 8555, 3
matrix, 1292, 5363, 4
matrix, 1293, 693, 4
matrix, 1294, 9423, 4
matrix, 1295, 8440, 3
matrix, 1296, 9082, 3
matrix, 1297, 9981, 3
matrix, 1298, 2056, 4
matrix, 1299, 1, 1
matrix, 1300, 1202, 3
matrix, 1301, 764, 3
matrix, 1302, 5556, 3
matrix, 1303, 8228, 3
matrix, 1304, 7118, 3
matrix, 1305, 4142, 4
matrix, 1306, 4276, 4
matrix, 1307, 6887, 3
matrix, 1308, 1530, 4
matrix, 1309, 9654, 3
matrix, 1310, 1288, 3
matrix, 1311, 1531, 4
matrix, 1312, 8622, 3
matrix, 1313, 8535, 3
matrix, 1314, 6257, 4
matrix, 1315, 3912, 4
matrix, 1316, 4753, 4
matrix, 1317, 5874, 3
matrix, 1318, 5380, 4
matrix, 1319, 232, 3
matrix, 1320, 2909, 3
matrix, 1321, 7616, 2
matrix, 1322, 4060, 3
matrix, 1323, 1696, 3
matrix, 1324, 7664, 3
matrix, 1325, 7595, 2
matrix, 1326, 6159, 3
matrix, 1327, 8359, 3
matrix, 1328, 8231, 4
matrix, 1329, 2219, 4
matrix, 1330, 7887, 4
matrix, 1331, 6110, 4
matrix, 1332, 9232, 3
matrix, 1333, 12, 4
matrix, 1334, 7027, 3
matrix, 1335, 4196, 4
matrix, 1336, 3600, 3
matrix, 1337, 6685, 4
matrix, 1338, 2954, 4
matrix, 1339, 286, 3
matrix, 1340, 2719, 4
matrix, 1341, 7033, 3
matrix, 1342, 331, 2
matrix, 1343, 8183, 2
matrix, 1344, 45, 3
matrix, 1345, 9954, 4
matrix, 1346, 2813, 3
matrix, 1347, 6274, 3
matrix, 1348, 1490, 4
matrix, 1349, 6235, 3
matrix, 1350, 5856, 3
matrix, 1351, 3600, 3
matrix, 1352, 1141, 4
matrix, 1353, 8266, 3
matrix, 1354, 8646, 4
matrix, 1355, 8891, 3
matrix, 1356, 2146, 4
matrix, 1357, 1440, 3
matrix, 1358, 4770, 3
matrix, 1359, 6347, 4
matrix, 1360, 7232, 4
matrix, 1361, 3299, 3
matrix, 1362, 2225, 4
matrix, 1363, 4186, 3
matrix, 1364, 6123, 3
matrix, 1365, 5260, 4
matrix, 1366, 5639, 4
matrix, 1367, 433, 3
matrix, 1368, 4521, 3
matrix, 1369, 2342, 4
matrix, 1370, 2782, 3
matrix, 1371, 1716, 3
matrix, 1372, 4692, 3
matrix, 1373, 368, 3
matrix, 1374, 6679, 3
matrix, 1375, 1757, 3
matrix, 1376, 812, 3
matrix, 1377, 4096, 4
matrix, 1378, 2530, 4
matrix, 1379, 5631, 3
matrix, 1380, 9345, 4
matrix, 1381, 7831, 3
matrix, 1382, 9684, 3
matrix, 1383, 5000, 3
matrix, 1384, 5821, 4
matrix, 1385, 2852, 4
matrix, 1386, 4614, 3
matrix, 1387, 9298, 4
matrix, 1388, 3050, 4
matrix, 1389, 5126, 3
matrix, 1390, 2933, 4
matrix, 1391, 4891, 3
matrix, 1392, 7478, 3
matrix, 1393, 6996, 3
matrix, 1394, 5714, 3
matrix, 1395, 9802, 4
matrix, 1396, 527, 3
matrix, 1397, 2703, 3
matrix, 1398, 7962, 2
matrix, 1399, 1482, 3
matrix, 1400, 9068, 3
matrix, 1401, 4818, 4
matrix, 1402, 7616, 2
matrix, 1403, 3340, 3
matrix, 1404, 9494, 3
matrix, 1405, 1269, 4
matrix, 1406, 1617, 3
matrix, 1407, 6647, 3
matrix, 1408, 4703, 3
matrix, 1409, 7106, 3
matrix, 1410, 8328, 4
matrix, 1411, 7708, 3
matrix, 1412, 330, 4
matrix, 1413, 4135, 3
matrix, 1414, 5748, 3
matrix, 1415, 4881, 4
matrix, 1416, 1342, 3
matrix, 1417, 8516, 3
matrix, 1418, 8183, 2
matrix, 1419, 331, 2
matrix, 1420, 7908, 3
matrix, 1421, 3667, 4
matrix, 1422, 6157, 3
matrix, 1423, 2042, 3
matrix, 1424, 7769, 3
matrix, 1425, 8834, 3
matrix, 1426, 9327, 3
matrix, 1427, 2238, 3
matrix, 1428, 4813, 3
matrix, 1429, 9145, 3
matrix, 1430, 9721, 3
matrix, 1431, 3950, 3
matrix, 1432, 9313, 4
matrix, 1433, 696, 3
matrix, 1434, 8834, 3
matrix, 1435, 5213, 4
matrix, 1436, 1419, 3
matrix, 1437, 5220, 4
matrix, 1438, 5924, 4
matrix, 1439, 2522, 3
matrix, 1440, 6644, 2
matrix, 1441, 4135, 3
matrix, 1442, 3401, 3
matrix, 1443, 3891, 3
matrix, 1444, 3308, 3
matrix, 1445, 3897, 4
matrix, 1446, 5987, 3
matrix, 1447, 1929, 3
matrix, 1448, 3701, 3
matrix, 1449, 8981, 2
matrix, 1450, 8064, 3
matrix, 1451, 610, 4
matrix, 1452, 3042, 4
matrix, 1453, 4196, 4
matrix, 1454, 4060, 3
matrix, 1455, 5714, 3
matrix, 1456, 9446, 3
matrix, 1457, 9654, 3
matrix, 1458, 8834, 3
matrix, 1459, 9344, 4
matrix, 1460, 8703, 3
matrix, 1461, 1066, 3
matrix, 1462, 1793, 4
matrix, 1463, 2150, 3
matrix, 1464, 3308, 3
matrix, 1465, 8266, 3
matrix, 1466, 7887, 4
matrix, 1467, 4587, 3
matrix, 1468, 8390, 2
matrix, 1469, 4345, 3
matrix, 1470, 286, 3
matrix, 1471, 2657, 3
matrix, 1472, 4150, 4
matrix, 1473, 3897, 4
matrix, 1474, 7345, 4
matrix, 1475, 4563, 3
matrix, 1476, 3998, 4
matrix, 1477, 2994, 4
matrix, 1478, 2189, 4
matrix, 1479, 3663, 4
matrix, 1480, 1469, 4
matrix, 1481, 2813, 3
matrix, 1482, 1908, 2
matrix, 1483, 2973, 4
matrix, 1484, 4504, 3
matrix, 1485, 8087, 4
matrix, 1486, 9284, 3
matrix, 1487, 3395, 4
matrix, 1488, 9654, 3
matrix, 1489, 3213, 4
matrix, 1490, 1828, 3
matrix, 1491, 402, 4
matrix, 1492, 6370, 3
matrix, 1493, 9068, 3
matrix, 1494, 2826, 4
matrix, 1495, 7588, 4
matrix, 1496, 7578, 3
matrix, 1497, 893, 3
matrix, 1498, 2606, 3
matrix, 1499, 4770, 3
matrix, 1500, 4950, 4
matrix, 1501, 2492, 4
matrix, 1502, 5187, 4
matrix, 1503, 1641, 4
matrix, 1504, 3308, 3
matrix, 1505, 7389, 4
matrix, 1506, 3188, 3
matrix, 1507, 391, 3
matrix, 1508, 5738, 4
matrix, 1509, 2253, 4
matrix, 1510, 8166, 3
matrix, 1511, 3779, 3
matrix, 1512, 7982, 3
matrix, 1513, 6689, 4
matrix, 1514, 8166, 3
matrix, 1515, 5611, 3
matrix, 1516, 3598, 4
matrix, 1517, 5494, 4
matrix, 1518, 1482, 3
matrix, 1519, 9799, 4
matrix, 1520, 1535, 4
matrix, 1521, 329, 3
matrix, 1522, 4349, 4
matrix, 1523, 3834, 4
matrix, 1524, 449, 3
matrix, 1525, 2229, 4
matrix, 1526, 2414, 4
matrix, 1527, 7027, 3
matrix, 1528, 4923, 4
matrix, 1529, 1418, 3
matrix, 1530, 715, 3
matrix, 1531, 5672, 3
matrix, 1532, 4104, 3
matrix, 1533, 6996, 3
matrix, 1534, 2352, 3
matrix, 1535, 8679, 3
matrix, 1536, 8507, 3
matrix, 1537, 6515, 4
matrix, 1538, 9486, 4
matrix, 1539, 4220, 3
matrix, 1540, 8160, 4
matrix, 1541, 9007, 3
matrix, 1542, 9068, 3
matrix, 1543, 4614, 3
matrix, 1544, 5907, 4
matrix, 1545, 4770, 3
matrix, 1546, 1604, 3
matrix, 1547, 2980, 3
matrix, 1548, 6142, 2
matrix, 1549, 3636, 3
matrix, 1550, 4500, 2
matrix, 1551, 9007, 3
matrix, 1552, 6238, 4
matrix, 1553, 4587, 3
matrix, 1554, 9429, 4
matrix, 1555, 6780, 4
matrix, 1556, 7023, 3
matrix, 1557, 6887, 3
matrix, 1558, 3795, 3
matrix, 1559, 5396, 4
matrix, 1560, 218, 3
matrix, 1561, 8981, 2
matrix, 1562, 6449, 3
matrix, 1563, 8753, 3
matrix, 1564, 4326, 3
matrix, 1565, 9591, 3
matrix, 1566, 7612, 4
matrix, 1567, 3079, 3
matrix, 1568, 1851, 3
matrix, 1569, 2813, 3
matrix, 1570, 5856, 3
matrix, 1571, 391, 3
matrix, 1572, 3483, 3
matrix, 1573, 6928, 3
matrix, 1574, 8578, 3
matrix, 1575, 1147, 4
matrix, 1576, 2100, 4
matrix, 1577, 2334, 4
matrix, 1578, 4703, 3
matrix, 1579, 9954, 4
matrix, 1580, 7801, 4
matrix, 1581, 1851, 3
matrix, 1582, 5779, 4
matrix, 1583, 23, 4
matrix, 1584, 2326, 4
matrix, 1585, 9661, 3
matrix, 1586, 5011, 3
matrix, 1587, 5994, 4
matrix, 1588, 2467, 3
matrix, 1589, 8340, 3
matrix, 1590, 5380, 4
matrix, 1591, 218, 3
matrix, 1592, 4060, 3
matrix, 1593, 236, 4
matrix, 1594, 2222, 4
matrix, 1595, 278, 4
matrix, 1596, 9008, 3
matrix, 1597, 8347, 4
matrix, 1598, 1402, 3
matrix, 1599, 8471, 4
matrix, 1600, 1690, 4
matrix, 1601, 1202, 3
matrix, 1602, 2981, 4
matrix, 1603, 8216, 2
matrix, 1604, 8981, 2
matrix, 1605, 5461, 3
matrix, 1606, 8002, 4
matrix, 1607, 7220, 4
matrix, 1608, 4854, 3
matrix, 1609, 277, 3
matrix, 1610, 693, 4
matrix, 1611, 8911, 3
matrix, 1612, 5693, 3
matrix, 1613, 9684, 3
matrix, 1614, 5461, 3
matrix, 1615, 881, 4
matrix, 1616, 8440, 3
matrix, 1617, 4500, 2
matrix, 1618, 2522, 3
matrix, 1619, 8430, 4
matrix, 1620, 8382, 3
matrix, 1621, 9294, 4
matrix, 1622, 9739, 4
matrix, 1623, 1851, 3
matrix, 1624, 1690, 4
matrix, 1625, 6720, 4
matrix, 1626, 5399, 4
matrix, 1627, 5320, 4
matrix, 1628, 7335, 3
matrix, 1629, 4207, 3
matrix, 1630, 7079, 4
matrix, 1631, 2238, 3
matrix, 1632, 8961, 3
matrix, 1633, 9145, 3
matrix, 1634, 7295, 4
matrix, 1635, 9170, 3
matrix, 1636, 762, 4
matrix, 1637, 764, 3
matrix, 1638, 1673, 4
matrix, 1639, 6831, 4
matrix, 1640, 6626, 4
matrix, 1641, 770, 3
matrix, 1642, 3410, 4
matrix, 1643, 3795, 3
matrix, 1644, 1793, 4
matrix, 1645, 7546, 4
matrix, 1646, 2043, 4
matrix, 1647, 9068, 3
matrix, 1648, 6679, 3
matrix, 1649, 3860, 4
matrix, 1650, 2852, 4
matrix, 1651, 7522, 4
matrix, 1652, 3747, 3
matrix, 1653, 7106, 3
matrix, 1654, 6738, 3
matrix, 1655, 286, 3
matrix, 1656, 825, 3
matrix, 1657, 7908, 3
matrix, 1658, 4359, 4
matrix, 1659, 41, 4
matrix, 1660, 391, 3
matrix, 1661, 218, 3
matrix, 1662, 9944, 3
matrix, 1663, 3363, 3
matrix, 1664, 6679, 3
matrix, 1665, 1661, 4
matrix, 1666, 684, 4
matrix, 1667, 2222, 4
matrix, 1668, 2069, 2
matrix, 1669, 9145, 3
matrix, 1670, 2248, 4
matrix, 1671, 9759, 3
matrix, 1672, 5011, 3
matrix, 1673, 218, 3
matrix, 1674, 1869, 3
matrix, 1675, 7057, 4
matrix, 1676, 2657, 3
matrix, 1677, 3020, 4
matrix, 1678, 2276, 3
matrix, 1679, 7734, 4
matrix, 1680, 7478, 3
matrix, 1681, 9087, 4
matrix, 1682, 1603, 3
matrix, 1683, 5509, 3
matrix, 1684, 1851, 3
matrix, 1685, 7095, 3
matrix, 1686, 9759, 3
matrix, 1687, 2224, 3
matrix, 1688, 8984, 4
matrix, 1689, 8064, 3
matrix, 1690, 5224, 3
matrix, 1691, 6647, 3
matrix, 1692, 9737, 4
matrix, 1693, 7669, 4
matrix, 1694, 7010, 3
matrix, 1695, 4104, 3
matrix, 1696, 7595, 2
matrix, 1697, 8513, 4
matrix, 1698, 563, 3
matrix, 1699, 7870, 3
matrix, 1700, 6308, 4
matrix, 1701, 4738, 4
matrix, 1702, 5492, 4
matrix, 1703, 5942, 3
matrix, 1704, 6159, 3
matrix, 1705, 9767, 4
matrix, 1706, 3340, 3
matrix, 1707, 2069, 2
matrix, 1708, 7747, 4
matrix, 1709, 5509, 3
matrix, 1710, 2467, 3
matrix, 1711, 4060, 3
matrix, 1712, 1828, 3
matrix, 1713, 391, 3
matrix, 1714, 2597, 4
matrix, 1715, 44, 3
matrix, 1716, 1908, 2
matrix, 1717, 6738, 3
matrix, 1718, 102, 4
matrix, 1719, 4491, 3
matrix, 1720, 1696, 3
matrix, 1721, 8087, 4
matrix, 1722, 696, 3
matrix, 1723, 4738, 4
matrix, 1724, 9327, 3
matrix, 1725, 9930, 3
matrix, 1726, 4926, 4
matrix, 1727, 3417, 3
matrix, 1728, 9182, 4
matrix, 1729, 5855, 4
matrix, 1730, 8266, 3
matrix, 1731, 8216, 2
matrix, 1732, 7111, 3
matrix, 1733, 7043, 3
matrix, 1734, 5368, 4
matrix, 1735, 5874, 3
matrix, 1736, 644, 3
matrix, 1737, 5790, 4
matrix, 1738, 9587, 3
matrix, 1739, 1325, 3
matrix, 1740, 5000, 3
matrix, 1741, 9002, 3
matrix, 1742, 783, 4
matrix, 1743, 661, 4
matrix, 1744, 1321, 3
matrix, 1745, 2606, 3
matrix, 1746, 3891, 3
matrix, 1747, 329, 3
matrix, 1748, 2808, 4
matrix, 1749, 4813, 3
matrix, 1750, 7196, 3
matrix, 1751, 9007, 3
matrix, 1752, 3748, 4
matrix, 1753, 5600, 4
matrix, 1754, 8753, 3
matrix, 1755, 2980, 3
matrix, 1756, 7687, 4
matrix, 1757, 8183, 2
matrix, 1758, 7183, 3
matrix, 1759, 5867, 4
matrix, 1760, 7962, 2
matrix, 1761, 4205, 3
matrix, 1762, 9572, 4
matrix, 1763, 6566, 3
matrix, 1764, 7831, 3
matrix, 1765, 9957, 3
matrix, 1766, 5130, 3
matrix, 1767, 563, 3
matrix, 1768, 5557, 4
matrix, 1769, 5942, 3
matrix, 1770, 391, 3
matrix, 1771, 2927, 4
matrix, 1772, 1707, 3
matrix, 1773, 8507, 3
matrix, 1774, 5541, 3
matrix, 1775, 6274, 3
matrix, 1776, 3275, 4
matrix, 1777, 1063, 2
matrix, 1778, 9315, 3
matrix, 1779, 5265, 3
matrix, 1780, 1716, 3
matrix, 1781, 9173, 4
matrix, 1782, 5509, 3
matrix, 1783, 9863, 3
matrix, 1784, 5977, 4
matrix, 1785, 6157, 3
matrix, 1786, 6362, 4
matrix, 1787, 6793, 4
matrix, 1788, 8753, 3
matrix, 1789, 2597, 4
matrix, 1790, 1550, 3
matrix, 1791, 9466, 3
matrix, 1792, 4796, 4
matrix, 1793, 5224, 3
matrix, 1794, 5907, 4
matrix, 1795, 4220, 3
matrix, 1796, 1325, 3
matrix, 1797, 2414, 4
matrix, 1798, 7840, 3
matrix, 1799, 5634, 3
matrix, 1800, 6142, 2
matrix, 1801, 4207, 3
matrix, 1802, 3598, 4
matrix, 1803, 7099, 3
matrix, 1804, 2494, 3
matrix, 1805, 2150, 3
matrix, 1806, 3729, 3
matrix, 1807, 4205, 3
matrix, 1808, 5281, 4
matrix, 1809, 1805, 4
matrix, 1810, 9167, 3
matrix, 1811, 6490, 4
matrix, 1812, 3483, 3
matrix, 1813, 6513, 4
matrix, 1814, 7079, 4
matrix, 1815, 9532, 4
matrix, 1816, 3748, 4
matrix, 1817, 9374, 4
matrix, 1818, 5906, 4
matrix, 1819, 286, 3
matrix, 1820, 7185, 3
matrix, 1821, 9039, 4
matrix, 1822, 6566, 3
matrix, 1823, 982, 4
matrix, 1824, 8698, 4
matrix, 1825, 2881, 3
matrix, 1826, 3444, 4
matrix, 1827, 1707, 3
matrix, 1828, 331, 2
matrix, 1829, 3417, 3
matrix, 1830, 5681, 3
matrix, 1831, 7495, 4
matrix, 1832, 2909, 3
matrix, 1833, 8840, 4
matrix, 1834, 8028, 3
matrix, 1835, 8961, 3
matrix, 1836, 4317, 4
matrix, 1837, 1115, 4
matrix, 1838, 2101, 4
matrix, 1839, 4237, 4
matrix, 1840, 1760, 3
matrix, 1841, 1339, 4
matrix, 1842, 6566, 3
matrix, 1843, 7877, 4
matrix, 1844, 8961, 3
matrix, 1845, 8679, 3
matrix, 1846, 2987, 4
matrix, 1847, 9871, 4
matrix, 1848, 7246, 3
matrix, 1849, 294, 3
matrix, 1850, 9295, 3
matrix, 1851, 2031, 2
matrix, 1852, 45, 3
matrix, 1853, 9724, 3
matrix, 1854, 7015, 4
matrix, 1855, 329, 3
matrix, 1856, 607, 4
matrix, 1857, 5855, 4
matrix, 1858, 3395, 4
matrix, 1859, 1463, 4
matrix, 1860, 9957, 3
matrix, 1861, 3126, 4
matrix, 1862, 2224, 3
matrix, 1863, 7708, 3
matrix, 1864, 7588, 4
matrix, 1865, 4563, 3
matrix, 1866, 2694, 4
matrix, 1867, 9116, 4
matrix, 1868, 715, 3
matrix, 1869, 8216, 2
matrix, 1870, 4154, 4
matrix, 1871, 5379, 4
matrix, 1872, 2394, 4
matrix, 1873, 7677, 3
matrix, 1874, 2325, 3
matrix, 1875, 825, 3
matrix, 1876, 6991, 4
matrix, 1877, 382, 3
matrix, 1878, 1179, 3
matrix, 1879, 368, 3
matrix, 1880, 4566, 4
matrix, 1881, 2959, 4
matrix, 1882, 4577, 4
matrix, 1883, 4587, 3
matrix, 1884, 2208, 4
matrix, 1885, 9023, 3
matrix, 1886, 1030, 3
matrix, 1887, 7118, 3
matrix, 1888, 2467, 3
matrix, 1889, 1976, 3
matrix, 1890, 4015, 3
matrix, 1891, 9724, 3
matrix, 1892, 433, 3
matrix, 1893, 41, 4
matrix, 1894, 3299, 3
matrix, 1895, 1869, 3
matrix, 1896, 1617, 3
matrix, 1897, 7767, 4
matrix, 1898, 3434, 3
matrix, 1899, 1418, 3
matrix, 1900, 8167, 3
matrix, 1901, 3363, 3
matrix, 1902, 2229, 4
matrix, 1903, 4002, 3
matrix, 1904, 1707, 3
matrix, 1905, 7185, 3
matrix, 1906, 5328, 4
matrix, 1907, 6090, 4
matrix, 1908, 1, 1
matrix, 1909, 2511, 4
matrix, 1910, 6355, 4
matrix, 1911, 1449, 3
matrix, 1912, 4941, 4
matrix, 1913, 3940, 4
matrix, 1914, 3340, 3
matrix, 1915, 1543, 4
matrix, 1916, 3518, 4
matrix, 1917, 2276, 3
matrix, 1918, 4813, 3
matrix, 1919, 3212, 3
matrix, 1920, 2853, 3
matrix, 1921, 4205, 3
matrix, 1922, 9082, 3
matrix, 1923, 3234, 4
matrix, 1924, 3703, 4
matrix, 1925, 3701, 3
matrix, 1926, 4916, 3
matrix, 1927, 5654, 4
matrix, 1928, 963, 4
matrix, 1929, 1299, 2
matrix, 1930, 2732, 4
matrix, 1931, 6975, 4
matrix, 1932, 2189, 4
matrix, 1933, 7185, 3
matrix, 1934, 5011, 3
matrix, 1935, 7667, 3
matrix, 1936, 2909, 3
matrix, 1937, 5135, 4
matrix, 1938, 4487, 3
matrix, 1939, 8409, 3
matrix, 1940, 1343, 3
matrix, 1941, 9550, 4
matrix, 1942, 8239, 3
matrix, 1943, 382, 3
matrix, 1944, 6016, 4
matrix, 1945, 6003, 3
matrix, 1946, 3055, 3
matrix, 1947, 218, 3
matrix, 1948, 368, 3
matrix, 1949, 9298, 4
matrix, 1950, 4060, 3
matrix, 1951, 9301, 3
matrix, 1952, 9110, 4
matrix, 1953, 4205, 3
matrix, 1954, 3960, 4
matrix, 1955, 9068, 3
matrix, 1956, 4272, 4
matrix, 1957, 5987, 3
matrix, 1958, 3434, 3
matrix, 1959, 534, 4
matrix, 1960, 7106, 3
matrix, 1961, 2758, 3
matrix, 1962, 6924, 3
matrix, 1963, 1760, 3
matrix, 1964, 661, 4
matrix, 1965, 3083, 3
matrix, 1966, 4114, 4
matrix, 1967, 4326, 3
matrix, 1968, 3045, 4
matrix, 1969, 2685, 4
matrix, 1970, 4196, 4
matrix, 1971, 45, 3
matrix, 1972, 2211, 4
matrix, 1973, 5377, 4
matrix, 1974, 1066, 3
matrix, 1975, 5151, 3
matrix, 1976, 4500, 2
matrix, 1977, 6210, 3
matrix, 1978, 6924, 3
matrix, 1979, 2452, 3
matrix, 1980, 6211, 3
matrix, 1981, 3099, 3
matrix, 1982, 2150, 3
matrix, 1983, 7113, 3
matrix, 1984, 4515, 3
matrix, 1985, 5130, 3
matrix, 1986, 5402, 4
matrix, 1987, 1030, 3
matrix, 1988, 2657, 3
matrix, 1989, 232, 3
matrix, 1990, 8303, 4
matrix, 1991, 2579, 4
matrix, 1992, 3696, 4
matrix, 1993, 9652, 4
matrix, 1994, 4521, 3
matrix, 1995, 6948, 3
matrix, 1996, 3166, 4
matrix, 1997, 2452, 3
matrix, 1998, 7192, 3
matrix, 1999, 8087, 4
matrix, 2000, 6210, 3
matrix, 2001, 4500, 2
matrix, 2002, 3070, 4
matrix, 2003, 4854, 3
matrix, 2004, 3600, 3
matrix, 2005, 8820, 4
matrix, 2006, 7043, 3
matrix, 2007, 1703, 4
matrix, 2008, 9147, 3
matrix, 2009, 5410, 3
matrix, 2010, 9721, 3
matrix, 2011, 742, 4
matrix, 2012, 5556, 3
matrix, 2013, 2562, 4
matrix, 2014, 4181, 4
matrix, 2015, 8228, 3
matrix, 2016, 2150, 3
matrix, 2017, 6449, 3
matrix, 2018, 911, 4
matrix, 2019, 8385, 4
matrix, 2020, 7113, 3
matrix, 2021, 9170, 3
matrix, 2022, 9003, 4
matrix, 2023, 9068, 3
matrix, 2024, 6718, 4
matrix, 2025, 9542, 4
matrix, 2026, 1420, 4
matrix, 2027, 5332, 4
matrix, 2028, 1788, 4
matrix, 2029, 1066, 3
matrix, 2030, 966, 3
matrix, 2031, 1, 1
matrix, 2032, 3299, 3
matrix, 2033, 8092, 4
matrix, 2034, 3692, 4
matrix, 2035, 7183, 3
matrix, 2036, 573, 4
matrix, 2037, 6054, 4
matrix, 2038, 6566, 3
matrix, 2039, 6993, 3
matrix, 2040, 4183, 4
matrix, 2041, 3486, 3
matrix, 2042, 8981, 2
matrix, 2043, 715, 3
matrix, 2044, 2564, 3
matrix, 2045, 5987, 3
matrix, 2046, 8440, 3
matrix, 2047, 6310, 4
matrix, 2048, 8678, 3
matrix, 2049, 2202, 4
matrix, 2050, 2123, 4
matrix, 2051, 8911, 3
matrix, 2052, 8753, 3
matrix, 2053, 228, 3
matrix, 2054, 5865, 3
matrix, 2055, 6210, 3
matrix, 2056, 715, 3
matrix, 2057, 2989, 4
matrix, 2058, 6110, 4
matrix, 2059, 754, 4
matrix, 2060, 1402, 3
matrix, 2061, 2606, 3
matrix, 2062, 3212, 3
matrix, 2063, 3208, 4
matrix, 2064, 5557, 4
matrix, 2065, 3940, 4
matrix, 2066, 1569, 4
matrix, 2067, 1085, 3
matrix, 2068, 9232, 3
matrix, 2069, 1, 1
matrix, 2070, 8406, 3
matrix, 2071, 4960, 4
matrix, 2072, 1321, 3
matrix, 2073, 7458, 4
matrix, 2074, 9497, 4
matrix, 2075, 5151, 3
matrix, 2076, 9684, 3
matrix, 2077, 1561, 3
matrix, 2078, 7825, 4
matrix, 2079, 9446, 3
matrix, 2080, 9930, 3
matrix, 2081, 8679, 3
matrix, 2082, 5410, 3
matrix, 2083, 4584, 3
matrix, 2084, 5218, 4
matrix, 2085, 1482, 3
matrix, 2086, 6123, 3
matrix, 2087, 9957, 3
matrix, 2088, 6141, 3
matrix, 2089, 5289, 4
matrix, 2090, 3007, 4
matrix, 2091, 6464, 3
matrix, 2092, 3308, 3
matrix, 2093, 7478, 3
matrix, 2094, 1617, 3
matrix, 2095, 5874, 3
matrix, 2096, 5681, 3
matrix, 2097, 419, 3
matrix, 2098, 6090, 4
matrix, 2099, 1115, 4
matrix, 2100, 3248, 3
matrix, 2101, 7908, 3
matrix, 2102, 4359, 4
matrix, 2103, 8723, 4
matrix, 2104, 9137, 3
matrix, 2105, 4587, 3
matrix, 2106, 7674, 4
matrix, 2107, 5399, 4
matrix, 2108, 1869, 3
matrix, 2109, 9631, 3
matrix, 2110, 6996, 3
matrix, 2111, 9863, 3
matrix, 2112, 7118, 3
matrix, 2113, 6432, 3
matrix, 2114, 4114, 4
matrix, 2115, 8551, 3
matrix, 2116, 69, 4
matrix, 2117, 2669, 4
matrix, 2118, 7809, 4
matrix, 2119, 1325, 3
matrix, 2120, 8298, 3
matrix, 2121, 1469, 4
matrix, 2122, 7795, 4
matrix, 2123, 715, 3
matrix, 2124, 2101, 4
matrix, 2125, 6413, 4
matrix, 2126, 7965, 4
matrix, 2127, 9740, 4
matrix, 2128, 8436, 3
matrix, 2129, 3363, 3
matrix, 2130, 6905, 4
matrix, 2131, 9023, 3
matrix, 2132, 3795, 3
matrix, 2133, 7453, 4
matrix, 2134, 1339, 4
matrix, 2135, 5360, 4
matrix, 2136, 1800, 3
matrix, 2137, 5604, 3
matrix, 2138, 563, 3
matrix, 2139, 6887, 3
matrix, 2140, 1248, 3
matrix, 2141, 8228, 3
matrix, 2142, 1202, 3
matrix, 2143, 4015, 3
matrix, 2144, 44, 3
matrix, 2145, 5410, 3
matrix, 2146, 6734, 3
matrix, 2147, 7708, 3
matrix, 2148, 8670, 3
matrix, 2149, 2325, 3
matrix, 2150, 148, 2
matrix, 2151, 1078, 4
matrix, 2152, 7034, 4
matrix, 2153, 8295, 3
matrix, 2154, 7434, 3
matrix, 2155, 7048, 4
matrix, 2156, 9252, 3
matrix, 2157, 5634, 3
matrix, 2158, 5320, 4
matrix, 2159, 158, 3
matrix, 2160, 7740, 4
matrix, 2161, 3924, 3
matrix, 2162, 9318, 4
matrix, 2163, 2112, 4
matrix, 2164, 742, 4
matrix, 2165, 5556, 3
matrix, 2166, 2958, 3
matrix, 2167, 3824, 4
matrix, 2168, 6689, 4
matrix, 2169, 1777, 3
matrix, 2170, 3212, 3
matrix, 2171, 9423, 4
matrix, 2172, 5482, 3
matrix, 2173, 8474, 4
matrix, 2174, 9529, 4
matrix, 2175, 4587, 3
matrix, 2176, 2042, 3
matrix, 2177, 158, 3
matrix, 2178, 6887, 3
matrix, 2179, 5396, 4
matrix, 2180, 1828, 3
matrix, 2181, 5192, 4
matrix, 2182, 5265, 3
matrix, 2183, 7464, 3
matrix, 2184, 9440, 3
matrix, 2185, 127, 4
matrix, 2186, 1342, 3
matrix, 2187, 2611, 3
matrix, 2188, 2637, 3
matrix, 2189, 6734, 3
matrix, 2190, 4255, 4
matrix, 2191, 1548, 3
matrix, 2192, 9721, 3
matrix, 2193, 111, 4
matrix, 2194, 5789, 4
matrix, 2195, 3950, 3
matrix, 2196, 500, 3
matrix, 2197, 8551, 3
matrix, 2198, 861, 4
matrix, 2199, 1468, 3
matrix, 2200, 4317, 4
matrix, 2201, 1147, 4
matrix, 2202, 6734, 3
matrix, 2203, 3483, 3
matrix, 2204, 5856, 3
matrix, 2205, 9002, 3
matrix, 2206, 9437, 4
matrix, 2207, 9007, 3
matrix, 2208, 9321, 3
matrix, 2209, 9508, 4
matrix, 2210, 7723, 3
matrix, 2211, 770, 3
matrix, 2212, 2123, 4
matrix, 2213, 4586, 4
matrix, 2214, 4371, 4
matrix, 2215, 4515, 3
matrix, 2216, 393, 4
matrix, 2217, 4002, 3
matrix, 2218, 4405, 3
matrix, 2219, 1248, 3
matrix, 2220, 500, 3
matrix, 2221, 9358, 4
matrix, 2222, 770, 3
matrix, 2223, 243, 3
matrix, 2224, 2069, 2
matrix, 2225, 8166, 3
matrix, 2226, 9800, 3
matrix, 2227, 7716, 4
matrix, 2228, 6595, 4
matrix, 2229, 5672, 3
matrix, 2230, 1069, 3
matrix, 2231, 8409, 3
matrix, 2232, 3188, 3
matrix, 2233, 7458, 4
matrix, 2234, 9007, 3
matrix, 2235, 3747, 3
matrix, 2236, 1490, 4
matrix, 2237, 4352, 4
matrix, 2238, 8390, 2
matrix, 2239, 4676, 4
matrix, 2240, 6443, 3
matrix, 2241, 7825, 4
matrix, 2242, 232, 3
matrix, 2243, 7315, 4
matrix, 2244, 9370, 4
matrix, 2245, 6449, 3
matrix, 2246, 3843, 3
matrix, 2247, 8703, 3
matrix, 2248, 7713, 3
matrix, 2249, 7183, 3
matrix, 2250, 7980, 4
matrix, 2251, 8670, 3
matrix, 2252, 8266, 3
matrix, 2253, 5075, 3
matrix, 2254, 2853, 3
matrix, 2255, 7752, 4
matrix, 2256, 939, 4
matrix, 2257, 9677, 3
matrix, 2258, 4950, 4
matrix, 2259, 4410, 4
matrix, 2260, 8333, 4
matrix, 2261, 6142, 2
matrix, 2262, 278, 4
matrix, 2263, 3950, 3
matrix, 2264, 754, 4
matrix, 2265, 2001, 3
matrix, 2266, 5789, 4
matrix, 2267, 8389, 4
matrix, 2268, 7965, 4
matrix, 2269, 1530, 4
matrix, 2270, 7251, 4
matrix, 2271, 147, 4
matrix, 2272, 5909, 3
matrix, 2273, 6679, 3
matrix, 2274, 8532, 3
matrix, 2275, 4046, 3
matrix, 2276, 8390, 2
matrix, 2277, 4881, 4
matrix, 2278, 1731, 3
matrix, 2279, 2329, 4
matrix, 2280, 7769, 3
matrix, 2281, 3255, 4
matrix, 2282, 644, 3
matrix, 2283, 7476, 4
matrix, 2284, 7580, 4
matrix, 2285, 4200, 4
matrix, 2286, 7558, 4
matrix, 2287, 2525, 4
matrix, 2288, 6996, 3
matrix, 2289, 4909, 4
matrix, 2290, 4205, 3
matrix, 2291, 3613, 3
matrix, 2292, 8911, 3
matrix, 2293, 8691, 4
matrix, 2294, 368, 3
matrix, 2295, 3256, 4
matrix, 2296, 9007, 3
matrix, 2297, 9543, 3
matrix, 2298, 9187, 4
matrix, 2299, 6999, 4
matrix, 2300, 3332, 3
matrix, 2301, 9102, 4
matrix, 2302, 3401, 3
matrix, 2303, 6738, 3
matrix, 2304, 9944, 3
matrix, 2305, 4237, 4
matrix, 2306, 6625, 4
matrix, 2307, 4890, 4
matrix, 2308, 2394, 4
matrix, 2309, 330, 4
matrix, 2310, 8239, 3
matrix, 2311, 8257, 3
matrix, 2312, 1115, 4
matrix, 2313, 1696, 3
matrix, 2314, 7196, 3
matrix, 2315, 7033, 3
matrix, 2316, 4255, 4
matrix, 2317, 5291, 4
matrix, 2318, 1210, 4
matrix, 2319, 3843, 3
matrix, 2320, 2725, 4
matrix, 2321, 1929, 3
matrix, 2322, 4587, 3
matrix, 2323, 893, 3
matrix, 2324, 1800, 3
matrix, 2325, 1299, 2
matrix, 2326, 1030, 3
matrix, 2327, 4891, 3
matrix, 2328, 2579, 4
matrix, 2329, 6738, 3
matrix, 2330, 368, 3
matrix, 2331, 9847, 3
matrix, 2332, 4083, 3
matrix, 2333, 2567, 4
matrix, 2334, 8678, 3
matrix, 2335, 3340, 3
matrix, 2336, 7088, 4
matrix, 2337, 7251, 4
matrix, 2338, 228, 3
matrix, 2339, 4652, 4
matrix, 2340, 2637, 3
matrix, 2341, 9137, 3
matrix, 2342, 1248, 3
matrix, 2343, 3007, 4
matrix, 2344, 9023, 3
matrix, 2345, 2980, 3
matrix, 2346, 3360, 3
matrix, 2347, 5130, 3
matrix, 2348, 368, 3
matrix, 2349, 5482, 3
matrix, 2350, 2865, 4
matrix, 2351, 3299, 3
matrix, 2352, 2791, 2
matrix, 2353, 2138, 4
matrix, 2354, 8452, 4
matrix, 2355, 6210, 3
matrix, 2356, 1604, 3
matrix, 2357, 8409, 3
matrix, 2358, 4740, 3
matrix, 2359, 1440, 3
matrix, 2360, 7023, 3
matrix, 2361, 2352, 3
matrix, 2362, 1648, 4
matrix, 2363, 9623, 3
matrix, 2364, 3083, 3
matrix, 2365, 8840, 4
matrix, 2366, 8911, 3
matrix, 2367, 2645, 4
matrix, 2368, 3007, 4
matrix, 2369, 7825, 4
matrix, 2370, 7924, 4
matrix, 2371, 4770, 3
matrix, 2372, 2494, 3
matrix, 2373, 7379, 3
matrix, 2374, 5122, 3
matrix, 2375, 7246, 3
matrix, 2376, 3891, 3
matrix, 2377, 4046, 3
matrix, 2378, 5495, 3
matrix, 2379, 2958, 3
matrix, 2380, 2989, 4
matrix, 2381, 3747, 3
matrix, 2382, 7558, 4
matrix, 2383, 8834, 3
matrix, 2384, 5362, 4
matrix, 2385, 45, 3
matrix, 2386, 2296, 4
matrix, 2387, 7192, 3
matrix, 2388, 9007, 3
matrix, 2389, 6647, 3
matrix, 2390, 3460, 3
matrix, 2391, 4854, 3
matrix, 2392, 2933, 4
matrix, 2393, 1436, 4
matrix, 2394, 286, 3
matrix, 2395, 8436, 3
matrix, 2396, 5604, 3
matrix, 2397, 3188, 3
matrix, 2398, 7733, 3
matrix, 2399, 6461, 4
matrix, 2400, 9654, 3
matrix, 2401, 5151, 3
matrix, 2402, 4345, 3
matrix, 2403, 5779, 4
matrix, 2404, 3083, 3
matrix, 2405, 1288, 3
matrix, 2406, 1192, 4
matrix, 2407, 972, 4
matrix, 2408, 4096, 4
matrix, 2409, 4255, 4
matrix, 2410, 5043, 4
matrix, 2411, 7229, 4
matrix, 2412, 7840, 3
matrix, 2413, 2303, 4
matrix, 2414, 4854, 3
matrix, 2415, 2445, 3
matrix, 2416, 2782, 3
matrix, 2417, 8315, 4
matrix, 2418, 2001, 3
matrix, 2419, 7891, 3
matrix, 2420, 5937, 3
matrix, 2421, 9572, 4
matrix, 2422, 1603, 3
matrix, 2423, 2186, 4
matrix, 2424, 1561, 3
matrix, 2425, 7220, 4
matrix, 2426, 8387, 4
matrix, 2427, 7552, 4
matrix, 2428, 4916, 3
matrix, 2429, 8685, 4
matrix, 2430, 2611, 3
matrix, 2431, 3224, 3
matrix, 2432, 7215, 4
matrix, 2433, 8736, 4
matrix, 2434, 4828, 3
matrix, 2435, 8408, 4
matrix, 2436, 8507, 3
matrix, 2437, 5672, 3
matrix, 2438, 5864, 4
matrix, 2439, 2839, 3
matrix, 2440, 6928, 3
matrix, 2441, 8307, 3
matrix, 2442, 7674, 4
matrix, 2443, 2069, 2
matrix, 2444, 7875, 3
matrix, 2445, 8216, 2
matrix, 2446, 391, 3
matrix, 2447, 127, 4
matrix, 2448, 8209, 4
matrix, 2449, 3747, 3
matrix, 2450, 2069, 2
matrix, 2451, 5122, 3
matrix, 2452, 1299, 2
matrix, 2453, 8532, 3
matrix, 2454, 8298, 3
matrix, 2455, 1274, 3
matrix, 2456, 2611, 3
matrix, 2457, 1135, 4
matrix, 2458, 7616, 2
matrix, 2459, 7099, 3
matrix, 2460, 3369, 3
matrix, 2461, 1202, 3
matrix, 2462, 2808, 4
matrix, 2463, 9930, 3
matrix, 2464, 2788, 4
matrix, 2465, 6434, 3
matrix, 2466, 5611, 3
matrix, 2467, 6644, 2
matrix, 2468, 2146, 4
matrix, 2469, 6133, 4
matrix, 2470, 5126, 3
matrix, 2471, 3055, 3
matrix, 2472, 4607, 3
matrix, 2473, 8798, 4
matrix, 2474, 1069, 3
matrix, 2475, 9367, 4
matrix, 2476, 3363, 3
matrix, 2477, 5370, 4
matrix, 2478, 6996, 3
matrix, 2479, 9572, 4
matrix, 2480, 5003, 4
matrix, 2481, 7136, 3
matrix, 2482, 4796, 4
matrix, 2483, 391, 3
matrix, 2484, 1044, 4
matrix, 2485, 9767, 4
matrix, 2486, 1248, 3
matrix, 2487, 6347, 4
matrix, 2488, 5989, 4
matrix, 2489, 8911, 3
matrix, 2490, 41, 4
matrix, 2491, 8529, 3
matrix, 2492, 218, 3
matrix, 2493, 1137, 4
matrix, 2494, 7962, 2
matrix, 2495, 111, 4
matrix, 2496, 7959, 3
matrix, 2497, 3489, 3
matrix, 2498, 7088, 4
matrix, 2499, 7959, 3
matrix, 2500, 3891, 3
matrix, 2501, 8840, 4
matrix, 2502, 9007, 3
matrix, 2503, 3980, 4
matrix, 2504, 2542, 4
matrix, 2505, 4077, 4
matrix, 2506, 7783, 4
matrix, 2507, 5556, 3
matrix, 2508, 3613, 3
matrix, 2509, 9657, 4
matrix, 2510, 8678, 3
matrix, 2511, 2150, 3
matrix, 2512, 8440, 3
matrix, 2513, 8691, 4
matrix, 2514, 9082, 3
matrix, 2515, 7464, 3
matrix, 2516, 1604, 3
matrix, 2517, 158, 3
matrix, 2518, 893, 3
matrix, 2519, 9393, 4
matrix, 2520, 9685, 3
matrix, 2521, 253, 3
matrix, 2522, 1299, 2
matrix, 2523, 5349, 4
matrix, 2524, 9910, 3
matrix, 2525, 5874, 3
matrix, 2526, 819, 4
matrix, 2527, 8738, 4
matrix, 2528, 9503, 4
matrix, 2529, 1284, 3
matrix, 2530, 3248, 3
matrix, 2531, 7664, 3
matrix, 2532, 1757, 3
matrix, 2533, 2881, 3
matrix, 2534, 8622, 3
matrix, 2535, 1805, 4
matrix, 2536, 3090, 3
matrix, 2537, 3996, 4
matrix, 2538, 5997, 4
matrix, 2539, 5458, 4
matrix, 2540, 3234, 4
matrix, 2541, 854, 3
matrix, 2542, 4521, 3
matrix, 2543, 5888, 4
matrix, 2544, 9252, 3
matrix, 2545, 534, 4
matrix, 2546, 5028, 4
matrix, 2547, 4482, 4
matrix, 2548, 8555, 3
matrix, 2549, 1760, 3
matrix, 2550, 8342, 4
matrix, 2551, 45, 3
matrix, 2552, 9677, 3
matrix, 2553, 4598, 4
matrix, 2554, 8679, 3
matrix, 2555, 774, 4
matrix, 2556, 8200, 4
matrix, 2557, 5997, 4
matrix, 2558, 8547, 4
matrix, 2559, 8703, 3
matrix, 2560, 4207, 3
matrix, 2561, 2554, 4
matrix, 2562, 4521, 3
matrix, 2563, 3045, 4
matrix, 2564, 2069, 2
matrix, 2565, 6738, 3
matrix, 2566, 8678, 3
matrix, 2567, 3248, 3
matrix, 2568, 6319, 4
matrix, 2569, 4828, 3
matrix, 2570, 2458, 3
matrix, 2571, 8436, 3
matrix, 2572, 7908, 3
matrix, 2573, 7113, 3
matrix, 2574, 9847, 3
matrix, 2575, 819, 4
matrix, 2576, 3747, 3
matrix, 2577, 5121, 3
matrix, 2578, 6011, 4
matrix, 2579, 7908, 3
matrix, 2580, 3924, 3
matrix, 2581, 3531, 4
matrix, 2582, 8390, 2
matrix, 2583, 6921, 4
matrix, 2584, 7149, 3
matrix, 2585, 6141, 3
matrix, 2586, 6652, 4
matrix, 2587, 7111, 3
matrix, 2588, 1190, 4
matrix, 2589, 9981, 3
matrix, 2590, 1777, 3
matrix, 2591, 8390, 2
matrix, 2592, 9957, 3
matrix, 2593, 1716, 3
matrix, 2594, 5011, 3
matrix, 2595, 4060, 3
matrix, 2596, 9232, 3
matrix, 2597, 5495, 3
matrix, 2598, 6464, 3
matrix, 2599, 7136, 3
matrix, 2600, 8389, 4
matrix, 2601, 1440, 3
matrix, 2602, 560, 3
matrix, 2603, 7719, 4
matrix, 2604, 4917, 4
matrix, 2605, 5151, 3
matrix, 2606, 4500, 2
matrix, 2607, 1030, 3
matrix, 2608, 5612, 3
matrix, 2609, 1419, 3
matrix, 2610, 6734, 3
matrix, 2611, 8390, 2
matrix, 2612, 9587, 3
matrix, 2613, 9957, 3
matrix, 2614, 6539, 3
matrix, 2615, 7059, 4
matrix, 2616, 5014, 4
matrix, 2617, 3924, 3
matrix, 2618, 9147, 3
matrix, 2619, 6764, 4
matrix, 2620, 1274, 3
matrix, 2621, 8266, 3
matrix, 2622, 9901, 3
matrix, 2623, 1106, 3
matrix, 2624, 5954, 4
matrix, 2625, 7903, 4
matrix, 2626, 7106, 3
matrix, 2627, 218, 3
matrix, 2628, 4916, 3
matrix, 2629, 3256, 4
matrix, 2630, 7499, 3
matrix, 2631, 1202, 3
matrix, 2632, 1304, 4
matrix, 2633, 2452, 3
matrix, 2634, 5634, 3
matrix, 2635, 7185, 3
matrix, 2636, 5729, 4
matrix, 2637, 1063, 2
matrix, 2638, 6831, 4
matrix, 2639, 2452, 3
matrix, 2640, 7517, 4
matrix, 2641, 2518, 4
matrix, 2642, 8166, 3
matrix, 2643, 9283, 3
matrix, 2644, 2758, 3
matrix, 2645, 1828, 3
matrix, 2646, 6647, 3
matrix, 2647, 2186, 4
matrix, 2648, 3600, 3
matrix, 2649, 5874, 3
matrix, 2650, 5461, 3
matrix, 2651, 9519, 3
matrix, 2652, 8064, 3
matrix, 2653, 606, 4
matrix, 2654, 9119, 4
matrix, 2655, 3434, 3
matrix, 2656, 724, 4
matrix, 2657, 6142, 2
matrix, 2658, 7375, 4
matrix, 2659, 6414, 4
matrix, 2660, 3188, 3
matrix, 2661, 911, 4
matrix, 2662, 4886, 4
matrix, 2663, 8463, 3
matrix, 2664, 6187, 3
matrix, 2665, 6136, 3
matrix, 2666, 4982, 4
matrix, 2667, 8359, 3
matrix, 2668, 4844, 4
matrix, 2669, 6679, 3
matrix, 2670, 2582, 3
matrix, 2671, 7246, 3
matrix, 2672, 6370, 3
matrix, 2673, 2439, 4
matrix, 2674, 6734, 3
matrix, 2675, 1061, 4
matrix, 2676, 661, 4
matrix, 2677, 3212, 3
matrix, 2678, 1063, 2
matrix, 2679, 5432, 4
matrix, 2680, 2458, 3
matrix, 2681, 2467, 3
matrix, 2682, 3354, 3
matrix, 2683, 5556, 3
matrix, 2684, 3536, 4
matrix, 2685, 7908, 3
matrix, 2686, 3483, 3
matrix, 2687, 8390, 2
matrix, 2688, 1698, 4
matrix, 2689, 3864, 4
matrix, 2690, 3497, 4
matrix, 2691, 5509, 3
matrix, 2692, 3957, 4
matrix, 2693, 6123, 3
matrix, 2694, 9446, 3
matrix, 2695, 9519, 3
matrix, 2696, 7870, 3
matrix, 2697, 6475, 4
matrix, 2698, 7385, 4
matrix, 2699, 7196, 3
matrix, 2700, 1608, 4
matrix, 2701, 941, 4
matrix, 2702, 5874, 3
matrix, 2703, 1908, 2
matrix, 2704, 5856, 3
matrix, 2705, 8390, 2
matrix, 2706, 5974, 4
matrix, 2707, 3099, 3
matrix, 2708, 3729, 3
matrix, 2709, 7425, 4
matrix, 2710, 7887, 4
matrix, 2711, 5791, 4
matrix, 2712, 9954, 4
matrix, 2713, 5011, 3
matrix, 2714, 8966, 4
matrix, 2715, 2959, 4
matrix, 2716, 1731, 3
matrix, 2717, 7136, 3
matrix, 2718, 236, 4
matrix, 2719, 4709, 3
matrix, 2720, 5368, 4
matrix, 2721, 9587, 3
matrix, 2722, 8535, 3
matrix, 2723, 4813, 3
matrix, 2724, 3259, 3
matrix, 2725, 5495, 3
matrix, 2726, 4880, 4
matrix, 2727, 3240, 3
matrix, 2728, 2852, 4
matrix, 2729, 3982, 3
matrix, 2730, 1468, 3
matrix, 2731, 3045, 4
matrix, 2732, 2839, 3
matrix, 2733, 7183, 3
matrix, 2734, 5213, 4
matrix, 2735, 2694, 4
matrix, 2736, 8435, 4
matrix, 2737, 4950, 4
matrix, 2738, 7667, 3
matrix, 2739, 893, 3
matrix, 2740, 329, 3
matrix, 2741, 6689, 4
matrix, 2742, 2813, 3
matrix, 2743, 23, 4
matrix, 2744, 4614, 3
matrix, 2745, 3224, 3
matrix, 2746, 7131, 3
matrix, 2747, 5790, 4
matrix, 2748, 7434, 3
matrix, 2749, 3483, 3
matrix, 2750, 6110, 4
matrix, 2751, 4220, 3
matrix, 2752, 9677, 3
matrix, 2753, 9944, 3
matrix, 2754, 4491, 3
matrix, 2755, 7908, 3
matrix, 2756, 9440, 3
matrix, 2757, 218, 3
matrix, 2758, 6142, 2
matrix, 2759, 696, 3
matrix, 2760, 754, 4
matrix, 2761, 4519, 3
matrix, 2762, 9661, 3
matrix, 2763, 2146, 4
matrix, 2764, 7708, 3
matrix, 2765, 3636, 3
matrix, 2766, 6449, 3
matrix, 2767, 934, 4
matrix, 2768, 4150, 4
matrix, 2769, 8266, 3
matrix, 2770, 6123, 3
matrix, 2771, 329, 3
matrix, 2772, 9799, 4
matrix, 2773, 5410, 3
matrix, 2774, 7870, 3
matrix, 2775, 1346, 4
matrix, 2776, 1030, 3
matrix, 2777, 4288, 4
matrix, 2778, 5521, 3
matrix, 2779, 3340, 3
matrix, 2780, 9007, 3
matrix, 2781, 4916, 3
matrix, 2782, 8390, 2
matrix, 2783, 415, 4
matrix, 2784, 2229, 4
matrix, 2785, 4818, 4
matrix, 2786, 6201, 4
matrix, 2787, 1034, 4
matrix, 2788, 9661, 3
matrix, 2789, 4261, 4
matrix, 2790, 3354, 3
matrix, 2791, 1, 1
matrix, 2792, 3483, 3
matrix, 2793, 2909, 3
matrix, 2794, 9147, 3
matrix, 2795, 4891, 3
matrix, 2796, 6310, 4
matrix, 2797, 6835, 4
matrix, 2798, 8166, 3
matrix, 2799, 9532, 4
matrix, 2800, 527, 3
matrix, 2801, 6370, 3
matrix, 2802, 8919, 3
matrix, 2803, 7878, 4
matrix, 2804, 4428, 4
matrix, 2805, 6799, 4
matrix, 2806, 9284, 3
matrix, 2807, 6539, 3
matrix, 2808, 8440, 3
matrix, 2809, 7070, 4
matrix, 2810, 5151, 3
matrix, 2811, 9232, 3
matrix, 2812, 5865, 3
matrix, 2813, 331, 2
matrix, 2814, 6490, 4
matrix, 2815, 2969, 3
matrix, 2816, 5631, 3
matrix, 2817, 5227, 4
matrix, 2818, 8728, 4
matrix, 2819, 419, 3
matrix, 2820, 45, 3
matrix, 2821, 8685, 4
matrix, 2822, 1812, 4
matrix, 2823, 2450, 3
matrix, 2824, 8764, 4
matrix, 2825, 2140, 4
matrix, 2826, 9446, 3
matrix, 2827, 3612, 4
matrix, 2828, 1030, 3
matrix, 2829, 1929, 3
matrix, 2830, 3050, 4
matrix, 2831, 4732, 3
matrix, 2832, 827, 3
matrix, 2833, 6158, 4
matrix, 2834, 4614, 3
matrix, 2835, 6432, 3
matrix, 2836, 4891, 3
matrix, 2837, 1398, 3
matrix, 2838, 1616, 4
matrix, 2839, 148, 2
matrix, 2840, 4570, 4
matrix, 2841, 5168, 4
matrix, 2842, 982, 4
matrix, 2843, 5937, 3
matrix, 2844, 1274, 3
matrix, 2845, 4073, 4
matrix, 2846, 195, 4
matrix, 2847, 8426, 4
matrix, 2848, 3779, 3
matrix, 2849, 51, 4
matrix, 2850, 5693, 3
matrix, 2851, 9740, 4
matrix, 2852, 8440, 3
matrix, 2853, 8390, 2
matrix, 2854, 4594, 4
matrix, 2855, 9298, 4
matrix, 2856, 3483, 3
matrix, 2857, 8463, 3
matrix, 2858, 8942, 4
matrix, 2859, 1254, 4
matrix, 2860, 6136, 3
matrix, 2861, 1716, 3
matrix, 2862, 9008, 3
matrix, 2863, 2112, 4
matrix, 2864, 8679, 3
matrix, 2865, 2839, 3
matrix, 2866, 9703, 4
matrix, 2867, 1800, 3
matrix, 2868, 4428, 4
matrix, 2869, 4614, 3
matrix, 2870, 8167, 3
matrix, 2871, 7335, 3
matrix, 2872, 7831, 3
matrix, 2873, 8923, 3
matrix, 2874, 2247, 4
matrix, 2875, 3531, 4
matrix, 2876, 854, 3
matrix, 2877, 9321, 3
matrix, 2878, 7027, 3
matrix, 2879, 9677, 3
matrix, 2880, 4587, 3
matrix, 2881, 1299, 2
matrix, 2882, 7989, 4
matrix, 2883, 5672, 3
matrix, 2884, 1274, 3
matrix, 2885, 7577, 4
matrix, 2886, 7111, 3
matrix, 2887, 8389, 4
matrix, 2888, 9440, 3
matrix, 2889, 7667, 3
matrix, 2890, 1254, 4
matrix, 2891, 7733, 3
matrix, 2892, 7220, 4
matrix, 2893, 4060, 3
matrix, 2894, 228, 3
matrix, 2895, 3055, 3
matrix, 2896, 4515, 3
matrix, 2897, 7464, 3
matrix, 2898, 7596, 4
matrix, 2899, 8440, 3
matrix, 2900, 4851, 4
matrix, 2901, 1274, 3
matrix, 2902, 8919, 3
matrix, 2903, 4891, 3
matrix, 2904, 9283, 3
matrix, 2905, 3212, 3
matrix, 2906, 966, 3
matrix, 2907, 4002, 3
matrix, 2908, 3974, 4
matrix, 2909, 4500, 2
matrix, 2910, 4828, 3
matrix, 2911, 7099, 3
matrix, 2912, 6705, 3
matrix, 2913, 3402, 4
matrix, 2914, 5693, 3
matrix, 2915, 2637, 3
matrix, 2916, 8307, 3
matrix, 2917, 232, 3
matrix, 2918, 662, 3
matrix, 2919, 6861, 3
matrix, 2920, 4813, 3
matrix, 2921, 7980, 4
matrix, 2922, 8347, 4
matrix, 2923, 3952, 4
matrix, 2924, 2042, 3
matrix, 2925, 3351, 4
matrix, 2926, 5495, 3
matrix, 2927, 7434, 3
matrix, 2928, 5521, 3
matrix, 2929, 1819, 4
matrix, 2930, 1147, 4
matrix, 2931, 5929, 4
matrix, 2932, 5482, 3
matrix, 2933, 7118, 3
matrix, 2934, 1154, 4
matrix, 2935, 3729, 3
matrix, 2936, 5971, 3
matrix, 2937, 2144, 4
matrix, 2938, 1274, 3
matrix, 2939, 1585, 4
matrix, 2940, 606, 4
matrix, 2941, 45, 3
matrix, 2942, 2079, 4
matrix, 2943, 8923, 3
matrix, 2944, 3002, 4
matrix, 2945, 5521, 3
matrix, 2946, 6921, 4
matrix, 2947, 7734, 4
matrix, 2948, 5821, 4
matrix, 2949, 1668, 3
matrix, 2950, 3748, 4
matrix, 2951, 2001, 3
matrix, 2952, 5083, 3
matrix, 2953, 7027, 3
matrix, 2954, 6734, 3
matrix, 2955, 3354, 3
matrix, 2956, 7801, 4
matrix, 2957, 1343, 3
matrix, 2958, 2031, 2
matrix, 2959, 715, 3
matrix, 2960, 1254, 4
matrix, 2961, 7580, 4
matrix, 2962, 4255, 4
matrix, 2963, 5987, 3
matrix, 2964, 368, 3
matrix, 2965, 194, 4
matrix, 2966, 7596, 4
matrix, 2967, 5634, 3
matrix, 2968, 3007, 4
matrix, 2969, 148, 2
matrix, 2970, 9927, 4
matrix, 2971, 8382, 3
matrix, 2972, 6003, 3
matrix, 2973, 3363, 3
matrix, 2974, 5974, 4
matrix, 2975, 5909, 3
matrix, 2976, 4413, 4
matrix, 2977, 4359, 4
matrix, 2978, 5304, 4
matrix, 2979, 4015, 3
matrix, 2980, 4500, 2
matrix, 2981, 7434, 3
matrix, 2982, 5192, 4
matrix, 2983, 6764, 4
matrix, 2984, 783, 4
matrix, 2985, 4207, 3
matrix, 2986, 1671, 4
matrix, 2987, 4709, 3
matrix, 2988, 3402, 4
matrix, 2989, 5672, 3
matrix, 2990, 3342, 4
matrix, 2991, 7517, 4
matrix, 2992, 5603, 4
matrix, 2993, 1851, 3
matrix, 2994, 770, 3
matrix, 2995, 7653, 4
matrix, 2996, 3099, 3
matrix, 2997, 7106, 3
matrix, 2998, 6141, 3
matrix, 2999, 2572, 4
matrix, 3000, 7335, 3
matrix, 3001, 2564, 3
matrix, 3002, 9446, 3
matrix, 3003, 419, 3
matrix, 3004, 1655, 4
matrix, 3005, 2564, 3
matrix, 3006, 6734, 3
matrix, 3007, 2150, 3
matrix, 3008, 8406, 3
matrix, 3009, 1468, 3
matrix, 3010, 5410, 3
matrix, 3011, 2732, 4
matrix, 3012, 8463, 3
matrix, 3013, 1321, 3
matrix, 3014, 2582, 3
matrix, 3015, 4738, 4
matrix, 3016, 6650, 4
matrix, 3017, 774, 4
matrix, 3018, 3950, 3
matrix, 3019, 9652, 4
matrix, 3020, 2839, 3
matrix, 3021, 4891, 3
matrix, 3022, 2721, 4
matrix, 3023, 9032, 4
matrix, 3024, 4487, 3
matrix, 3025, 6141, 3
matrix, 3026, 7246, 3
matrix, 3027, 6211, 3
matrix, 3028, 7891, 3
matrix, 3029, 4504, 3
matrix, 3030, 4950, 4
matrix, 3031, 3020, 4
matrix, 3032, 6654, 3
matrix, 3033, 5458, 4
matrix, 3034, 3827, 4
matrix, 3035, 7385, 4
matrix, 3036, 391, 3
matrix, 3037, 6435, 3
matrix, 3038, 534, 4
matrix, 3039, 6003, 3
matrix, 3040, 7004, 4
matrix, 3041, 6609, 4
matrix, 3042, 5122, 3
matrix, 3043, 1449, 3
matrix, 3044, 8197, 4
matrix, 3045, 2969, 3
matrix, 3046, 8876, 4
matrix, 3047, 1274, 3
matrix, 3048, 5327, 3
matrix, 3049, 3692, 4
matrix, 3050, 715, 3
matrix, 3051, 2562, 4
matrix, 3052, 7840, 3
matrix, 3053, 3827, 4
matrix, 3054, 4733, 4
matrix, 3055, 7962, 2
matrix, 3056, 7183, 3
matrix, 3057, 9137, 3
matrix, 3058, 5349, 4
matrix, 3059, 7687, 4
matrix, 3060, 9910, 3
matrix, 3061, 5410, 3
matrix, 3062, 7816, 3
matrix, 3063, 6679, 3
matrix, 3064, 6399, 4
matrix, 3065, 45, 3
matrix, 3066, 9175, 3
matrix, 3067, 7149, 3
matrix, 3068, 3747, 3
matrix, 3069, 1030, 3
matrix, 3070, 3701, 3
matrix, 3071, 3212, 3
matrix, 3072, 2980, 3
matrix, 3073, 696, 3
matrix, 3074, 5779, 4
matrix, 3075, 7335, 3
matrix, 3076, 1030, 3
matrix, 3077, 6105, 4
matrix, 3078, 2003, 4
matrix, 3079, 7962, 2
matrix, 3080, 7106, 3
matrix, 3081, 9804, 4
matrix, 3082, 9082, 3
matrix, 3083, 2031, 2
matrix, 3084, 1696, 3
matrix, 3085, 7577, 4
matrix, 3086, 2958, 3
matrix, 3087, 5937, 3
matrix, 3088, 5126, 3
matrix, 3089, 1030, 3
matrix, 3090, 2791, 2
matrix, 3091, 8529, 3
matrix, 3092, 8685, 4
matrix, 3093, 6861, 3
matrix, 3094, 8802, 4
matrix, 3095, 8840, 4
matrix, 3096, 5480, 4
matrix, 3097, 286, 3
matrix, 3098, 5057, 4
matrix, 3099, 4500, 2
matrix, 3100, 7558, 4
matrix, 3101, 2617, 4
matrix, 3102, 8529, 3
matrix, 3103, 4205, 3
matrix, 3104, 2564, 3
matrix, 3105, 3434, 3
matrix, 3106, 8510, 4
matrix, 3107, 2394, 4
matrix, 3108, 9167, 3
matrix, 3109, 3982, 3
matrix, 3110, 5302, 4
matrix, 3111, 3584, 4
matrix, 3112, 7251, 4
matrix, 3113, 1439, 4
matrix, 3114, 4077, 4
matrix, 3115, 3795, 3
matrix, 3116, 6796, 4
matrix, 3117, 9963, 4
matrix, 3118, 9654, 3
matrix, 3119, 3045, 4
matrix, 3120, 2611, 3
matrix, 3121, 8436, 3
matrix, 3122, 7733, 3
matrix, 3123, 7478, 3
matrix, 3124, 5349, 4
matrix, 3125, 3869, 4
matrix, 3126, 715, 3
matrix, 3127, 1468, 3
matrix, 3128, 966, 3
matrix, 3129, 2224, 3
matrix, 3130, 5320, 4
matrix, 3131, 124, 4
matrix, 3132, 5855, 4
matrix, 3133, 7183, 3
matrix, 3134, 7246, 3
matrix, 3135, 9315, 3
matrix, 3136, 8463, 3
matrix, 3137, 6600, 4
matrix, 3138, 7518, 3
matrix, 3139, 4167, 4
matrix, 3140, 6407, 4
matrix, 3141, 2001, 3
matrix, 3142, 4584, 3
matrix, 3143, 7106, 3
matrix, 3144, 7580, 4
matrix, 3145, 1106, 3
matrix, 3146, 9800, 3
matrix, 3147, 861, 4
matrix, 3148, 8703, 3
matrix, 3149, 8378, 4
matrix, 3150, 1202, 3
matrix, 3151, 5083, 3
matrix, 3152, 9657, 4
matrix, 3153, 7192, 3
matrix, 3154, 5815, 3
matrix, 3155, 4386, 3
matrix, 3156, 9400, 4
matrix, 3157, 4465, 4
matrix, 3158, 4519, 3
matrix, 3159, 7390, 4
matrix, 3160, 2909, 3
matrix, 3161, 8980, 4
matrix, 3162, 8876, 4
matrix, 3163, 1066, 3
matrix, 3164, 8166, 3
matrix, 3165, 8228, 3
matrix, 3166, 7908, 3
matrix, 3167, 2562, 4
matrix, 3168, 6679, 3
matrix, 3169, 8683, 4
matrix, 3170, 802, 4
matrix, 3171, 7747, 4
matrix, 3172, 966, 3
matrix, 3173, 6679, 3
matrix, 3174, 7106, 3
matrix, 3175, 9327, 3
matrix, 3176, 7335, 3
matrix, 3177, 1603, 3
matrix, 3178, 2980, 3
matrix, 3179, 6616, 3
matrix, 3180, 825, 3
matrix, 3181, 2100, 4
matrix, 3182, 1317, 4
matrix, 3183, 4860, 4
matrix, 3184, 7723, 3
matrix, 3185, 8359, 3
matrix, 3186, 8961, 3
matrix, 3187, 7379, 3
matrix, 3188, 6644, 2
matrix, 3189, 2565, 4
matrix, 3190, 9658, 3
matrix, 3191, 9918, 4
matrix, 3192, 9182, 4
matrix, 3193, 4196, 4
matrix, 3194, 9677, 3
matrix, 3195, 368, 3
matrix, 3196, 6652, 4
matrix, 3197, 7549, 4
matrix, 3198, 5218, 4
matrix, 3199, 9759, 3
matrix, 3200, 4082, 3
matrix, 3201, 2140, 4
matrix, 3202, 2043, 4
matrix, 3203, 4097, 4
matrix, 3204, 9068, 3
matrix, 3205, 7783, 4
matrix, 3206, 899, 4
matrix, 3207, 7965, 4
matrix, 3208, 1419, 3
matrix, 3209, 4547, 4
matrix, 3210, 56, 4
matrix, 3211, 7660, 3
matrix, 3212, 331, 2
matrix, 3213, 1248, 3
matrix, 3214, 4587, 3
matrix, 3215, 7518, 3
matrix, 3216, 1731, 3
matrix, 3217, 1887, 4
matrix, 3218, 3434, 3
matrix, 3219, 253, 3
matrix, 3220, 3843, 3
matrix, 3221, 277, 3
matrix, 3222, 2144, 4
matrix, 3223, 8753, 3
matrix, 3224, 8981, 2
matrix, 3225, 4703, 3
matrix, 3226, 7664, 3
matrix, 3227, 6845, 3
matrix, 3228, 5521, 3
matrix, 3229, 6910, 3
matrix, 3230, 1560, 4
matrix, 3231, 2238, 3
matrix, 3232, 3401, 3
matrix, 3233, 8303, 4
matrix, 3234, 4015, 3
matrix, 3235, 1976, 3
matrix, 3236, 6187, 3
matrix, 3237, 6705, 3
matrix, 3238, 742, 4
matrix, 3239, 9110, 4
matrix, 3240, 8183, 2
matrix, 3241, 3434, 3
matrix, 3242, 7769, 3
matrix, 3243, 1066, 3
matrix, 3244, 2881, 3
matrix, 3245, 9871, 4
matrix, 3246, 1481, 4
matrix, 3247, 4367, 4
matrix, 3248, 331, 2
matrix, 3249, 6159, 3
matrix, 3250, 1470, 4
matrix, 3251, 6679, 3
matrix, 3252, 1202, 3
matrix, 3253, 9232, 3
matrix, 3254, 7183, 3
matrix, 3255, 2813, 3
matrix, 3256, 2839, 3
matrix, 3257, 1416, 4
matrix, 3258, 6449, 3
matrix, 3259, 8981, 2
matrix, 3260, 2274, 4
matrix, 3261, 157, 4
matrix, 3262, 6690, 4
matrix, 3263, 7908, 3
matrix, 3264, 2958, 3
matrix, 3265, 2170, 4
matrix, 3266, 9737, 4
matrix, 3267, 4055, 4
matrix, 3268, 4614, 3
matrix, 3269, 359, 4
matrix, 3270, 7136, 3
matrix, 3271, 5681, 3
matrix, 3272, 6370, 3
matrix, 3273, 1202, 3
matrix, 3274, 6443, 3
matrix, 3275, 4854, 3
matrix, 3276, 2782, 3
matrix, 3277, 5011, 3
matrix, 3278, 6211, 3
matrix, 3279, 2222, 4
matrix, 3280, 2458, 3
matrix, 3281, 2635, 4
matrix, 3282, 9327, 3
matrix, 3283, 9530, 4
matrix, 3284, 6475, 4
matrix, 3285, 4891, 3
matrix, 3286, 5748, 3
matrix, 3287, 212, 4
matrix, 3288, 1202, 3
matrix, 3289, 4317, 4
matrix, 3290, 9494, 3
matrix, 3291, 715, 3
matrix, 3292, 6187, 3
matrix, 3293, 3891, 3
matrix, 3294, 277, 3
matrix, 3295, 5289, 4
matrix, 3296, 9587, 3
matrix, 3297, 2146, 4
matrix, 3298, 5874, 3
matrix, 3299, 7616, 2
matrix, 3300, 4960, 4
matrix, 3301, 3417, 3
matrix, 3302, 7111, 3
matrix, 3303, 7680, 4
matrix, 3304, 4082, 3
matrix, 3305, 1869, 3
matrix, 3306, 5639, 4
matrix, 3307, 5039, 4
matrix, 3308, 2791, 2
matrix, 3309, 2554, 4
matrix, 3310, 1800, 3
matrix, 3311, 854, 3
matrix, 3312, 56, 4
matrix, 3313, 7989, 4
matrix, 3314, 1929, 3
matrix, 3315, 9494, 3
matrix, 3316, 9283, 3
matrix, 3317, 5495, 3
matrix, 3318, 9321, 3
matrix, 3319, 1154, 4
matrix, 3320, 1550, 3
matrix, 3321, 6105, 4
matrix, 3322, 3308, 3
matrix, 3323, 5693, 3
matrix, 3324, 754, 4
matrix, 3325, 9440, 3
matrix, 3326, 1760, 3
matrix, 3327, 1418, 3
matrix, 3328, 7425, 4
matrix, 3329, 9591, 3
matrix, 3330, 1707, 3
matrix, 3331, 6443, 3
matrix, 3332, 8183, 2
matrix, 3333, 7387, 4
matrix, 3334, 1887, 4
matrix, 3335, 4941, 4
matrix, 3336, 8166, 3
matrix, 3337, 1447, 4
matrix, 3338, 3105, 4
matrix, 3339, 2927, 4
matrix, 3340, 7616, 2
matrix, 3341, 9684, 3
matrix, 3342, 3248, 3
matrix, 3343, 6169, 4
matrix, 3344, 3050, 4
matrix, 3345, 5420, 4
matrix, 3346, 7708, 3
matrix, 3347, 1192, 4
matrix, 3348, 7809, 4
matrix, 3349, 5846, 4
matrix, 3350, 23, 4
matrix, 3351, 3363, 3
matrix, 3352, 9400, 4
matrix, 3353, 5350, 4
matrix, 3354, 8183, 2
matrix, 3355, 6168, 4
matrix, 3356, 3055, 3
matrix, 3357, 1707, 3
matrix, 3358, 9167, 3
matrix, 3359, 7478, 3
matrix, 3360, 7616, 2
matrix, 3361, 4405, 3
matrix, 3362, 2439, 4
matrix, 3363, 1063, 2
matrix, 3364, 2452, 3
matrix, 3365, 4607, 3
matrix, 3366, 1106, 3
matrix, 3367, 9623, 3
matrix, 3368, 2467, 3
matrix, 3369, 7962, 2
matrix, 3370, 3083, 3
matrix, 3371, 3434, 3
matrix, 3372, 4828, 3
matrix, 3373, 4854, 3
matrix, 3374, 6996, 3
matrix, 3375, 4371, 4
matrix, 3376, 1182, 4
matrix, 3377, 6434, 3
matrix, 3378, 7246, 3
matrix, 3379, 8064, 3
matrix, 3380, 5130, 3
matrix, 3381, 6715, 4
matrix, 3382, 8197, 4
matrix, 3383, 8779, 3
matrix, 3384, 3340, 3
matrix, 3385, 1284, 3
matrix, 3386, 1716, 3
matrix, 3387, 8002, 4
matrix, 3388, 4973, 4
matrix, 3389, 3860, 4
matrix, 3390, 6449, 3
matrix, 3391, 5793, 4
matrix, 3392, 2606, 3
matrix, 3393, 8436, 3
matrix, 3394, 5621, 4
matrix, 3395, 7118, 3
matrix, 3396, 7183, 3
matrix, 3397, 8834, 3
matrix, 3398, 9295, 3
matrix, 3399, 8961, 3
matrix, 3400, 1030, 3
matrix, 3401, 2069, 2
matrix, 3402, 4521, 3
matrix, 3403, 2580, 4
matrix, 3404, 660, 4
matrix, 3405, 9511, 4
matrix, 3406, 8911, 3
matrix, 3407, 2467, 3
matrix, 3408, 1295, 4
matrix, 3409, 9586, 4
matrix, 3410, 2637, 3
matrix, 3411, 5246, 4
matrix, 3412, 3797, 4
matrix, 3413, 3395, 4
matrix, 3414, 419, 3
matrix, 3415, 1482, 3
matrix, 3416, 3587, 4
matrix, 3417, 7962, 2
matrix, 3418, 9283, 3
matrix, 3419, 7229, 4
matrix, 3420, 2580, 4
matrix, 3421, 3693, 3
matrix, 3422, 8551, 3
matrix, 3423, 5615, 4
matrix, 3424, 4276, 4
matrix, 3425, 3822, 3
matrix, 3426, 5126, 3
matrix, 3427, 9170, 3
matrix, 3428, 8197, 4
matrix, 3429, 3594, 4
matrix, 3430, 6259, 4
matrix, 3431, 5495, 3
matrix, 3432, 9957, 3
matrix, 3433, 262, 4
matrix, 3434, 2031, 2
matrix, 3435, 6370, 3
matrix, 3436, 6647, 3
matrix, 3437, 8347, 4
matrix, 3438, 8436, 3
matrix, 3439, 8348, 4
matrix, 3440, 2958, 3
matrix, 3441, 7677, 3
matrix, 3442, 8919, 3
matrix, 3443, 5634, 3
matrix, 3444, 7434, 3
matrix, 3445, 8295, 3
matrix, 3446, 4813, 3
matrix, 3447, 9137, 3
matrix, 3448, 5538, 4
matrix, 3449, 527, 3
matrix, 3450, 3486, 3
matrix, 3451, 8952, 4
matrix, 3452, 7183, 3
matrix, 3453, 5926, 4
matrix, 3454, 4740, 3
matrix, 3455, 6734, 3
matrix, 3456, 5612, 3
matrix, 3457, 3795, 3
matrix, 3458, 6679, 3
matrix, 3459, 7870, 3
matrix, 3460, 4500, 2
matrix, 3461, 8678, 3
matrix, 3462, 6910, 3
matrix, 3463, 2325, 3
matrix, 3464, 7185, 3
matrix, 3465, 8961, 3
matrix, 3466, 5057, 4
matrix, 3467, 8629, 4
matrix, 3468, 717, 4
matrix, 3469, 4104, 3
matrix, 3470, 3369, 3
matrix, 3471, 1085, 3
matrix, 3472, 5634, 3
matrix, 3473, 3483, 3
matrix, 3474, 2253, 4
matrix, 3475, 5600, 4
matrix, 3476, 3827, 4
matrix, 3477, 7287, 4
matrix, 3478, 41, 4
matrix, 3479, 5265, 3
matrix, 3480, 2980, 3
matrix, 3481, 7734, 4
matrix, 3482, 5339, 4
matrix, 3483, 1063, 2
matrix, 3484, 8923, 3
matrix, 3485, 1851, 3
matrix, 3486, 7616, 2
matrix, 3487, 4887, 4
matrix, 3488, 1066, 3
matrix, 3489, 4500, 2
matrix, 3490, 8891, 3
matrix, 3491, 1550, 3
matrix, 3492, 3747, 3
matrix, 3493, 4692, 3
matrix, 3494, 2564, 3
matrix, 3495, 9623, 3
matrix, 3496, 4276, 4
matrix, 3497, 6738, 3
matrix, 3498, 2678, 3
matrix, 3499, 9685, 3
matrix, 3500, 4326, 3
matrix, 3501, 7368, 4
matrix, 3502, 7687, 4
matrix, 3503, 9002, 3
matrix, 3504, 3483, 3
matrix, 3505, 534, 4
matrix, 3506, 8507, 3
matrix, 3507, 158, 3
matrix, 3508, 1440, 3
matrix, 3509, 7131, 3
matrix, 3510, 8516, 3
matrix, 3511, 1828, 3
matrix, 3512, 8728, 4
matrix, 3513, 6845, 3
matrix, 3514, 6434, 3
matrix, 3515, 1976, 3
matrix, 3516, 3308, 3
matrix, 3517, 8779, 3
matrix, 3518, 1342, 3
matrix, 3519, 1805, 4
matrix, 3520, 9721, 3
matrix, 3521, 9137, 3
matrix, 3522, 8641, 4
matrix, 3523, 812, 3
matrix, 3524, 4692, 3
matrix, 3525, 9309, 3
matrix, 3526, 3686, 4
matrix, 3527, 1482, 3
matrix, 3528, 3686, 4
matrix, 3529, 2043, 4
matrix, 3530, 7816, 3
matrix, 3531, 2839, 3
matrix, 3532, 3299, 3
matrix, 3533, 3483, 3
matrix, 3534, 7107, 4
matrix, 3535, 8534, 4
matrix, 3536, 9661, 3
matrix, 3537, 607, 4
matrix, 3538, 2757, 4
matrix, 3539, 1703, 4
matrix, 3540, 8167, 3
matrix, 3541, 5128, 4
matrix, 3542, 9796, 4
matrix, 3543, 1716, 3
matrix, 3544, 3065, 4
matrix, 3545, 1971, 4
matrix, 3546, 4083, 3
matrix, 3547, 4504, 3
matrix, 3548, 4060, 3
matrix, 3549, 5521, 3
matrix, 3550, 45, 3
matrix, 3551, 467, 4
matrix, 3552, 7315, 4
matrix, 3553, 2637, 3
matrix, 3554, 7251, 4
matrix, 3555, 8295, 3
matrix, 3556, 2703, 3
matrix, 3557, 3950, 3
matrix, 3558, 5631, 3
matrix, 3559, 82, 4
matrix, 3560, 5759, 4
matrix, 3561, 8460, 4
matrix, 3562, 1481, 4
matrix, 3563, 5612, 3
matrix, 3564, 644, 3
matrix, 3565, 1561, 3
matrix, 3566, 9759, 3
matrix, 3567, 9631, 3
matrix, 3568, 4207, 3
matrix, 3569, 1869, 3
matrix, 3570, 1569, 4
matrix, 3571, 7077, 3
matrix, 3572, 1828, 3
matrix, 3573, 8257, 3
matrix, 3574, 3613, 3
matrix, 3575, 8266, 3
matrix, 3576, 7131, 3
matrix, 3577, 6948, 3
matrix, 3578, 8670, 3
matrix, 3579, 6998, 3
matrix, 3580, 3698, 4
matrix, 3581, 696, 3
matrix, 3582, 4515, 3
matrix, 3583, 2261, 3
matrix, 3584, 5224, 3
matrix, 3585, 5480, 4
matrix, 3586, 4428, 4
matrix, 3587, 4345, 3
matrix, 3588, 4083, 3
matrix, 3589, 9863, 3
matrix, 3590, 4064, 4
matrix, 3591, 6185, 4
matrix, 3592, 7010, 3
matrix, 3593, 228, 3
matrix, 3594, 7118, 3
matrix, 3595, 7660, 3
matrix, 3596, 6973, 4
matrix, 3597, 3256, 4
matrix, 3598, 8679, 3
matrix, 3599, 9497, 4
matrix, 3600, 7962, 2
matrix, 3601, 1482, 3
matrix, 3602, 3369, 3
matrix, 3603, 3636, 3
matrix, 3604, 7908, 3
matrix, 3605, 4359, 4
matrix, 3606, 8385, 4
matrix, 3607, 5759, 4
matrix, 3608, 4515, 3
matrix, 3609, 6324, 4
matrix, 3610, 6490, 4
matrix, 3611, 6475, 4
matrix, 3612, 1828, 3
matrix, 3613, 6644, 2
matrix, 3614, 8303, 4
matrix, 3615, 1919, 4
matrix, 3616, 9291, 4
matrix, 3617, 5865, 3
matrix, 3618, 2677, 4
matrix, 3619, 9724, 3
matrix, 3620, 9446, 3
matrix, 3621, 5808, 4
matrix, 3622, 9446, 3
matrix, 3623, 1769, 4
matrix, 3624, 9167, 3
matrix, 3625, 2512, 4
matrix, 3626, 277, 3
matrix, 3627, 4504, 3
matrix, 3628, 7113, 3
matrix, 3629, 6187, 3
matrix, 3630, 1548, 3
matrix, 3631, 4732, 3
matrix, 3632, 5379, 4
matrix, 3633, 9466, 3
matrix, 3634, 1868, 4
matrix, 3635, 5181, 3
matrix, 3636, 8981, 2
matrix, 3637, 5672, 3
matrix, 3638, 7785, 4
matrix, 3639, 4844, 4
matrix, 3640, 8750, 4
matrix, 3641, 9543, 3
matrix, 3642, 2758, 3
matrix, 3643, 1078, 4
matrix, 3644, 8670, 3
matrix, 3645, 3340, 3
matrix, 3646, 3299, 3
matrix, 3647, 8212, 4
matrix, 3648, 6705, 3
matrix, 3649, 478, 4
matrix, 3650, 9309, 3
matrix, 3651, 5357, 4
matrix, 3652, 2564, 3
matrix, 3653, 9591, 3
matrix, 3654, 3860, 4
matrix, 3655, 9345, 4
matrix, 3656, 5793, 4
matrix, 3657, 3822, 3
matrix, 3658, 3536, 4
matrix, 3659, 8167, 3
matrix, 3660, 8257, 3
matrix, 3661, 1342, 3
matrix, 3662, 3360, 3
matrix, 3663, 5461, 3
matrix, 3664, 3986, 4
matrix, 3665, 4347, 4
matrix, 3666, 3256, 4
matrix, 3667, 4854, 3
matrix, 3668, 1304, 4
matrix, 3669, 5024, 4
matrix, 3670, 69, 4
matrix, 3671, 8779, 3
matrix, 3672, 9182, 4
matrix, 3673, 7077, 3
matrix, 3674, 1343, 3
matrix, 3675, 2079, 4
matrix, 3676, 7088, 4
matrix, 3677, 5482, 3
matrix, 3678, 8961, 3
matrix, 3679, 3953, 4
matrix, 3680, 6689, 4
matrix, 3681, 3055, 3
matrix, 3682, 3982, 3
matrix, 3683, 8779, 3
matrix, 3684, 3693, 3
matrix, 3685, 3090, 3
matrix, 3686, 8532, 3
matrix, 3687, 2564, 3
matrix, 3688, 4973, 4
matrix, 3689, 7989, 4
matrix, 3690, 9721, 3
matrix, 3691, 8622, 3
matrix, 3692, 9446, 3
matrix, 3693, 2069, 2
matrix, 3694, 198, 4
matrix, 3695, 967, 4
matrix, 3696, 7118, 3
matrix, 3697, 6274, 3
matrix, 3698, 5909, 3
matrix, 3699, 8820, 4
matrix, 3700, 9572, 4
matrix, 3701, 331, 2
matrix, 3702, 1248, 3
matrix, 3703, 1248, 3
matrix, 3704, 4200, 4
matrix, 3705, 9466, 3
matrix, 3706, 2582, 3
matrix, 3707, 2189, 4
matrix, 3708, 8097, 3
matrix, 3709, 3667, 4
matrix, 3710, 2352, 3
matrix, 3711, 9721, 3
matrix, 3712, 7723, 3
matrix, 3713, 5461, 3
matrix, 3714, 2452, 3
matrix, 3715, 7438, 3
matrix, 3716, 9321, 3
matrix, 3717, 91, 4
matrix, 3718, 5637, 4
matrix, 3719, 7086, 4
matrix, 3720, 7095, 3
matrix, 3721, 563, 3
matrix, 3722, 9930, 3
matrix, 3723, 1947, 4
matrix, 3724, 1887, 4
matrix, 3725, 899, 4
matrix, 3726, 1929, 3
matrix, 3727, 7968, 4
matrix, 3728, 2808, 4
matrix, 3729, 8981, 2
matrix, 3730, 9295, 3
matrix, 3731, 2056, 4
matrix, 3732, 8167, 3
matrix, 3733, 2273, 4
matrix, 3734, 5362, 4
matrix, 3735, 9494, 3
matrix, 3736, 5556, 3
matrix, 3737, 2150, 3
matrix, 3738, 9981, 3
matrix, 3739, 3055, 3
matrix, 3740, 8160, 4
matrix, 3741, 3434, 3
matrix, 3742, 4504, 3
matrix, 3743, 9727, 4
matrix, 3744, 2352, 3
matrix, 3745, 2554, 4
matrix, 3746, 6924, 3
matrix, 3747, 2031, 2
matrix, 3748, 382, 3
matrix, 3749, 5549, 4
matrix, 3750, 2202, 4
matrix, 3751, 1716, 3
matrix, 3752, 8216, 2
matrix, 3753, 5169, 3
matrix, 3754, 4352, 4
matrix, 3755, 7183, 3
matrix, 3756, 4732, 3
matrix, 3757, 7733, 3
matrix, 3758, 6016, 4
matrix, 3759, 742, 4
matrix, 3760, 7785, 4
matrix, 3761, 4916, 3
matrix, 3762, 7769, 3
matrix, 3763, 6831, 4
matrix, 3764, 8307, 3
matrix, 3765, 9178, 4
matrix, 3766, 9957, 3
matrix, 3767, 8389, 4
matrix, 3768, 6432, 3
matrix, 3769, 1206, 4
matrix, 3770, 7716, 4
matrix, 3771, 3851, 4
matrix, 3772, 3083, 3
matrix, 3773, 7965, 4
matrix, 3774, 7517, 4
matrix, 3775, 5151, 3
matrix, 3776, 2443, 3
matrix, 3777, 1254, 4
matrix, 3778, 1007, 4
matrix, 3779, 2069, 2
matrix, 3780, 4276, 4
matrix, 3781, 588, 4
matrix, 3782, 756, 4
matrix, 3783, 642, 4
matrix, 3784, 9370, 4
matrix, 3785, 5749, 4
matrix, 3786, 1805, 4
matrix, 3787, 1078, 4
matrix, 3788, 2001, 3
matrix, 3789, 4064, 4
matrix, 3790, 5126, 3
matrix, 3791, 2016, 4
matrix, 3792, 7596, 4
matrix, 3793, 7131, 3
matrix, 3794, 9400, 4
matrix, 3795, 1299, 2
matrix, 3796, 5432, 4
matrix, 3797, 1248, 3
matrix, 3798, 5600, 4
matrix, 3799, 8529, 3
matrix, 3800, 715, 3
matrix, 3801, 827, 3
matrix, 3802, 4854, 3
matrix, 3803, 5672, 3
matrix, 3804, 7733, 3
matrix, 3805, 7043, 3
matrix, 3806, 6301, 4
matrix, 3807, 5789, 4
matrix, 3808, 2229, 4
matrix, 3809, 7712, 4
matrix, 3810, 5370, 4
matrix, 3811, 9584, 4
matrix, 3812, 4138, 4
matrix, 3813, 2511, 4
matrix, 3814, 7518, 3
matrix, 3815, 3299, 3
matrix, 3816, 1690, 4
matrix, 3817, 3097, 4
matrix, 3818, 3957, 4
matrix, 3819, 6157, 3
matrix, 3820, 2703, 3
matrix, 3821, 9494, 3
matrix, 3822, 8981, 2
matrix, 3823, 8679, 3
matrix, 3824, 5224, 3
matrix, 3825, 1202, 3
matrix, 3826, 3097, 4
matrix, 3827, 8440, 3
matrix, 3828, 1591, 4
matrix, 3829, 3212, 3
matrix, 3830, 1321, 3
matrix, 3831, 300, 4
matrix, 3832, 2202, 4
matrix, 3833, 4854, 3
matrix, 3834, 563, 3
matrix, 3835, 4881, 4
matrix, 3836, 1976, 3
matrix, 3837, 8691, 4
matrix, 3838, 9327, 3
matrix, 3839, 8336, 3
matrix, 3840, 662, 3
matrix, 3841, 3497, 4
matrix, 3842, 9175, 3
matrix, 3843, 6142, 2
matrix, 3844, 612, 4
matrix, 3845, 9901, 3
matrix, 3846, 9252, 3
matrix, 3847, 9167, 3
matrix, 3848, 8435, 4
matrix, 3849, 8622, 3
matrix, 3850, 6413, 4
matrix, 3851, 1288, 3
matrix, 3852, 3824, 4
matrix, 3853, 4813, 3
matrix, 3854, 7149, 3
matrix, 3855, 8532, 3
matrix, 3856, 8452, 4
matrix, 3857, 2486, 4
matrix, 3858, 3752, 3
matrix, 3859, 8986, 4
matrix, 3860, 2150, 3
matrix, 3861, 6443, 3
matrix, 3862, 9835, 4
matrix, 3863, 6845, 3
matrix, 3864, 2150, 3
matrix, 3865, 8834, 3
matrix, 3866, 4854, 3
matrix, 3867, 419, 3
matrix, 3868, 9631, 3
matrix, 3869, 5909, 3
matrix, 3870, 9740, 4
matrix, 3871, 6561, 4
matrix, 3872, 4519, 3
matrix, 3873, 7641, 4
matrix, 3874, 4237, 4
matrix, 3875, 7145, 4
matrix, 3876, 3584, 4
matrix, 3877, 1757, 3
matrix, 3878, 613, 4
matrix, 3879, 8535, 3
matrix, 3880, 2043, 4
matrix, 3881, 7733, 3
matrix, 3882, 8923, 3
matrix, 3883, 4055, 4
matrix, 3884, 7712, 4
matrix, 3885, 9918, 4
matrix, 3886, 3090, 3
matrix, 3887, 612, 4
matrix, 3888, 6786, 4
matrix, 3889, 8359, 3
matrix, 3890, 6274, 3
matrix, 3891, 6142, 2
matrix, 3892, 9440, 3
matrix, 3893, 7106, 3
matrix, 3894, 3833, 4
matrix, 3895, 3747, 3
matrix, 3896, 8779, 3
matrix, 3897, 563, 3
matrix, 3898, 2881, 3
matrix, 3899, 368, 3
matrix, 3900, 102, 4
matrix, 3901, 2582, 3
matrix, 3902, 7518, 3
matrix, 3903, 368, 3
matrix, 3904, 4491, 3
matrix, 3905, 1416, 4
matrix, 3906, 5482, 3
matrix, 3907, 1321, 3
matrix, 3908, 8239, 3
matrix, 3909, 5790, 4
matrix, 3910, 2142, 4
matrix, 3911, 9295, 3
matrix, 3912, 2813, 3
matrix, 3913, 1655, 4
matrix, 3914, 4352, 4
matrix, 3915, 5815, 3
matrix, 3916, 4851, 4
matrix, 3917, 5014, 4
matrix, 3918, 8551, 3
matrix, 3919, 3079, 3
matrix, 3920, 661, 4
matrix, 3921, 9170, 3
matrix, 3922, 5461, 3
matrix, 3923, 6464, 3
matrix, 3924, 1063, 2
matrix, 3925, 3354, 3
matrix, 3926, 9102, 4
matrix, 3927, 2276, 3
matrix, 3928, 8409, 3
matrix, 3929, 2980, 3
matrix, 3930, 243, 3
matrix, 3931, 5611, 3
matrix, 3932, 5614, 4
matrix, 3933, 7517, 4
matrix, 3934, 5707, 4
matrix, 3935, 8463, 3
matrix, 3936, 6343, 4
matrix, 3937, 6412, 4
matrix, 3938, 45, 3
matrix, 3939, 6283, 4
matrix, 3940, 7434, 3
matrix, 3941, 6569, 4
matrix, 3942, 6796, 4
matrix, 3943, 1066, 3
matrix, 3944, 7831, 3
matrix, 3945, 4584, 3
matrix, 3946, 4887, 4
matrix, 3947, 3729, 3
matrix, 3948, 8622, 3
matrix, 3949, 7667, 3
matrix, 3950, 1299, 2
matrix, 3951, 5634, 3
matrix, 3952, 7667, 3
matrix, 3953, 4709, 3
matrix, 3954, 764, 3
matrix, 3955, 1078, 4
matrix, 3956, 854, 3
matrix, 3957, 770, 3
matrix, 3958, 1030, 3
matrix, 3959, 9322, 3
matrix, 3960, 7136, 3
matrix, 3961, 279, 4
matrix, 3962, 9386, 4
matrix, 3963, 5495, 3
matrix, 3964, 6168, 4
matrix, 3965, 8802, 4
matrix, 3966, 1929, 3
matrix, 3967, 9137, 3
matrix, 3968, 1420, 4
matrix, 3969, 9446, 3
matrix, 3970, 1343, 3
matrix, 3971, 3083, 3
matrix, 3972, 3795, 3
matrix, 3973, 9232, 3
matrix, 3974, 4521, 3
matrix, 3975, 3960, 4
matrix, 3976, 7723, 3
matrix, 3977, 1560, 4
matrix, 3978, 1418, 3
matrix, 3979, 96, 3
matrix, 3980, 770, 3
matrix, 3981, 7723, 3
matrix, 3982, 7595, 2
matrix, 3983, 5368, 4
matrix, 3984, 1925, 4
matrix, 3985, 9007, 3
matrix, 3986, 9847, 3
matrix, 3987, 2657, 3
matrix, 3988, 966, 3
matrix, 3989, 5521, 3
matrix, 3990, 7870, 3
matrix, 3991, 802, 4
matrix, 3992, 7518, 3
matrix, 3993, 9327, 3
matrix, 3994, 2782, 3
matrix, 3995, 382, 3
matrix, 3996, 5672, 3
matrix, 3997, 3212, 3
matrix, 3998, 1248, 3
matrix, 3999, 9147, 3
matrix, 4000, 8463, 3
matrix, 4001, 3308, 3
matrix, 4002, 2069, 2
matrix, 4003, 8409, 3
matrix, 4004, 5493, 4
matrix, 4005, 3600, 3
matrix, 4006, 7692, 4
matrix, 4007, 8122, 4
matrix, 4008, 4181, 4
matrix, 4009, 3164, 4
matrix, 4010, 6414, 4
matrix, 4011, 1514, 4
matrix, 4012, 1530, 4
matrix, 4013, 1106, 3
matrix, 4014, 5362, 4
matrix, 4015, 331, 2
matrix, 4016, 1274, 3
matrix, 4017, 3090, 3
matrix, 4018, 7133, 4
matrix, 4019, 3604, 4
matrix, 4020, 6019, 4
matrix, 4021, 9773, 4
matrix, 4022, 6052, 4
matrix, 4023, 9167, 3
matrix, 4024, 3800, 4
matrix, 4025, 4960, 4
matrix, 4026, 3747, 3
matrix, 4027, 7713, 3
matrix, 4028, 3584, 4
matrix, 4029, 41, 4
matrix, 4030, 7131, 3
matrix, 4031, 5396, 4
matrix, 4032, 6887, 3
matrix, 4033, 8328, 4
matrix, 4034, 8678, 3
matrix, 4035, 7014, 4
matrix, 4036, 9466, 3
matrix, 4037, 8923, 3
matrix, 4038, 5846, 4
matrix, 4039, 9252, 3
matrix, 4040, 4577, 4
matrix, 4041, 6616, 3
matrix, 4042, 2611, 3
matrix, 4043, 2958, 3
matrix, 4044, 1758, 4
matrix, 4045, 2591, 3
matrix, 4046, 8390, 2
matrix, 4047, 4167, 4
matrix, 4048, 2450, 3
matrix, 4049, 5000, 3
matrix, 4050, 9799, 4
matrix, 4051, 7831, 3
matrix, 4052, 6411, 4
matrix, 4053, 9284, 3
matrix, 4054, 8257, 3
matrix, 4055, 9661, 3
matrix, 4056, 5480, 4
matrix, 4057, 2238, 3
matrix, 4058, 7251, 4
matrix, 4059, 5000, 3
matrix, 4060, 1299, 2
matrix, 4061, 253, 3
matrix, 4062, 7623, 4
matrix, 4063, 4703, 3
matrix, 4064, 2150, 3
matrix, 4065, 6211, 3
matrix, 4066, 102, 4
matrix, 4067, 9910, 3
matrix, 4068, 5874, 3
matrix, 4069, 1147, 4
matrix, 4070, 7039, 4
matrix, 4071, 9863, 3
matrix, 4072, 9068, 3
matrix, 4073, 3701, 3
matrix, 4074, 9684, 3
matrix, 4075, 158, 3
matrix, 4076, 7623, 4
matrix, 4077, 1828, 3
matrix, 4078, 8622, 3
matrix, 4079, 3696, 4
matrix, 4080, 4154, 4
matrix, 4081, 4732, 3
matrix, 4082, 7962, 2
matrix, 4083, 2031, 2
matrix, 4084, 3924, 3
matrix, 4085, 4405, 3
matrix, 4086, 7043, 3
matrix, 4087, 3298, 4
matrix, 4088, 9901, 3
matrix, 4089, 2591, 3
matrix, 4090, 2261, 3
matrix, 4091, 9473, 4
matrix, 4092, 243, 3
matrix, 4093, 4563, 3
matrix, 4094, 8529, 3
matrix, 4095, 3864, 4
matrix, 4096, 5075, 3
matrix, 4097, 6734, 3
matrix, 4098, 6998, 3
matrix, 4099, 402, 4
matrix, 4100, 5693, 3
matrix, 4101, 7172, 4
matrix, 4102, 7816, 3
matrix, 4103, 1550, 3
matrix, 4104, 2791, 2
matrix, 4105, 8911, 3
matrix, 4106, 5434, 4
matrix, 4107, 7043, 3
matrix, 4108, 6597, 4
matrix, 4109, 5130, 3
matrix, 4110, 3302, 4
matrix, 4111, 352, 4
matrix, 4112, 3240, 3
matrix, 4113, 4149, 4
matrix, 4114, 7118, 3
matrix, 4115, 5627, 4
matrix, 4116, 7113, 3
matrix, 4117, 382, 3
matrix, 4118, 5396, 4
matrix, 4119, 9503, 4
matrix, 4120, 6742, 4
matrix, 4121, 3702, 4
matrix, 4122, 2445, 3
matrix, 4123, 5693, 3
matrix, 4124, 2043, 4
matrix, 4125, 9348, 4
matrix, 4126, 6357, 4
matrix, 4127, 1617, 3
matrix, 4128, 6187, 3
matrix, 4129, 1603, 3
matrix, 4130, 6817, 3
matrix, 4131, 7106, 3
matrix, 4132, 9847, 3
matrix, 4133, 7111, 3
matrix, 4134, 3308, 3
matrix, 4135, 7616, 2
matrix, 4136, 4305, 4
matrix, 4137, 7660, 3
matrix, 4138, 4709, 3
matrix, 4139, 7111, 3
matrix, 4140, 3985, 4
matrix, 4141, 5821, 4
matrix, 4142, 9446, 3
matrix, 4143, 696, 3
matrix, 4144, 4650, 4
matrix, 4145, 8291, 4
matrix, 4146, 9623, 3
matrix, 4147, 6616, 3
matrix, 4148, 7545, 4
matrix, 4149, 3701, 3
matrix, 4150, 1202, 3
matrix, 4151, 7478, 3
matrix, 4152, 7118, 3
matrix, 4153, 6980, 4
matrix, 4154, 4709, 3
matrix, 4155, 7379, 3
matrix, 4156, 9019, 4
matrix, 4157, 7088, 4
matrix, 4158, 1925, 4
matrix, 4159, 9981, 3
matrix, 4160, 6211, 3
matrix, 4161, 7596, 4
matrix, 4162, 696, 3
matrix, 4163, 9232, 3
matrix, 4164, 243, 3
matrix, 4165, 8919, 3
matrix, 4166, 6370, 3
matrix, 4167, 2150, 3
matrix, 4168, 6718, 4
matrix, 4169, 5396, 4
matrix, 4170, 8551, 3
matrix, 4171, 169, 3
matrix, 4172, 8919, 3
matrix, 4173, 2016, 4
matrix, 4174, 1869, 3
matrix, 4175, 4587, 3
matrix, 4176, 2261, 3
matrix, 4177, 8839, 4
matrix, 4178, 4060, 3
matrix, 4179, 147, 4
matrix, 4180, 4015, 3
matrix, 4181, 563, 3
matrix, 4182, 7141, 4
matrix, 4183, 4709, 3
matrix, 4184, 277, 3
matrix, 4185, 8378, 4
matrix, 4186, 7962, 2
matrix, 4187, 8802, 4
matrix, 4188, 8547, 4
matrix, 4189, 4496, 4
matrix, 4190, 4207, 3
matrix, 4191, 7379, 3
matrix, 4192, 1819, 4
matrix, 4193, 9901, 3
matrix, 4194, 9240, 4
matrix, 4195, 9957, 3
matrix, 4196, 6734, 3
matrix, 4197, 6136, 3
matrix, 4198, 4887, 4
matrix, 4199, 6123, 3
matrix, 4200, 1929, 3
matrix, 4201, 3636, 3
matrix, 4202, 9631, 3
matrix, 4203, 6443, 3
matrix, 4204, 3263, 4
matrix, 4205, 2031, 2
matrix, 4206, 5775, 4
matrix, 4207, 2031, 2
matrix, 4208, 4350, 4
matrix, 4209, 6464, 3
matrix, 4210, 2325, 3
matrix, 4211, 754, 4
matrix, 4212, 2276, 3
matrix, 4213, 6413, 4
matrix, 4214, 8670, 3
matrix, 4215, 7016, 4
matrix, 4216, 433, 3
matrix, 4217, 8703, 3
matrix, 4218, 8430, 4
matrix, 4219, 4879, 4
matrix, 4220, 6142, 2
matrix, 4221, 8891, 3
matrix, 4222, 7641, 4
matrix, 4223, 9717, 4
matrix, 4224, 8285, 4
matrix, 4225, 7767, 4
matrix, 4226, 911, 4
matrix, 4227, 8359, 3
matrix, 4228, 9252, 3
matrix, 4229, 3686, 4
matrix, 4230, 7887, 4
matrix, 4231, 7747, 4
matrix, 4232, 8376, 4
matrix, 4233, 2567, 4
matrix, 4234, 2926, 4
matrix, 4235, 7891, 3
matrix, 4236, 3489, 3
matrix, 4237, 7111, 3
matrix, 4238, 7464, 3
matrix, 4239, 2512, 4
matrix, 4240, 3308, 3
matrix, 4241, 3363, 3
matrix, 4242, 4133, 4
matrix, 4243, 5590, 4
matrix, 4244, 7131, 3
matrix, 4245, 8703, 3
matrix, 4246, 4186, 3
matrix, 4247, 1919, 4
matrix, 4248, 500, 3
matrix, 4249, 3980, 4
matrix, 4250, 3982, 3
matrix, 4251, 2450, 3
matrix, 4252, 3363, 3
matrix, 4253, 9863, 3
matrix, 4254, 939, 4
matrix, 4255, 5942, 3
matrix, 4256, 3434, 3
matrix, 4257, 3090, 3
matrix, 4258, 5971, 3
matrix, 4259, 198, 4
matrix, 4260, 7185, 3
matrix, 4261, 7908, 3
matrix, 4262, 5604, 3
matrix, 4263, 5681, 3
matrix, 4264, 534, 4
matrix, 4265, 781, 4
matrix, 4266, 7875, 3
matrix, 4267, 9910, 3
matrix, 4268, 4851, 4
matrix, 4269, 5436, 4
matrix, 4270, 6443, 3
matrix, 4271, 1210, 4
matrix, 4272, 1202, 3
matrix, 4273, 8171, 4
matrix, 4274, 2467, 3
matrix, 4275, 5429, 4
matrix, 4276, 286, 3
matrix, 4277, 1468, 3
matrix, 4278, 6355, 4
matrix, 4279, 4135, 3
matrix, 4280, 6566, 3
matrix, 4281, 819, 4
matrix, 4282, 6283, 4
matrix, 4283, 9657, 4
matrix, 4284, 8281, 4
matrix, 4285, 2564, 3
matrix, 4286, 4703, 3
matrix, 4287, 6210, 3
matrix, 4288, 2969, 3
matrix, 4289, 5289, 4
matrix, 4290, 6133, 4
matrix, 4291, 4386, 3
matrix, 4292, 5929, 4
matrix, 4293, 2238, 3
matrix, 4294, 5349, 4
matrix, 4295, 9684, 3
matrix, 4296, 5707, 4
matrix, 4297, 2649, 4
matrix, 4298, 2705, 3
matrix, 4299, 1028, 4
matrix, 4300, 9631, 3
matrix, 4301, 7875, 3
matrix, 4302, 7546, 4
matrix, 4303, 9309, 3
matrix, 4304, 825, 3
matrix, 4305, 1828, 3
matrix, 4306, 8406, 3
matrix, 4307, 4350, 4
matrix, 4308, 5639, 4
matrix, 4309, 5130, 3
matrix, 4310, 1418, 3
matrix, 4311, 7713, 3
matrix, 4312, 7667, 3
matrix, 4313, 8840, 4
matrix, 4314, 158, 3
matrix, 4315, 696, 3
matrix, 4316, 2056, 4
matrix, 4317, 1248, 3
matrix, 4318, 3298, 4
matrix, 4319, 8802, 4
matrix, 4320, 2674, 4
matrix, 4321, 3957, 4
matrix, 4322, 2170, 4
matrix, 4323, 5875, 4
matrix, 4324, 6449, 3
matrix, 4325, 2637, 3
matrix, 4326, 7616, 2
matrix, 4327, 1274, 3
matrix, 4328, 1135, 4
matrix, 4329, 1106, 3
matrix, 4330, 8285, 4
matrix, 4331, 1585, 4
matrix, 4332, 2481, 4
matrix, 4333, 9544, 3
matrix, 4334, 812, 3
matrix, 4335, 5319, 3
matrix, 4336, 6277, 4
matrix, 4337, 8750, 4
matrix, 4338, 1696, 3
matrix, 4339, 8151, 4
matrix, 4340, 9315, 3
matrix, 4341, 9380, 4
matrix, 4342, 953, 4
matrix, 4343, 3340, 3
matrix, 4344, 2657, 3
matrix, 4345, 331, 2
matrix, 4346, 1707, 3
matrix, 4347, 4709, 3
matrix, 4348, 9543, 3
matrix, 4349, 8166, 3
matrix, 4350, 3701, 3
matrix, 4351, 781, 4
matrix, 4352, 2839, 3
matrix, 4353, 3070, 4
matrix, 4354, 3950, 3
matrix, 4355, 8435, 4
matrix, 4356, 8578, 3
matrix, 4357, 7982, 3
matrix, 4358, 44, 3
matrix, 4359, 5075, 3
matrix, 4360, 9724, 3
matrix, 4361, 852, 4
matrix, 4362, 8622, 3
matrix, 4363, 6274, 3
matrix, 4364, 9685, 3
matrix, 4365, 2637, 3
matrix, 4366, 228, 3
matrix, 4367, 2678, 3
matrix, 4368, 2979, 4
matrix, 4369, 1398, 3
matrix, 4370, 1402, 3
matrix, 4371, 7667, 3
matrix, 4372, 6434, 3
matrix, 4373, 1325, 3
matrix, 4374, 825, 3
matrix, 4375, 9023, 3
matrix, 4376, 4096, 4
matrix, 4377, 9380, 4
matrix, 4378, 2296, 4
matrix, 4379, 3737, 4
matrix, 4380, 1007, 4
matrix, 4381, 827, 3
matrix, 4382, 9542, 4
matrix, 4383, 96, 3
matrix, 4384, 1703, 4
matrix, 4385, 9910, 3
matrix, 4386, 8981, 2
matrix, 4387, 8197, 4
matrix, 4388, 6054, 4
matrix, 4389, 7031, 4
matrix, 4390, 3020, 4
matrix, 4391, 7438, 3
matrix, 4392, 4083, 3
matrix, 4393, 9901, 3
matrix, 4394, 7875, 3
matrix, 4395, 963, 4
matrix, 4396, 4135, 3
matrix, 4397, 824, 4
matrix, 4398, 6003, 3
matrix, 4399, 7335, 3
matrix, 4400, 5929, 4
matrix, 4401, 899, 4
matrix, 4402, 2043, 4
matrix, 4403, 1976, 3
matrix, 4404, 9370, 4
matrix, 4405, 1908, 2
matrix, 4406, 9187, 4
matrix, 4407, 8333, 4
matrix, 4408, 5611, 3
matrix, 4409, 4950, 4
matrix, 4410, 1851, 3
matrix, 4411, 1673, 4
matrix, 4412, 3354, 3
matrix, 4413, 1851, 3
matrix, 4414, 1777, 3
matrix, 4415, 4817, 4
matrix, 4416, 285, 3
matrix, 4417, 6647, 3
matrix, 4418, 1321, 3
matrix, 4419, 644, 3
matrix, 4420, 6654, 3
matrix, 4421, 9944, 3
matrix, 4422, 9039, 4
matrix, 4423, 6211, 3
matrix, 4424, 8160, 4
matrix, 4425, 2452, 3
matrix, 4426, 9321, 3
matrix, 4427, 6413, 4
matrix, 4428, 2813, 3
matrix, 4429, 8753, 3
matrix, 4430, 5368, 4
matrix, 4431, 3020, 4
matrix, 4432, 9654, 3
matrix, 4433, 3800, 4
matrix, 4434, 2886, 4
matrix, 4435, 2958, 3
matrix, 4436, 8516, 3
matrix, 4437, 7965, 4
matrix, 4438, 9927, 4
matrix, 4439, 3020, 4
matrix, 4440, 2657, 3
matrix, 4441, 7010, 3
matrix, 4442, 7438, 3
matrix, 4443, 9440, 3
matrix, 4444, 8209, 4
matrix, 4445, 5987, 3
matrix, 4446, 9167, 3
matrix, 4447, 8961, 3
matrix, 4448, 1343, 3
matrix, 4449, 7840, 3
matrix, 4450, 8641, 4
matrix, 4451, 5083, 3
matrix, 4452, 6539, 3
matrix, 4453, 738, 4
matrix, 4454, 8452, 4
matrix, 4455, 7578, 3
matrix, 4456, 2975, 4
matrix, 4457, 3291, 4
matrix, 4458, 7816, 3
matrix, 4459, 6464, 3
matrix, 4460, 5327, 3
matrix, 4461, 5269, 4
matrix, 4462, 7785, 4
matrix, 4463, 371, 4
matrix, 4464, 44, 3
matrix, 4465, 1248, 3
matrix, 4466, 5971, 3
matrix, 4467, 2758, 3
matrix, 4468, 6948, 3
matrix, 4469, 6490, 4
matrix, 4470, 5363, 4
matrix, 4471, 2001, 3
matrix, 4472, 1402, 3
matrix, 4473, 3455, 4
matrix, 4474, 5410, 3
matrix, 4475, 6157, 3
matrix, 4476, 7106, 3
matrix, 4477, 863, 4
matrix, 4478, 9147, 3
matrix, 4479, 2958, 3
matrix, 4480, 3234, 4
matrix, 4481, 4487, 3
matrix, 4482, 45, 3
matrix, 4483, 527, 3
matrix, 4484, 8167, 3
matrix, 4485, 6991, 4
matrix, 4486, 1463, 4
matrix, 4487, 2069, 2
matrix, 4488, 7887, 4
matrix, 4489, 329, 3
matrix, 4490, 4359, 4
matrix, 4491, 8981, 2
matrix, 4492, 7891, 3
matrix, 4493, 5638, 4
matrix, 4494, 5482, 3
matrix, 4495, 2530, 4
matrix, 4496, 9847, 3
matrix, 4497, 9759, 3
matrix, 4498, 9527, 4
matrix, 4499, 9930, 3
matrix, 4500, 1, 1
matrix, 4501, 4345, 3
matrix, 4502, 7106, 3
matrix, 4503, 854, 3
matrix, 4504, 7616, 2
matrix, 4505, 1398, 3
matrix, 4506, 7027, 3
matrix, 4507, 3256, 4
matrix, 4508, 2261, 3
matrix, 4509, 9768, 4
matrix, 4510, 5908, 4
matrix, 4511, 534, 4
matrix, 4512, 3070, 4
matrix, 4513, 3079, 3
matrix, 4514, 9137, 3
matrix, 4515, 4500, 2
matrix, 4516, 7196, 3
matrix, 4517, 8736, 4
matrix, 4518, 2637, 3
matrix, 4519, 6142, 2
matrix, 4520, 9283, 3
matrix, 4521, 331, 2
matrix, 4522, 5379, 4
matrix, 4523, 4073, 4
matrix, 4524, 4405, 3
matrix, 4525, 8307, 3
matrix, 4526, 8703, 3
matrix, 4527, 7438, 3
matrix, 4528, 4060, 3
matrix, 4529, 4584, 3
matrix, 4530, 7473, 4
matrix, 4531, 7136, 3
matrix, 4532, 5954, 4
matrix, 4533, 9623, 3
matrix, 4534, 4325, 4
matrix, 4535, 1563, 4
matrix, 4536, 893, 3
matrix, 4537, 7499, 3
matrix, 4538, 1845, 4
matrix, 4539, 7908, 3
matrix, 4540, 2782, 3
matrix, 4541, 7616, 2
matrix, 4542, 41, 4
matrix, 4543, 6370, 3
matrix, 4544, 3168, 4
matrix, 4545, 45, 3
matrix, 4546, 12, 4
matrix, 4547, 5942, 3
matrix, 4548, 7379, 3
matrix, 4549, 4186, 3
matrix, 4550, 1210, 4
matrix, 4551, 4541, 3
matrix, 4552, 5825, 4
matrix, 4553, 382, 3
matrix, 4554, 4941, 4
matrix, 4555, 3747, 3
matrix, 4556, 1716, 3
matrix, 4557, 7095, 3
matrix, 4558, 2450, 3
matrix, 4559, 770, 3
matrix, 4560, 7131, 3
matrix, 4561, 5192, 4
matrix, 4562, 8798, 4
matrix, 4563, 4500, 2
matrix, 4564, 1731, 3
matrix, 4565, 6738, 3
matrix, 4566, 7183, 3
matrix, 4567, 6201, 4
matrix, 4568, 8298, 3
matrix, 4569, 7499, 3
matrix, 4570, 7111, 3
matrix, 4571, 9494, 3
matrix, 4572, 9322, 3
matrix, 4573, 7379, 3
matrix, 4574, 2458, 3
matrix, 4575, 5681, 3
matrix, 4576, 8385, 4
matrix, 4577, 3248, 3
matrix, 4578, 8840, 4
matrix, 4579, 9957, 3
matrix, 4580, 9240, 4
matrix, 4581, 6434, 3
matrix, 4582, 3531, 4
matrix, 4583, 3693, 3
matrix, 4584, 8183, 2
matrix, 4585, 8298, 3
matrix, 4586, 5224, 3
matrix, 4587, 1908, 2
matrix, 4588, 3891, 3
matrix, 4589, 4587, 3
matrix, 4590, 9309, 3
matrix, 4591, 3613, 3
matrix, 4592, 4352, 4
matrix, 4593, 8228, 3
matrix, 4594, 5942, 3
matrix, 4595, 7840, 3
matrix, 4596, 6817, 3
matrix, 4597, 7379, 3
matrix, 4598, 5672, 3
matrix, 4599, 3969, 4
matrix, 4600, 8409, 3
matrix, 4601, 6411, 4
matrix, 4602, 4594, 4
matrix, 4603, 4220, 3
matrix, 4604, 963, 4
matrix, 4605, 5083, 3
matrix, 4606, 2748, 4
matrix, 4607, 7616, 2
matrix, 4608, 6159, 3
matrix, 4609, 9351, 4
matrix, 4610, 6561, 4
matrix, 4611, 3802, 4
matrix, 4612, 2808, 4
matrix, 4613, 6616, 3
matrix, 4614, 1299, 2
matrix, 4615, 3823, 4
matrix, 4616, 2611, 3
matrix, 4617, 5319, 3
matrix, 4618, 243, 3
matrix, 4619, 6274, 3
matrix, 4620, 1179, 3
matrix, 4621, 5611, 3
matrix, 4622, 400, 4
matrix, 4623, 1210, 4
matrix, 4624, 7958, 4
matrix, 4625, 6432, 3
matrix, 4626, 5994, 4
matrix, 4627, 2685, 4
matrix, 4628, 478, 4
matrix, 4629, 8382, 3
matrix, 4630, 2981, 4
matrix, 4631, 3982, 3
matrix, 4632, 1982, 4
matrix, 4633, 8516, 3
matrix, 4634, 4428, 4
matrix, 4635, 5039, 4
matrix, 4636, 6141, 3
matrix, 4637, 2445, 3
matrix, 4638, 2043, 4
matrix, 4639, 9684, 3
matrix, 4640, 3536, 4
matrix, 4641, 8698, 4
matrix, 4642, 4352, 4
matrix, 4643, 2494, 3
matrix, 4644, 7023, 3
matrix, 4645, 2394, 4
matrix, 4646, 819, 4
matrix, 4647, 5151, 3
matrix, 4648, 8460, 4
matrix, 4649, 4521, 3
matrix, 4650, 2522, 3
matrix, 4651, 5812, 4
matrix, 4652, 7908, 3
matrix, 4653, 1166, 4
matrix, 4654, 7077, 3
matrix, 4655, 504, 4
matrix, 4656, 9503, 4
matrix, 4657, 5521, 3
matrix, 4658, 433, 3
matrix, 4659, 4152, 4
matrix, 4660, 3982, 3
matrix, 4661, 8961, 3
matrix, 4662, 7677, 3
matrix, 4663, 7015, 4
matrix, 4664, 9759, 3
matrix, 4665, 1368, 4
matrix, 4666, 329, 3
matrix, 4667, 7386, 4
matrix, 4668, 44, 3
matrix, 4669, 5087, 4
matrix, 4670, 7043, 3
matrix, 4671, 4082, 3
matrix, 4672, 5057, 4
matrix, 4673, 4951, 4
matrix, 4674, 8126, 4
matrix, 4675, 4703, 3
matrix, 4676, 8167, 3
matrix, 4677, 6998, 3
matrix, 4678, 4002, 3
matrix, 4679, 7982, 3
matrix, 4680, 2494, 3
matrix, 4681, 9544, 3
matrix, 4682, 6831, 4
matrix, 4683, 3531, 4
matrix, 4684, 1321, 3
matrix, 4685, 4504, 3
matrix, 4686, 2450, 3
matrix, 4687, 3950, 3
matrix, 4688, 6435, 3
matrix, 4689, 8923, 3
matrix, 4690, 3126, 4
matrix, 4691, 7113, 3
matrix, 4692, 8216, 2
matrix, 4693, 2705, 3
matrix, 4694, 1200, 4
matrix, 4695, 5265, 3
matrix, 4696, 4405, 3
matrix, 4697, 4077, 4
matrix, 4698, 3097, 4
matrix, 4699, 9252, 3
matrix, 4700, 8463, 3
matrix, 4701, 4614, 3
matrix, 4702, 228, 3
matrix, 4703, 1299, 2
matrix, 4704, 1085, 3
matrix, 4705, 3703, 4
matrix, 4706, 738, 4
matrix, 4707, 7708, 3
matrix, 4708, 41, 4
matrix, 4709, 331, 2
matrix, 4710, 4584, 3
matrix, 4711, 5304, 4
matrix, 4712, 7677, 3
matrix, 4713, 5126, 3
matrix, 4714, 1106, 3
matrix, 4715, 5937, 3
matrix, 4716, 9494, 3
matrix, 4717, 9587, 3
matrix, 4718, 7149, 3
matrix, 4719, 2645, 4
matrix, 4720, 3166, 4
matrix, 4721, 4891, 3
matrix, 4722, 1402, 3
matrix, 4723, 6164, 4
matrix, 4724, 4587, 3
matrix, 4725, 5379, 4
matrix, 4726, 8532, 3
matrix, 4727, 1295, 4
matrix, 4728, 8891, 3
matrix, 4729, 684, 4
matrix, 4730, 6136, 3
matrix, 4731, 2637, 3
matrix, 4732, 7962, 2
matrix, 4733, 158, 3
matrix, 4734, 9309, 3
matrix, 4735, 827, 3
matrix, 4736, 9007, 3
matrix, 4737, 5130, 3
matrix, 4738, 382, 3
matrix, 4739, 1122, 4
matrix, 4740, 6644, 2
matrix, 4741, 1284, 3
matrix, 4742, 1690, 4
matrix, 4743, 9572, 4
matrix, 4744, 1274, 3
matrix, 4745, 4718, 4
matrix, 4746, 1085, 3
matrix, 4747, 194, 4
matrix, 4748, 821, 4
matrix, 4749, 966, 3
matrix, 4750, 2969, 3
matrix, 4751, 4753, 4
matrix, 4752, 1707, 3
matrix, 4753, 8919, 3
matrix, 4754, 5707, 4
matrix, 4755, 6515, 4
matrix, 4756, 3395, 4
matrix, 4757, 899, 4
matrix, 4758, 6887, 3
matrix, 4759, 3126, 4
matrix, 4760, 3489, 3
matrix, 4761, 1468, 3
matrix, 4762, 6432, 3
matrix, 4763, 9466, 3
matrix, 4764, 8703, 3
matrix, 4765, 2276, 3
matrix, 4766, 7192, 3
matrix, 4767, 2261, 3
matrix, 4768, 6996, 3
matrix, 4769, 3083, 3
matrix, 4770, 8183, 2
matrix, 4771, 5821, 4
matrix, 4772, 9910, 3
matrix, 4773, 7588, 4
matrix, 4774, 368, 3
matrix, 4775, 3434, 3
matrix, 4776, 1548, 3
matrix, 4777, 7713, 3
matrix, 4778, 1655, 4
matrix, 4779, 3020, 4
matrix, 4780, 8382, 3
matrix, 4781, 4853, 4
matrix, 4782, 9119, 4
matrix, 4783, 4504, 3
matrix, 4784, 9466, 3
matrix, 4785, 1141, 4
matrix, 4786, 3752, 3
matrix, 4787, 3006, 4
matrix, 4788, 2450, 3
matrix, 4789, 9379, 4
matrix, 4790, 2222, 4
matrix, 4791, 5987, 3
matrix, 4792, 2467, 3
matrix, 4793, 8952, 4
matrix, 4794, 6136, 3
matrix, 4795, 3363, 3
matrix, 4796, 1828, 3
matrix, 4797, 9721, 3
matrix, 4798, 9380, 4
matrix, 4799, 9901, 3
matrix, 4800, 7904, 4
matrix, 4801, 4703, 3
matrix, 4802, 6141, 3
matrix, 4803, 6427, 4
matrix, 4804, 9406, 4
matrix, 4805, 5121, 3
matrix, 4806, 7596, 4
matrix, 4807, 2864, 4
matrix, 4808, 696, 3
matrix, 4809, 8361, 4
matrix, 4810, 8257, 3
matrix, 4811, 1030, 3
matrix, 4812, 8166, 3
matrix, 4813, 4500, 2
matrix, 4814, 1066, 3
matrix, 4815, 69, 4
matrix, 4816, 4060, 3
matrix, 4817, 1828, 3
matrix, 4818, 4854, 3
matrix, 4819, 827, 3
matrix, 4820, 1069, 3
matrix, 4821, 9901, 3
matrix, 4822, 6742, 4
matrix, 4823, 6975, 4
matrix, 4824, 7712, 4
matrix, 4825, 1550, 3
matrix, 4826, 6660, 4
matrix, 4827, 2143, 4
matrix, 4828, 8390, 2
matrix, 4829, 5363, 4
matrix, 4830, 696, 3
matrix, 4831, 3866, 4
matrix, 4832, 4207, 3
matrix, 4833, 260, 4
matrix, 4834, 2180, 4
matrix, 4835, 4541, 3
matrix, 4836, 1887, 4
matrix, 4837, 9684, 3
matrix, 4838, 1514, 4
matrix, 4839, 7368, 4
matrix, 4840, 6756, 4
matrix, 4841, 92, 4
matrix, 4842, 2954, 4
matrix, 4843, 1420, 4
matrix, 4844, 9847, 3
matrix, 4845, 6738, 3
matrix, 4846, 9466, 3
matrix, 4847, 4150, 4
matrix, 4848, 4750, 4
matrix, 4849, 3693, 3
matrix, 4850, 9151, 4
matrix, 4851, 770, 3
matrix, 4852, 5634, 3
matrix, 4853, 3212, 3
matrix, 4854, 331, 2
matrix, 4855, 1468, 3
matrix, 4856, 312, 4
matrix, 4857, 7464, 3
matrix, 4858, 7565, 4
matrix, 4859, 9082, 3
matrix, 4860, 158, 3
matrix, 4861, 1919, 4
matrix, 4862, 1470, 4
matrix, 4863, 8535, 3
matrix, 4864, 2987, 4
matrix, 4865, 6597, 4
matrix, 4866, 9120, 4
matrix, 4867, 7464, 3
matrix, 4868, 6434, 3
matrix, 4869, 9497, 4
matrix, 4870, 6679, 3
matrix, 4871, 1343, 3
matrix, 4872, 4060, 3
matrix, 4873, 4220, 3
matrix, 4874, 4891, 3
matrix, 4875, 1402, 3
matrix, 4876, 9252, 3
matrix, 4877, 4584, 3
matrix, 4878, 9587, 3
matrix, 4879, 9007, 3
matrix, 4880, 770, 3
matrix, 4881, 2150, 3
matrix, 4882, 1079, 3
matrix, 4883, 2748, 4
matrix, 4884, 5319, 3
matrix, 4885, 3924, 3
matrix, 4886, 4207, 3
matrix, 4887, 5942, 3
matrix, 4888, 3097, 4
matrix, 4889, 6820, 4
matrix, 4890, 7840, 3
matrix, 4891, 1063, 2
matrix, 4892, 494, 4
matrix, 4893, 8378, 4
matrix, 4894, 6887, 3
matrix, 4895, 9283, 3
matrix, 4896, 6283, 4
matrix, 4897, 5495, 3
matrix, 4898, 7517, 4
matrix, 4899, 6715, 4
matrix, 4900, 1982, 4
matrix, 4901, 9654, 3
matrix, 4902, 7733, 3
matrix, 4903, 4261, 4
matrix, 4904, 8891, 3
matrix, 4905, 7875, 3
matrix, 4906, 4491, 3
matrix, 4907, 852, 4
matrix, 4908, 6861, 3
matrix, 4909, 5495, 3
matrix, 4910, 2331, 4
matrix, 4911, 6654, 3
matrix, 4912, 3827, 4
matrix, 4913, 1069, 3
matrix, 4914, 7185, 3
matrix, 4915, 2224, 3
matrix, 4916, 2791, 2
matrix, 4917, 893, 3
matrix, 4918, 9327, 3
matrix, 4919, 500, 3
matrix, 4920, 5611, 3
matrix, 4921, 3055, 3
matrix, 4922, 7192, 3
matrix, 4923, 7136, 3
matrix, 4924, 1200, 4
matrix, 4925, 8516, 3
matrix, 4926, 9446, 3
matrix, 4927, 92, 4
matrix, 4928, 9345, 4
matrix, 4929, 7723, 3
matrix, 4930, 245, 4
matrix, 4931, 8905, 4
matrix, 4932, 1591, 4
matrix, 4933, 8911, 3
matrix, 4934, 5948, 4
matrix, 4935, 1482, 3
matrix, 4936, 3395, 4
matrix, 4937, 9147, 3
matrix, 4938, 2224, 3
matrix, 4939, 5631, 3
matrix, 4940, 9202, 4
matrix, 4941, 5224, 3
matrix, 4942, 2703, 3
matrix, 4943, 3360, 3
matrix, 4944, 2443, 3
matrix, 4945, 9847, 3
matrix, 4946, 2755, 4
matrix, 4947, 3511, 4
matrix, 4948, 3402, 4
matrix, 4949, 4015, 3
matrix, 4950, 5942, 3
matrix, 4951, 3248, 3
matrix, 4952, 6845, 3
matrix, 4953, 3912, 4
matrix, 4954, 4881, 4
matrix, 4955, 1482, 3
matrix, 4956, 9658, 3
matrix, 4957, 3212, 3
matrix, 4958, 3600, 3
matrix, 4959, 8359, 3
matrix, 4960, 5874, 3
matrix, 4961, 6647, 3
matrix, 4962, 3531, 4
matrix, 4963, 5399, 4
matrix, 4964, 2611, 3
matrix, 4965, 9082, 3
matrix, 4966, 3822, 3
matrix, 4967, 3803, 4
matrix, 4968, 3824, 4
matrix, 4969, 2637, 3
matrix, 4970, 5907, 4
matrix, 4971, 433, 3
matrix, 4972, 195, 4
matrix, 4973, 7434, 3
matrix, 4974, 2645, 4
matrix, 4975, 3489, 3
matrix, 4976, 8919, 3
matrix, 4977, 7095, 3
matrix, 4978, 5014, 4
matrix, 4979, 3255, 4
matrix, 4980, 6505, 4
matrix, 4981, 5340, 4
matrix, 4982, 7192, 3
matrix, 4983, 4521, 3
matrix, 4984, 9721, 3
matrix, 4985, 2234, 4
matrix, 4986, 3827, 4
matrix, 4987, 3795, 3
matrix, 4988, 285, 3
matrix, 4989, 9167, 3
matrix, 4990, 2101, 4
matrix, 4991, 3090, 3
matrix, 4992, 812, 3
matrix, 4993, 6907, 4
matrix, 4994, 4046, 3
matrix, 4995, 3188, 3
matrix, 4996, 7023, 3
matrix, 4997, 6210, 3
matrix, 4998, 9478, 4
matrix, 4999, 3126, 4
matrix, 5000, 8183, 2
matrix, 5001, 2959, 4
matrix, 5002, 1468, 3
matrix, 5003, 8678, 3
matrix, 5004, 4386, 3
matrix, 5005, 69, 4
matrix, 5006, 5126, 3
matrix, 5007, 3982, 3
matrix, 5008, 9684, 3
matrix, 5009, 6998, 3
matrix, 5010, 9623, 3
matrix, 5011, 2791, 2
matrix, 5012, 2492, 4
matrix, 5013, 893, 3
matrix, 5014, 286, 3
matrix, 5015, 9816, 4
matrix, 5016, 4853, 4
matrix, 5017, 607, 4
matrix, 5018, 7113, 3
matrix, 5019, 6449, 3
matrix, 5020, 7059, 4
matrix, 5021, 6414, 4
matrix, 5022, 3263, 4
matrix, 5023, 7887, 4
matrix, 5024, 1284, 3
matrix, 5025, 7232, 4
matrix, 5026, 2001, 3
matrix, 5027, 9658, 3
matrix, 5028, 218, 3
matrix, 5029, 3354, 3
matrix, 5030, 1069, 3
matrix, 5031, 5541, 3
matrix, 5032, 4317, 4
matrix, 5033, 2261, 3
matrix, 5034, 4465, 4
matrix, 5035, 4916, 3
matrix, 5036, 2035, 4
matrix, 5037, 5874, 3
matrix, 5038, 1641, 4
matrix, 5039, 1419, 3
matrix, 5040, 9283, 3
matrix, 5041, 2450, 3
matrix, 5042, 6157, 3
matrix, 5043, 8679, 3
matrix, 5044, 1585, 4
matrix, 5045, 1172, 4
matrix, 5046, 4909, 4
matrix, 5047, 3486, 3
matrix, 5048, 7517, 4
matrix, 5049, 6928, 3
matrix, 5050, 1284, 3
matrix, 5051, 4501, 4
matrix, 5052, 4563, 3
matrix, 5053, 6647, 3
matrix, 5054, 8685, 4
matrix, 5055, 9664, 4
matrix, 5056, 2732, 4
matrix, 5057, 4015, 3
matrix, 5058, 158, 3
matrix, 5059, 4973, 4
matrix, 5060, 7816, 3
matrix, 5061, 4060, 3
matrix, 5062, 504, 4
matrix, 5063, 7010, 3
matrix, 5064, 4587, 3
matrix, 5065, 3572, 4
matrix, 5066, 2439, 4
matrix, 5067, 8322, 4
matrix, 5068, 7719, 4
matrix, 5069, 9147, 3
matrix, 5070, 1100, 4
matrix, 5071, 4068, 4
matrix, 5072, 610, 4
matrix, 5073, 2056, 4
matrix, 5074, 5613, 4
matrix, 5075, 148, 2
matrix, 5076, 5265, 3
matrix, 5077, 9016, 4
matrix, 5078, 5431, 4
matrix, 5079, 7375, 4
matrix, 5080, 5357, 4
matrix, 5081, 7220, 4
matrix, 5082, 8961, 3
matrix, 5083, 6142, 2
matrix, 5084, 5856, 3
matrix, 5085, 7196, 3
matrix, 5086, 3957, 4
matrix, 5087, 3248, 3
matrix, 5088, 8551, 3
matrix, 5089, 9654, 3
matrix, 5090, 9503, 4
matrix, 5091, 9539, 4
matrix, 5092, 3800, 4
matrix, 5093, 4077, 4
matrix, 5094, 6654, 3
matrix, 5095, 5122, 3
matrix, 5096, 3802, 4
matrix, 5097, 3628, 4
matrix, 5098, 7522, 4
matrix, 5099, 4891, 3
matrix, 5100, 7295, 4
matrix, 5101, 7315, 4
matrix, 5102, 7387, 4
matrix, 5103, 5319, 3
matrix, 5104, 7016, 4
matrix, 5105, 8457, 4
matrix, 5106, 1284, 3
matrix, 5107, 7561, 3
matrix, 5108, 9668, 4
matrix, 5109, 3083, 3
matrix, 5110, 7196, 3
matrix, 5111, 5815, 3
matrix, 5112, 1374, 4
matrix, 5113, 9175, 3
matrix, 5114, 9321, 3
matrix, 5115, 4750, 4
matrix, 5116, 4117, 4
matrix, 5117, 96, 3
matrix, 5118, 8678, 3
matrix, 5119, 4200, 4
matrix, 5120, 9658, 3
matrix, 5121, 2791, 2
matrix, 5122, 1908, 2
matrix, 5123, 9684, 3
matrix, 5124, 5169, 3
matrix, 5125, 3126, 4
matrix, 5126, 6644, 2
matrix, 5127, 900, 4
matrix, 5128, 4891, 3
matrix, 5129, 825, 3
matrix, 5130, 2069, 2
matrix, 5131, 1617, 3
matrix, 5132, 6312, 4
matrix, 5133, 1696, 3
matrix, 5134, 4487, 3
matrix, 5135, 2813, 3
matrix, 5136, 2001, 3
matrix, 5137, 2703, 3
matrix, 5138, 6742, 4
matrix, 5139, 2564, 3
matrix, 5140, 23, 4
matrix, 5141, 7077, 3
matrix, 5142, 3255, 4
matrix, 5143, 7982, 3
matrix, 5144, 7345, 4
matrix, 5145, 9930, 3
matrix, 5146, 2450, 3
matrix, 5147, 3255, 4
matrix, 5148, 764, 3
matrix, 5149, 2782, 3
matrix, 5150, 8385, 4
matrix, 5151, 1908, 2
matrix, 5152, 4817, 4
matrix, 5153, 7473, 4
matrix, 5154, 6008, 4
matrix, 5155, 953, 4
matrix, 5156, 7884, 4
matrix, 5157, 3950, 3
matrix, 5158, 7043, 3
matrix, 5159, 4104, 3
matrix, 5160, 8703, 3
matrix, 5161, 5339, 4
matrix, 5162, 2530, 4
matrix, 5163, 7816, 3
matrix, 5164, 8736, 4
matrix, 5165, 6274, 3
matrix, 5166, 9529, 4
matrix, 5167, 7752, 4
matrix, 5168, 5874, 3
matrix, 5169, 8981, 2
matrix, 5170, 3827, 4
matrix, 5171, 195, 4
matrix, 5172, 3600, 3
matrix, 5173, 4880, 4
matrix, 5174, 8378, 4
matrix, 5175, 1617, 3
matrix, 5176, 8834, 3
matrix, 5177, 5319, 3
matrix, 5178, 3460, 3
matrix, 5179, 6600, 4
matrix, 5180, 9393, 4
matrix, 5181, 8216, 2
matrix, 5182, 9386, 4
matrix, 5183, 7368, 4
matrix, 5184, 1591, 4
matrix, 5185, 3299, 3
matrix, 5186, 4950, 4
matrix, 5187, 2678, 3
matrix, 5188, 2146, 4
matrix, 5189, 4563, 3
matrix, 5190, 8966, 4
matrix, 5191, 9002, 3
matrix, 5192, 4345, 3
matrix, 5193, 8976, 4
matrix, 5194, 7387, 4
matrix, 5195, 6193, 4
matrix, 5196, 278, 4
matrix, 5197, 3696, 4
matrix, 5198, 3489, 3
matrix, 5199, 8779, 3
matrix, 5200, 2815, 4
matrix, 5201, 7192, 3
matrix, 5202, 9283, 3
matrix, 5203, 6690, 4
matrix, 5204, 3721, 4
matrix, 5205, 827, 3
matrix, 5206, 1163, 4
matrix, 5207, 6918, 4
matrix, 5208, 764, 3
matrix, 5209, 6587, 4
matrix, 5210, 9512, 4
matrix, 5211, 3248, 3
matrix, 5212, 6928, 3
matrix, 5213, 4854, 3
matrix, 5214, 4796, 4
matrix, 5215, 1805, 4
matrix, 5216, 8160, 4
matrix, 5217, 8406, 3
matrix, 5218, 7908, 3
matrix, 5219, 7517, 4
matrix, 5220, 7183, 3
matrix, 5221, 1030, 3
matrix, 5222, 6539, 3
matrix, 5223, 9147, 3
matrix, 5224, 148, 2
matrix, 5225, 6566, 3
matrix, 5226, 7596, 4
matrix, 5227, 5461, 3
matrix, 5228, 8535, 3
matrix, 5229, 9622, 4
matrix, 5230, 3779, 3
matrix, 5231, 3746, 4
matrix, 5232, 7185, 3
matrix, 5233, 4114, 4
matrix, 5234, 1202, 3
matrix, 5235, 7420, 4
matrix, 5236, 1851, 3
matrix, 5237, 500, 3
matrix, 5238, 232, 3
matrix, 5239, 3581, 4
matrix, 5240, 7816, 3
matrix, 5241, 2758, 3
matrix, 5242, 5493, 4
matrix, 5243, 1481, 4
matrix, 5244, 4465, 4
matrix, 5245, 893, 3
matrix, 5246, 4521, 3
matrix, 5247, 9240, 4
matrix, 5248, 9494, 3
matrix, 5249, 1368, 4
matrix, 5250, 1482, 3
matrix, 5251, 8533, 4
matrix, 5252, 1135, 4
matrix, 5253, 6187, 3
matrix, 5254, 3980, 4
matrix, 5255, 1321, 3
matrix, 5256, 1976, 3
matrix, 5257, 2637, 3
matrix, 5258, 3369, 3
matrix, 5259, 8670, 3
matrix, 5260, 563, 3
matrix, 5261, 2296, 4
matrix, 5262, 2782, 3
matrix, 5263, 4880, 4
matrix, 5264, 6539, 3
matrix, 5265, 7595, 2
matrix, 5266, 127, 4
matrix, 5267, 8389, 4
matrix, 5268, 2512, 4
matrix, 5269, 6738, 3
matrix, 5270, 4916, 3
matrix, 5271, 6168, 4
matrix, 5272, 6443, 3
matrix, 5273, 5874, 3
matrix, 5274, 9232, 3
matrix, 5275, 661, 4
matrix, 5276, 9773, 4
matrix, 5277, 3055, 3
matrix, 5278, 3224, 3
matrix, 5279, 4046, 3
matrix, 5280, 5211, 4
matrix, 5281, 8359, 3
matrix, 5282, 2994, 4
matrix, 5283, 1179, 3
matrix, 5284, 1585, 4
matrix, 5285, 4916, 3
matrix, 5286, 8426, 4
matrix, 5287, 2253, 4
matrix, 5288, 8239, 3
matrix, 5289, 770, 3
matrix, 5290, 7578, 3
matrix, 5291, 7183, 3
matrix, 5292, 6210, 3
matrix, 5293, 4114, 4
matrix, 5294, 6718, 4
matrix, 5295, 6998, 3
matrix, 5296, 1137, 4
matrix, 5297, 2981, 4
matrix, 5298, 1604, 3
matrix, 5299, 6464, 3
matrix, 5300, 5362, 4
matrix, 5301, 2981, 4
matrix, 5302, 5672, 3
matrix, 5303, 1420, 4
matrix, 5304, 7434, 3
matrix, 5305, 8891, 3
matrix, 5306, 3299, 3
matrix, 5307, 9740, 4
matrix, 5308, 5909, 3
matrix, 5309, 9284, 3
matrix, 5310, 5461, 3
matrix, 5311, 3090, 3
matrix, 5312, 1135, 4
matrix, 5313, 7733, 3
matrix, 5314, 9175, 3
matrix, 5315, 41, 4
matrix, 5316, 7831, 3
matrix, 5317, 5541, 3
matrix, 5318, 6412, 4
matrix, 5319, 2031, 2
matrix, 5320, 715, 3
matrix, 5321, 500, 3
matrix, 5322, 5611, 3
matrix, 5323, 695, 4
matrix, 5324, 8802, 4
matrix, 5325, 4541, 3
matrix, 5326, 9082, 3
matrix, 5327, 8390, 2
matrix, 5328, 4709, 3
matrix, 5329, 2224, 3
matrix, 5330, 7149, 3
matrix, 5331, 7677, 3
matrix, 5332, 3701, 3
matrix, 5333, 6443, 3
matrix, 5334, 3254, 4
matrix, 5335, 4288, 4
matrix, 5336, 6157, 3
matrix, 5337, 9466, 3
matrix, 5338, 5779, 4
matrix, 5339, 45, 3
matrix, 5340, 4891, 3
matrix, 5341, 654, 4
matrix, 5342, 3843, 3
matrix, 5343, 7783, 4
matrix, 5344, 8489, 4
matrix, 5345, 1943, 4
matrix, 5346, 5350, 4
matrix, 5347, 9862, 4
matrix, 5348, 5779, 4
matrix, 5349, 9661, 3
matrix, 5350, 8440, 3
matrix, 5351, 812, 3
matrix, 5352, 5707, 4
matrix, 5353, 4165, 4
matrix, 5354, 9948, 4
matrix, 5355, 6616, 3
matrix, 5356, 1735, 4
matrix, 5357, 1419, 3
matrix, 5358, 1418, 3
matrix, 5359, 881, 4
matrix, 5360, 8679, 3
matrix, 5361, 1179, 3
matrix, 5362, 1828, 3
matrix, 5363, 5909, 3
matrix, 5364, 4909, 4
matrix, 5365, 2143, 4
matrix, 5366, 8771, 4
matrix, 5367, 9327, 3
matrix, 5368, 2150, 3
matrix, 5369, 3270, 4
matrix, 5370, 5874, 3
matrix, 5371, 4220, 3
matrix, 5372, 8064, 3
matrix, 5373, 3460, 3
matrix, 5374, 1468, 3
matrix, 5375, 8834, 3
matrix, 5376, 9901, 3
matrix, 5377, 8919, 3
matrix, 5378, 1735, 4
matrix, 5379, 5942, 3
matrix, 5380, 3248, 3
matrix, 5381, 893, 3
matrix, 5382, 8409, 3
matrix, 5383, 3188, 3
matrix, 5384, 6159, 3
matrix, 5385, 3308, 3
matrix, 5386, 8457, 4
matrix, 5387, 5011, 3
matrix, 5388, 9283, 3
matrix, 5389, 6569, 4
matrix, 5390, 102, 4
matrix, 5391, 4138, 4
matrix, 5392, 4607, 3
matrix, 5393, 2261, 3
matrix, 5394, 9295, 3
matrix, 5395, 6928, 3
matrix, 5396, 715, 3
matrix, 5397, 180, 3
matrix, 5398, 7825, 4
matrix, 5399, 2150, 3
matrix, 5400, 7667, 3
matrix, 5401, 6647, 3
matrix, 5402, 3483, 3
matrix, 5403, 2146, 4
matrix, 5404, 2276, 3
matrix, 5405, 9295, 3
matrix, 5406, 6347, 4
matrix, 5407, 8171, 4
matrix, 5408, 3164, 4
matrix, 5409, 6499, 4
matrix, 5410, 1299, 2
matrix, 5411, 7578, 3
matrix, 5412, 5693, 3
matrix, 5413, 630, 4
matrix, 5414, 7113, 3
matrix, 5415, 5169, 3
matrix, 5416, 4813, 3
matrix, 5417, 7875, 3
matrix, 5418, 4738, 4
matrix, 5419, 5126, 3
matrix, 5420, 2637, 3
matrix, 5421, 4796, 4
matrix, 5422, 7106, 3
matrix, 5423, 1548, 3
matrix, 5424, 1690, 4
matrix, 5425, 1342, 3
matrix, 5426, 1144, 4
matrix, 5427, 7687, 4
matrix, 5428, 3995, 4
matrix, 5429, 7434, 3
matrix, 5430, 696, 3
matrix, 5431, 7667, 3
matrix, 5432, 1342, 3
matrix, 5433, 9055, 4
matrix, 5434, 1828, 3
matrix, 5435, 3360, 3
matrix, 5436, 696, 3
matrix, 5437, 3531, 4
matrix, 5438, 7664, 3
matrix, 5439, 6597, 4
matrix, 5440, 6910, 3
matrix, 5441, 1079, 3
matrix, 5442, 4077, 4
matrix, 5443, 7335, 3
matrix, 5444, 9032, 4
matrix, 5445, 1994, 4
matrix, 5446, 2458, 3
matrix, 5447, 5789, 4
matrix, 5448, 9145, 3
matrix, 5449, 1456, 4
matrix, 5450, 3489, 3
matrix, 5451, 738, 4
matrix, 5452, 4539, 4
matrix, 5453, 6432, 3
matrix, 5454, 6910, 3
matrix, 5455, 3924, 3
matrix, 5456, 6980, 4
matrix, 5457, 3431, 4
matrix, 5458, 5874, 3
matrix, 5459, 7980, 4
matrix, 5460, 9151, 4
matrix, 5461, 1063, 2
matrix, 5462, 3824, 4
matrix, 5463, 2808, 4
matrix, 5464, 8028, 3
matrix, 5465, 3363, 3
matrix, 5466, 7558, 4
matrix, 5467, 294, 3
matrix, 5468, 8406, 3
matrix, 5469, 9068, 3
matrix, 5470, 69, 4
matrix, 5471, 9309, 3
matrix, 5472, 2467, 3
matrix, 5473, 6650, 4
matrix, 5474, 3483, 3
matrix, 5475, 9684, 3
matrix, 5476, 5289, 4
matrix, 5477, 169, 3
matrix, 5478, 9315, 3
matrix, 5479, 1246, 4
matrix, 5480, 715, 3
matrix, 5481, 1202, 3
matrix, 5482, 8390, 2
matrix, 5483, 3188, 3
matrix, 5484, 5218, 4
matrix, 5485, 1468, 3
matrix, 5486, 8409, 3
matrix, 5487, 6185, 4
matrix, 5488, 1550, 3
matrix, 5489, 7578, 3
matrix, 5490, 2494, 3
matrix, 5491, 5265, 3
matrix, 5492, 5521, 3
matrix, 5493, 5942, 3
matrix, 5494, 3701, 3
matrix, 5495, 331, 2
matrix, 5496, 7767, 4
matrix, 5497, 413, 4
matrix, 5498, 277, 3
matrix, 5499, 4703, 3
matrix, 5500, 7712, 4
matrix, 5501, 7734, 4
matrix, 5502, 5627, 4
matrix, 5503, 51, 4
matrix, 5504, 8045, 4
matrix, 5505, 7079, 4
matrix, 5506, 277, 3
matrix, 5507, 2905, 4
matrix, 5508, 2705, 3
matrix, 5509, 2069, 2
matrix, 5510, 3604, 4
matrix, 5511, 3240, 3
matrix, 5512, 5865, 3
matrix, 5513, 3982, 3
matrix, 5514, 4563, 3
matrix, 5515, 1468, 3
matrix, 5516, 7816, 3
matrix, 5517, 1616, 4
matrix, 5518, 6996, 3
matrix, 5519, 1868, 4
matrix, 5520, 4487, 3
matrix, 5521, 1063, 2
matrix, 5522, 7578, 3
matrix, 5523, 4732, 3
matrix, 5524, 4083, 3
matrix, 5525, 6141, 3
matrix, 5526, 7725, 4
matrix, 5527, 7713, 3
matrix, 5528, 3486, 3
matrix, 5529, 9519, 3
matrix, 5530, 8452, 4
matrix, 5531, 4352, 4
matrix, 5532, 875, 4
matrix, 5533, 3891, 3
matrix, 5534, 8578, 3
matrix, 5535, 8166, 3
matrix, 5536, 6370, 3
matrix, 5537, 7532, 4
matrix, 5538, 696, 3
matrix, 5539, 9284, 3
matrix, 5540, 6443, 3
matrix, 5541, 7595, 2
matrix, 5542, 4881, 4
matrix, 5543, 5482, 3
matrix, 5544, 7096, 4
matrix, 5545, 5748, 3
matrix, 5546, 9759, 3
matrix, 5547, 5987, 3
matrix, 5548, 6738, 3
matrix, 5549, 5672, 3
matrix, 5550, 449, 3
matrix, 5551, 5265, 3
matrix, 5552, 9321, 3
matrix, 5553, 8295, 3
matrix, 5554, 2394, 4
matrix, 5555, 9826, 4
matrix, 5556, 2069, 2
matrix, 5557, 2813, 3
matrix, 5558, 9957, 3
matrix, 5559, 4068, 4
matrix, 5560, 3613, 3
matrix, 5561, 7650, 4
matrix, 5562, 7111, 3
matrix, 5563, 8779, 3
matrix, 5564, 9724, 3
matrix, 5565, 5014, 4
matrix, 5566, 2443, 3
matrix, 5567, 7891, 3
matrix, 5568, 3213, 4
matrix, 5569, 9175, 3
matrix, 5570, 6003, 3
matrix, 5571, 3444, 4
matrix, 5572, 7031, 4
matrix, 5573, 9284, 3
matrix, 5574, 9008, 3
matrix, 5575, 2637, 3
matrix, 5576, 9137, 3
matrix, 5577, 1925, 4
matrix, 5578, 9055, 4
matrix, 5579, 2564, 3
matrix, 5580, 9440, 3
matrix, 5581, 3891, 3
matrix, 5582, 5865, 3
matrix, 5583, 467, 4
matrix, 5584, 1078, 4
matrix, 5585, 4770, 3
matrix, 5586, 7891, 3
matrix, 5587, 6133, 4
matrix, 5588, 4951, 4
matrix, 5589, 6616, 3
matrix, 5590, 893, 3
matrix, 5591, 9910, 3
matrix, 5592, 2909, 3
matrix, 5593, 3240, 3
matrix, 5594, 9182, 4
matrix, 5595, 4135, 3
matrix, 5596, 3360, 3
matrix, 5597, 9106, 4
matrix, 5598, 115, 4
matrix, 5599, 9182, 4
matrix, 5600, 6734, 3
matrix, 5601, 2762, 4
matrix, 5602, 6201, 4
matrix, 5603, 1202, 3
matrix, 5604, 4500, 2
matrix, 5605, 5482, 3
matrix, 5606, 2905, 4
matrix, 5607, 6868, 4
matrix, 5608, 6370, 3
matrix, 5609, 2566, 4
matrix, 5610, 147, 4
matrix, 5611, 2791, 2
matrix, 5612, 4500, 2
matrix, 5613, 7136, 3
matrix, 5614, 3701, 3
matrix, 5615, 9661, 3
matrix, 5616, 6201, 4
matrix, 5617, 6141, 3
matrix, 5618, 4055, 4
matrix, 5619, 433, 3
matrix, 5620, 2564, 3
matrix, 5621, 4709, 3
matrix, 5622, 6948, 3
matrix, 5623, 6705, 3
matrix, 5624, 881, 4
matrix, 5625, 368, 3
matrix, 5626, 7077, 3
matrix, 5627, 7434, 3
matrix, 5628, 7723, 3
matrix, 5629, 8167, 3
matrix, 5630, 8266, 3
matrix, 5631, 4500, 2
matrix, 5632, 5521, 3
matrix, 5633, 3099, 3
matrix, 5634, 1908, 2
matrix, 5635, 7099, 3
matrix, 5636, 8064, 3
matrix, 5637, 9007, 3
matrix, 5638, 5874, 3
matrix, 5639, 5942, 3
matrix, 5640, 9472, 4
matrix, 5641, 3747, 3
matrix, 5642, 2079, 4
matrix, 5643, 7394, 4
matrix, 5644, 644, 3
matrix, 5645, 9187, 4
matrix, 5646, 1433, 4
matrix, 5647, 8009, 4
matrix, 5648, 4563, 3
matrix, 5649, 3696, 4
matrix, 5650, 7664, 3
matrix, 5651, 4002, 3
matrix, 5652, 9759, 3
matrix, 5653, 2202, 4
matrix, 5654, 158, 3
matrix, 5655, 6370, 3
matrix, 5656, 8166, 3
matrix, 5657, 8064, 3
matrix, 5658, 1828, 3
matrix, 5659, 3363, 3
matrix, 5660, 3460, 3
matrix, 5661, 8559, 4
matrix, 5662, 9252, 3
matrix, 5663, 1470, 4
matrix, 5664, 7809, 4
matrix, 5665, 9322, 3
matrix, 5666, 8834, 3
matrix, 5667, 2394, 4
matrix, 5668, 7687, 4
matrix, 5669, 5681, 3
matrix, 5670, 5319, 3
matrix, 5671, 2146, 4
matrix, 5672, 331, 2
matrix, 5673, 8984, 4
matrix, 5674, 2294, 4
matrix, 5675, 8359, 3
matrix, 5676, 8535, 3
matrix, 5677, 563, 3
matrix, 5678, 3997, 4
matrix, 5679, 3752, 3
matrix, 5680, 963, 4
matrix, 5681, 4500, 2
matrix, 5682, 5549, 4
matrix, 5683, 9002, 3
matrix, 5684, 3980, 4
matrix, 5685, 4114, 4
matrix, 5686, 1668, 3
matrix, 5687, 1269, 4
matrix, 5688, 7379, 3
matrix, 5689, 228, 3
matrix, 5690, 6910, 3
matrix, 5691, 2388, 4
matrix, 5692, 7131, 3
matrix, 5693, 6142, 2
matrix, 5694, 7667, 3
matrix, 5695, 7109, 4
matrix, 5696, 2486, 4
matrix, 5697, 8295, 3
matrix, 5698, 4068, 4
matrix, 5699, 2703, 3
matrix, 5700, 1284, 3
matrix, 5701, 7215, 4
matrix, 5702, 893, 3
matrix, 5703, 2437, 4
matrix, 5704, 2748, 4
matrix, 5705, 4487, 3
matrix, 5706, 7099, 3
matrix, 5707, 7908, 3
matrix, 5708, 2330, 4
matrix, 5709, 6820, 4
matrix, 5710, 2562, 4
matrix, 5711, 3056, 4
matrix, 5712, 2981, 4
matrix, 5713, 1325, 3
matrix, 5714, 6142, 2
matrix, 5715, 819, 4
matrix, 5716, 5815, 3
matrix, 5717, 3924, 3
matrix, 5718, 1887, 4
matrix, 5719, 406, 4
matrix, 5720, 3584, 4
matrix, 5721, 680, 4
matrix, 5722, 4916, 3
matrix, 5723, 4732, 3
matrix, 5724, 827, 3
matrix, 5725, 4891, 3
matrix, 5726, 1069, 3
matrix, 5727, 1548, 3
matrix, 5728, 5693, 3
matrix, 5729, 2325, 3
matrix, 5730, 368, 3
matrix, 5731, 2494, 3
matrix, 5732, 8685, 4
matrix, 5733, 433, 3
matrix, 5734, 1202, 3
matrix, 5735, 7415, 4
matrix, 5736, 253, 3
matrix, 5737, 7733, 3
matrix, 5738, 5909, 3
matrix, 5739, 6998, 3
matrix, 5740, 560, 3
matrix, 5741, 2881, 3
matrix, 5742, 2762, 4
matrix, 5743, 8516, 3
matrix, 5744, 3055, 3
matrix, 5745, 158, 3
matrix, 5746, 3895, 4
matrix, 5747, 6187, 3
matrix, 5748, 6142, 2
matrix, 5749, 7136, 3
matrix, 5750, 7010, 3
matrix, 5751, 7747, 4
matrix, 5752, 6301, 4
matrix, 5753, 330, 4
matrix, 5754, 1716, 3
matrix, 5755, 9327, 3
matrix, 5756, 819, 4
matrix, 5757, 2705, 3
matrix, 5758, 5011, 3
matrix, 5759, 715, 3
matrix, 5760, 3701, 3
matrix, 5761, 6105, 4
matrix, 5762, 8679, 3
matrix, 5763, 7840, 3
matrix, 5764, 3924, 3
matrix, 5765, 3531, 4
matrix, 5766, 3460, 3
matrix, 5767, 1819, 4
matrix, 5768, 6370, 3
matrix, 5769, 1654, 4
matrix, 5770, 9252, 3
matrix, 5771, 1707, 3
matrix, 5772, 1561, 3
matrix, 5773, 7016, 4
matrix, 5774, 6475, 4
matrix, 5775, 3701, 3
matrix, 5776, 3083, 3
matrix, 5777, 2211, 4
matrix, 5778, 6283, 4
matrix, 5779, 7434, 3
matrix, 5780, 3800, 4
matrix, 5781, 3259, 3
matrix, 5782, 9187, 4
matrix, 5783, 9544, 3
matrix, 5784, 9440, 3
matrix, 5785, 2003, 4
matrix, 5786, 5942, 3
matrix, 5787, 102, 4
matrix, 5788, 7727, 4
matrix, 5789, 5224, 3
matrix, 5790, 5075, 3
matrix, 5791, 696, 3
matrix, 5792, 7099, 3
matrix, 5793, 5672, 3
matrix, 5794, 911, 4
matrix, 5795, 7331, 4
matrix, 5796, 4709, 3
matrix, 5797, 1617, 3
matrix, 5798, 2864, 4
matrix, 5799, 5874, 3
matrix, 5800, 2609, 4
matrix, 5801, 4770, 3
matrix, 5802, 7473, 4
matrix, 5803, 3097, 4
matrix, 5804, 3489, 3
matrix, 5805, 3795, 3
matrix, 5806, 4614, 3
matrix, 5807, 5612, 3
matrix, 5808, 5151, 3
matrix, 5809, 3045, 4
matrix, 5810, 3584, 4
matrix, 5811, 1805, 4
matrix, 5812, 8166, 3
matrix, 5813, 4386, 3
matrix, 5814, 5632, 4
matrix, 5815, 7962, 2
matrix, 5816, 5924, 4
matrix, 5817, 8436, 3
matrix, 5818, 2813, 3
matrix, 5819, 9367, 4
matrix, 5820, 824, 4
matrix, 5821, 2839, 3
matrix, 5822, 9322, 3
matrix, 5823, 9530, 4
matrix, 5824, 9901, 3
matrix, 5825, 9847, 3
matrix, 5826, 9985, 4
matrix, 5827, 8622, 3
matrix, 5828, 6928, 3
matrix, 5829, 6187, 3
matrix, 5830, 766, 4
matrix, 5831, 180, 3
matrix, 5832, 7111, 3
matrix, 5833, 7335, 3
matrix, 5834, 563, 3
matrix, 5835, 4064, 4
matrix, 5836, 1707, 3
matrix, 5837, 6539, 3
matrix, 5838, 9167, 3
matrix, 5839, 2717, 4
matrix, 5840, 9739, 4
matrix, 5841, 6344, 4
matrix, 5842, 4133, 4
matrix, 5843, 1668, 3
matrix, 5844, 9543, 3
matrix, 5845, 5302, 4
matrix, 5846, 382, 3
matrix, 5847, 3308, 3
matrix, 5848, 2016, 4
matrix, 5849, 7887, 4
matrix, 5850, 7438, 3
matrix, 5851, 812, 3
matrix, 5852, 8359, 3
matrix, 5853, 7396, 4
matrix, 5854, 2703, 3
matrix, 5855, 8440, 3
matrix, 5856, 7595, 2
matrix, 5857, 8578, 3
matrix, 5858, 6464, 3
matrix, 5859, 5509, 3
matrix, 5860, 2909, 3
matrix, 5861, 6948, 3
matrix, 5862, 8074, 4
matrix, 5863, 2043, 4
matrix, 5864, 5942, 3
matrix, 5865, 7962, 2
matrix, 5866, 6928, 3
matrix, 5867, 368, 3
matrix, 5868, 8911, 3
matrix, 5869, 8064, 3
matrix, 5870, 4854, 3
matrix, 5871, 3097, 4
matrix, 5872, 5302, 4
matrix, 5873, 9240, 4
matrix, 5874, 331, 2
matrix, 5875, 9623, 3
matrix, 5876, 3752, 3
matrix, 5877, 51, 4
matrix, 5878, 7149, 3
matrix, 5879, 7878, 4
matrix, 5880, 3572, 4
matrix, 5881, 8532, 3
matrix, 5882, 7379, 3
matrix, 5883, 2394, 4
matrix, 5884, 5075, 3
matrix, 5885, 1925, 4
matrix, 5886, 4491, 3
matrix, 5887, 1874, 4
matrix, 5888, 382, 3
matrix, 5889, 8307, 3
matrix, 5890, 560, 3
matrix, 5891, 3489, 3
matrix, 5892, 6411, 4
matrix, 5893, 4104, 3
matrix, 5894, 7096, 4
matrix, 5895, 9309, 3
matrix, 5896, 2705, 3
matrix, 5897, 1343, 3
matrix, 5898, 9685, 3
matrix, 5899, 3308, 3
matrix, 5900, 4942, 4
matrix, 5901, 911, 4
matrix, 5902, 8622, 3
matrix, 5903, 5611, 3
matrix, 5904, 2046, 4
matrix, 5905, 1868, 4
matrix, 5906, 1202, 3
matrix, 5907, 5672, 3
matrix, 5908, 7111, 3
matrix, 5909, 331, 2
matrix, 5910, 419, 3
matrix, 5911, 45, 3
matrix, 5912, 3600, 3
matrix, 5913, 4817, 4
matrix, 5914, 6159, 3
matrix, 5915, 4881, 4
matrix, 5916, 8435, 4
matrix, 5917, 6016, 4
matrix, 5918, 7438, 3
matrix, 5919, 5929, 4
matrix, 5920, 5681, 3
matrix, 5921, 7215, 4
matrix, 5922, 8359, 3
matrix, 5923, 2703, 3
matrix, 5924, 4854, 3
matrix, 5925, 3473, 4
matrix, 5926, 2678, 3
matrix, 5927, 3779, 3
matrix, 5928, 1716, 3
matrix, 5929, 1202, 3
matrix, 5930, 9930, 3
matrix, 5931, 1603, 3
matrix, 5932, 6820, 4
matrix, 5933, 7713, 3
matrix, 5934, 2511, 4
matrix, 5935, 4002, 3
matrix, 5936, 2572, 4
matrix, 5937, 8183, 2
matrix, 5938, 2994, 4
matrix, 5939, 7088, 4
matrix, 5940, 9082, 3
matrix, 5941, 7345, 4
matrix, 5942, 148, 2
matrix, 5943, 6274, 3
matrix, 5944, 5289, 4
matrix, 5945, 5604, 3
matrix, 5946, 1869, 3
matrix, 5947, 2564, 3
matrix, 5948, 5634, 3
matrix, 5949, 3752, 3
matrix, 5950, 9313, 4
matrix, 5951, 607, 4
matrix, 5952, 8239, 3
matrix, 5953, 3729, 3
matrix, 5954, 5075, 3
matrix, 5955, 8064, 3
matrix, 5956, 5681, 3
matrix, 5957, 5192, 4
matrix, 5958, 2253, 4
matrix, 5959, 7982, 3
matrix, 5960, 3083, 3
matrix, 5961, 9981, 3
matrix, 5962, 478, 4
matrix, 5963, 212, 4
matrix, 5964, 7669, 4
matrix, 5965, 9519, 3
matrix, 5966, 3866, 4
matrix, 5967, 9587, 3
matrix, 5968, 7099, 3
matrix, 5969, 8167, 3
matrix, 5970, 4465, 4
matrix, 5971, 8390, 2
matrix, 5972, 8167, 3
matrix, 5973, 5790, 4
matrix, 5974, 1828, 3
matrix, 5975, 3340, 3
matrix, 5976, 8041, 4
matrix, 5977, 7113, 3
matrix, 5978, 3442, 4
matrix, 5979, 574, 4
matrix, 5980, 4261, 4
matrix, 5981, 563, 3
matrix, 5982, 4352, 4
matrix, 5983, 6718, 4
matrix, 5984, 4504, 3
matrix, 5985, 2170, 4
matrix, 5986, 7131, 3
matrix, 5987, 7595, 2
matrix, 5988, 9863, 3
matrix, 5989, 7136, 3
matrix, 5990, 3604, 4
matrix, 5991, 1284, 3
matrix, 5992, 750, 4
matrix, 5993, 2123, 4
matrix, 5994, 9446, 3
matrix, 5995, 5349, 4
matrix, 5996, 9910, 3
matrix, 5997, 1288, 3
matrix, 5998, 3797, 4
matrix, 5999, 277, 3
matrix, 6000, 3402, 4
matrix, 6001, 7335, 3
matrix, 6002, 7033, 3
matrix, 6003, 6644, 2
matrix, 6004, 8285, 4
matrix, 6005, 4941, 4
matrix, 6006, 1468, 3
matrix, 6007, 7499, 3
matrix, 6008, 8919, 3
matrix, 6009, 7185, 3
matrix, 6010, 9252, 3
matrix, 6011, 9446, 3
matrix, 6012, 8266, 3
matrix, 6013, 1851, 3
matrix, 6014, 7708, 3
matrix, 6015, 3083, 3
matrix, 6016, 218, 3
matrix, 6017, 8966, 4
matrix, 6018, 5126, 3
matrix, 6019, 218, 3
matrix, 6020, 1079, 3
matrix, 6021, 9137, 3
matrix, 6022, 8771, 4
matrix, 6023, 9901, 3
matrix, 6024, 1274, 3
matrix, 6025, 4428, 4
matrix, 6026, 6738, 3
matrix, 6027, 1548, 3
matrix, 6028, 2439, 4
matrix, 6029, 628, 4
matrix, 6030, 6235, 3
matrix, 6031, 2582, 3
matrix, 6032, 4487, 3
matrix, 6033, 8239, 3
matrix, 6034, 1106, 3
matrix, 6035, 9677, 3
matrix, 6036, 8298, 3
matrix, 6037, 5368, 4
matrix, 6038, 9440, 3
matrix, 6039, 6998, 3
matrix, 6040, 3332, 3
matrix, 6041, 8961, 3
matrix, 6042, 1661, 4
matrix, 6043, 5319, 3
matrix, 6044, 1800, 3
matrix, 6045, 6921, 4
matrix, 6046, 4082, 3
matrix, 6047, 5994, 4
matrix, 6048, 4428, 4
matrix, 6049, 4703, 3
matrix, 6050, 9658, 3
matrix, 6051, 644, 3
matrix, 6052, 4015, 3
matrix, 6053, 5884, 4
matrix, 6054, 1342, 3
matrix, 6055, 9298, 4
matrix, 6056, 1603, 3
matrix, 6057, 8042, 4
matrix, 6058, 8555, 3
matrix, 6059, 34, 4
matrix, 6060, 6235, 3
matrix, 6061, 3166, 4
matrix, 6062, 6820, 4
matrix, 6063, 7578, 3
matrix, 6064, 1339, 4
matrix, 6065, 2443, 3
matrix, 6066, 8677, 4
matrix, 6067, 3332, 3
matrix, 6068, 696, 3
matrix, 6069, 3703, 4
matrix, 6070, 2458, 3
matrix, 6071, 7095, 3
matrix, 6072, 4135, 3
matrix, 6073, 1284, 3
matrix, 6074, 5121, 3
matrix, 6075, 6168, 4
matrix, 6076, 195, 4
matrix, 6077, 8728, 4
matrix, 6078, 5987, 3
matrix, 6079, 2958, 3
matrix, 6080, 3308, 3
matrix, 6081, 8463, 3
matrix, 6082, 8771, 4
matrix, 6083, 96, 3
matrix, 6084, 9519, 3
matrix, 6085, 1887, 4
matrix, 6086, 2095, 4
matrix, 6087, 9519, 3
matrix, 6088, 1028, 4
matrix, 6089, 1144, 4
matrix, 6090, 1419, 3
matrix, 6091, 5432, 4
matrix, 6092, 5000, 3
matrix, 6093, 3860, 4
matrix, 6094, 2758, 3
matrix, 6095, 4359, 4
matrix, 6096, 3002, 4
matrix, 6097, 1800, 3
matrix, 6098, 7783, 4
matrix, 6099, 2056, 4
matrix, 6100, 827, 3
matrix, 6101, 7077, 3
matrix, 6102, 3950, 3
matrix, 6103, 5014, 4
matrix, 6104, 5432, 4
matrix, 6105, 7118, 3
matrix, 6106, 637, 4
matrix, 6107, 7517, 4
matrix, 6108, 3600, 3
matrix, 6109, 3291, 4
matrix, 6110, 2150, 3
matrix, 6111, 2573, 4
matrix, 6112, 8074, 4
matrix, 6113, 4709, 3
matrix, 6114, 8532, 3
matrix, 6115, 9910, 3
matrix, 6116, 5265, 3
matrix, 6117, 7816, 3
matrix, 6118, 4002, 3
matrix, 6119, 7891, 3
matrix, 6120, 1591, 4
matrix, 6121, 7831, 3
matrix, 6122, 7596, 4
matrix, 6123, 6142, 2
matrix, 6124, 9170, 3
matrix, 6125, 527, 3
matrix, 6126, 228, 3
matrix, 6127, 8200, 4
matrix, 6128, 4519, 3
matrix, 6129, 7096, 4
matrix, 6130, 3401, 3
matrix, 6131, 5937, 3
matrix, 6132, 277, 3
matrix, 6133, 5909, 3
matrix, 6134, 5431, 4
matrix, 6135, 5218, 4
matrix, 6136, 4500, 2
matrix, 6137, 7518, 3
matrix, 6138, 2224, 3
matrix, 6139, 2705, 3
matrix, 6140, 9393, 4
matrix, 6141, 7595, 2
matrix, 6142, 1, 1
matrix, 6143, 4272, 4
matrix, 6144, 2056, 4
matrix, 6145, 2443, 3
matrix, 6146, 4770, 3
matrix, 6147, 6587, 4
matrix, 6148, 7989, 4
matrix, 6149, 6110, 4
matrix, 6150, 5631, 3
matrix, 6151, 5126, 3
matrix, 6152, 1548, 3
matrix, 6153, 1982, 4
matrix, 6154, 3240, 3
matrix, 6155, 1066, 3
matrix, 6156, 7050, 4
matrix, 6157, 8183, 2
matrix, 6158, 6738, 3
matrix, 6159, 6644, 2
matrix, 6160, 9429, 4
matrix, 6161, 4205, 3
matrix, 6162, 4326, 3
matrix, 6163, 5693, 3
matrix, 6164, 7118, 3
matrix, 6165, 3693, 3
matrix, 6166, 4733, 4
matrix, 6167, 5825, 4
matrix, 6168, 7908, 3
matrix, 6169, 7136, 3
matrix, 6170, 9437, 4
matrix, 6171, 1468, 3
matrix, 6172, 391, 3
matrix, 6173, 7920, 4
matrix, 6174, 5429, 4
matrix, 6175, 8891, 3
matrix, 6176, 6019, 4
matrix, 6177, 2512, 4
matrix, 6178, 3636, 3
matrix, 6179, 6257, 4
matrix, 6180, 7476, 4
matrix, 6181, 3212, 3
matrix, 6182, 8231, 4
matrix, 6183, 6141, 3
matrix, 6184, 1603, 3
matrix, 6185, 2150, 3
matrix, 6186, 1274, 3
matrix, 6187, 8216, 2
matrix, 6188, 7687, 4
matrix, 6189, 1641, 4
matrix, 6190, 9032, 4
matrix, 6191, 500, 3
matrix, 6192, 5379, 4
matrix, 6193, 1851, 3
matrix, 6194, 8840, 4
matrix, 6195, 9327, 3
matrix, 6196, 3613, 3
matrix, 6197, 6211, 3
matrix, 6198, 2352, 3
matrix, 6199, 8160, 4
matrix, 6200, 7086, 4
matrix, 6201, 286, 3
matrix, 6202, 6324, 4
matrix, 6203, 1284, 3
matrix, 6204, 1398, 3
matrix, 6205, 6845, 3
matrix, 6206, 6277, 4
matrix, 6207, 6090, 4
matrix, 6208, 3797, 4
matrix, 6209, 3360, 3
matrix, 6210, 4500, 2
matrix, 6211, 8183, 2
matrix, 6212, 3431, 4
matrix, 6213, 6616, 3
matrix, 6214, 5748, 3
matrix, 6215, 7136, 3
matrix, 6216, 158, 3
matrix, 6217, 4117, 4
matrix, 6218, 9684, 3
matrix, 6219, 8551, 3
matrix, 6220, 9503, 4
matrix, 6221, 9321, 3
matrix, 6222, 9863, 3
matrix, 6223, 127, 4
matrix, 6224, 4104, 3
matrix, 6225, 9677, 3
matrix, 6226, 5541, 3
matrix, 6227, 102, 4
matrix, 6228, 8376, 4
matrix, 6229, 9759, 3
matrix, 6230, 2352, 3
matrix, 6231, 8298, 3
matrix, 6232, 3860, 4
matrix, 6233, 8436, 3
matrix, 6234, 9232, 3
matrix, 6235, 8183, 2
matrix, 6236, 2758, 3
matrix, 6237, 7185, 3
matrix, 6238, 9847, 3
matrix, 6239, 7136, 3
matrix, 6240, 3860, 4
matrix, 6241, 2056, 4
matrix, 6242, 2450, 3
matrix, 6243, 7816, 3
matrix, 6244, 2685, 4
matrix, 6245, 3686, 4
matrix, 6246, 7887, 4
matrix, 6247, 4709, 3
matrix, 6248, 6185, 4
matrix, 6249, 3795, 3
matrix, 6250, 6238, 4
matrix, 6251, 8167, 3
matrix, 6252, 8679, 3
matrix, 6253, 4577, 4
matrix, 6254, 8160, 4
matrix, 6255, 2249, 4
matrix, 6256, 2016, 4
matrix, 6257, 2813, 3
matrix, 6258, 6742, 4
matrix, 6259, 2813, 3
matrix, 6260, 2458, 3
matrix, 6261, 5796, 4
matrix, 6262, 2146, 4
matrix, 6263, 6432, 3
matrix, 6264, 2927, 4
matrix, 6265, 6998, 3
matrix, 6266, 3401, 3
matrix, 6267, 3860, 4
matrix, 6268, 4326, 3
matrix, 6269, 1760, 3
matrix, 6270, 5181, 3
matrix, 6271, 5631, 3
matrix, 6272, 1793, 4
matrix, 6273, 7136, 3
matrix, 6274, 8981, 2
matrix, 6275, 5600, 4
matrix, 6276, 2224, 3
matrix, 6277, 770, 3
matrix, 6278, 5213, 4
matrix, 6279, 7577, 4
matrix, 6280, 4060, 3
matrix, 6281, 5937, 3
matrix, 6282, 9175, 3
matrix, 6283, 1419, 3
matrix, 6284, 8359, 3
matrix, 6285, 5611, 3
matrix, 6286, 7664, 3
matrix, 6287, 3401, 3
matrix, 6288, 2611, 3
matrix, 6289, 5987, 3
matrix, 6290, 8891, 3
matrix, 6291, 243, 3
matrix, 6292, 5954, 4
matrix, 6293, 3317, 4
matrix, 6294, 4541, 3
matrix, 6295, 1641, 4
matrix, 6296, 2933, 4
matrix, 6297, 2325, 3
matrix, 6298, 4104, 3
matrix, 6299, 8382, 3
matrix, 6300, 1707, 3
matrix, 6301, 7840, 3
matrix, 6302, 9440, 3
matrix, 6303, 4002, 3
matrix, 6304, 228, 3
matrix, 6305, 6647, 3
matrix, 6306, 5908, 4
matrix, 6307, 6475, 4
matrix, 6308, 8919, 3
matrix, 6309, 2325, 3
matrix, 6310, 8166, 3
matrix, 6311, 2443, 3
matrix, 6312, 8753, 3
matrix, 6313, 9252, 3
matrix, 6314, 9910, 3
matrix, 6315, 3940, 4
matrix, 6316, 5681, 3
matrix, 6317, 3434, 3
matrix, 6318, 9652, 4
matrix, 6319, 5075, 3
matrix, 6320, 5319, 3
matrix, 6321, 102, 4
matrix, 6322, 500, 3
matrix, 6323, 4154, 4
matrix, 6324, 696, 3
matrix, 6325, 7015, 4
matrix, 6326, 4167, 4
matrix, 6327, 8340, 3
matrix, 6328, 9512, 4
matrix, 6329, 1420, 4
matrix, 6330, 2481, 4
matrix, 6331, 9437, 4
matrix, 6332, 966, 3
matrix, 6333, 5556, 3
matrix, 6334, 5634, 3
matrix, 6335, 5169, 3
matrix, 6336, 5693, 3
matrix, 6337, 9283, 3
matrix, 6338, 6343, 4
matrix, 6339, 8112, 4
matrix, 6340, 2975, 4
matrix, 6341, 2180, 4
matrix, 6342, 8228, 3
matrix, 6343, 5942, 3
matrix, 6344, 9007, 3
matrix, 6345, 5122, 3
matrix, 6346, 1106, 3
matrix, 6347, 8440, 3
matrix, 6348, 1851, 3
matrix, 6349, 1030, 3
matrix, 6350, 7095, 3
matrix, 6351, 5793, 4
matrix, 6352, 3079, 3
matrix, 6353, 9147, 3
matrix, 6354, 7375, 4
matrix, 6355, 4015, 3
matrix, 6356, 8728, 4
matrix, 6357, 8919, 3
matrix, 6358, 5168, 4
matrix, 6359, 1760, 3
matrix, 6360, 7713, 3
matrix, 6361, 1550, 3
matrix, 6362, 9587, 3
matrix, 6363, 8678, 3
matrix, 6364, 5856, 3
matrix, 6365, 762, 4
matrix, 6366, 7747, 4
matrix, 6367, 3729, 3
matrix, 6368, 6647, 3
matrix, 6369, 1284, 3
matrix, 6370, 8183, 2
matrix, 6371, 1655, 4
matrix, 6372, 5494, 4
matrix, 6373, 9901, 3
matrix, 6374, 1468, 3
matrix, 6375, 1869, 3
matrix, 6376, 8549, 4
matrix, 6377, 7016, 4
matrix, 6378, 4196, 4
matrix, 6379, 9687, 4
matrix, 6380, 8436, 3
matrix, 6381, 2958, 3
matrix, 6382, 9623, 3
matrix, 6383, 1663, 4
matrix, 6384, 1851, 3
matrix, 6385, 3864, 4
matrix, 6386, 4083, 3
matrix, 6387, 8409, 3
matrix, 6388, 4880, 4
matrix, 6389, 5611, 3
matrix, 6390, 7079, 4
matrix, 6391, 8802, 4
matrix, 6392, 6210, 3
matrix, 6393, 7840, 3
matrix, 6394, 7580, 4
matrix, 6395, 610, 4
matrix, 6396, 8551, 3
matrix, 6397, 2105, 4
matrix, 6398, 2798, 4
matrix, 6399, 7478, 3
matrix, 6400, 8151, 4
matrix, 6401, 8798, 4
matrix, 6402, 7958, 4
matrix, 6403, 7708, 3
matrix, 6404, 4367, 4
matrix, 6405, 6948, 3
matrix, 6406, 4386, 3
matrix, 6407, 2637, 3
matrix, 6408, 693, 4
matrix, 6409, 9570, 4
matrix, 6410, 9497, 4
matrix, 6411, 7118, 3
matrix, 6412, 7118, 3
matrix, 6413, 1342, 3
matrix, 6414, 6734, 3
matrix, 6415, 1617, 3
matrix, 6416, 5818, 4
matrix, 6417, 2276, 3
matrix, 6418, 3982, 3
matrix, 6419, 8087, 4
matrix, 6420, 7379, 3
matrix, 6421, 5151, 3
matrix, 6422, 2261, 3
matrix, 6423, 1210, 4
matrix, 6424, 5870, 4
matrix, 6425, 5289, 4
matrix, 6426, 612, 4
matrix, 6427, 2325, 3
matrix, 6428, 9437, 4
matrix, 6429, 9007, 3
matrix, 6430, 3099, 3
matrix, 6431, 232, 3
matrix, 6432, 6644, 2
matrix, 6433, 2112, 4
matrix, 6434, 7595, 2
matrix, 6435, 7616, 2
matrix, 6436, 7667, 3
matrix, 6437, 2959, 4
matrix, 6438, 1560, 4
matrix, 6439, 905, 4
matrix, 6440, 1561, 3
matrix, 6441, 1069, 3
matrix, 6442, 371, 4
matrix, 6443, 8981, 2
matrix, 6444, 9658, 3
matrix, 6445, 8753, 3
matrix, 6446, 2649, 4
matrix, 6447, 7558, 4
matrix, 6448, 8529, 3
matrix, 6449, 6644, 2
matrix, 6450, 9544, 3
matrix, 6451, 9572, 4
matrix, 6452, 3332, 3
matrix, 6453, 7228, 3
matrix, 6454, 6432, 3
matrix, 6455, 2759, 4
matrix, 6456, 1550, 3
matrix, 6457, 854, 3
matrix, 6458, 2123, 4
matrix, 6459, 8028, 3
matrix, 6460, 1929, 3
matrix, 6461, 5634, 3
matrix, 6462, 8966, 4
matrix, 6463, 2881, 3
matrix, 6464, 6142, 2
matrix, 6465, 1514, 4
matrix, 6466, 6434, 3
matrix, 6467, 7713, 3
matrix, 6468, 6561, 4
matrix, 6469, 8551, 3
matrix, 6470, 7891, 3
matrix, 6471, 3980, 4
matrix, 6472, 8460, 4
matrix, 6473, 8798, 4
matrix, 6474, 4359, 4
matrix, 6475, 1248, 3
matrix, 6476, 3924, 3
matrix, 6477, 1482, 3
matrix, 6478, 5634, 3
matrix, 6479, 6996, 3
matrix, 6480, 9494, 3
matrix, 6481, 8771, 4
matrix, 6482, 3795, 3
matrix, 6483, 7733, 3
matrix, 6484, 2788, 4
matrix, 6485, 1929, 3
matrix, 6486, 2975, 4
matrix, 6487, 114, 4
matrix, 6488, 9184, 4
matrix, 6489, 157, 4
matrix, 6490, 2813, 3
matrix, 6491, 9587, 3
matrix, 6492, 7027, 3
matrix, 6493, 7596, 4
matrix, 6494, 2748, 4
matrix, 6495, 9552, 4
matrix, 6496, 6141, 3
matrix, 6497, 9544, 3
matrix, 6498, 3369, 3
matrix, 6499, 8166, 3
matrix, 6500, 8848, 4
matrix, 6501, 6587, 4
matrix, 6502, 9406, 4
matrix, 6503, 7228, 3
matrix, 6504, 7010, 3
matrix, 6505, 4345, 3
matrix, 6506, 8403, 4
matrix, 6507, 812, 3
matrix, 6508, 96, 3
matrix, 6509, 7659, 4
matrix, 6510, 9586, 4
matrix, 6511, 7725, 4
matrix, 6512, 3083, 3
matrix, 6513, 7136, 3
matrix, 6514, 7174, 4
matrix, 6515, 5672, 3
matrix, 6516, 7473, 4
matrix, 6517, 1115, 4
matrix, 6518, 1716, 3
matrix, 6519, 8166, 3
matrix, 6520, 3748, 4
matrix, 6521, 1793, 4
matrix, 6522, 3006, 4
matrix, 6523, 4205, 3
matrix, 6524, 8197, 4
matrix, 6525, 7719, 4
matrix, 6526, 2610, 4
matrix, 6527, 8167, 3
matrix, 6528, 2043, 4
matrix, 6529, 2958, 3
matrix, 6530, 9147, 3
matrix, 6531, 7561, 3
matrix, 6532, 1043, 4
matrix, 6533, 7716, 4
matrix, 6534, 102, 4
matrix, 6535, 9944, 3
matrix, 6536, 1482, 3
matrix, 6537, 1463, 4
matrix, 6538, 2739, 4
matrix, 6539, 2069, 2
matrix, 6540, 7131, 3
matrix, 6541, 6123, 3
matrix, 6542, 8436, 3
matrix, 6543, 6159, 3
matrix, 6544, 6464, 3
matrix, 6545, 253, 3
matrix, 6546, 662, 3
matrix, 6547, 693, 4
matrix, 6548, 5480, 4
matrix, 6549, 8820, 4
matrix, 6550, 124, 4
matrix, 6551, 9259, 4
matrix, 6552, 7033, 3
matrix, 6553, 198, 4
matrix, 6554, 6413, 4
matrix, 6555, 4891, 3
matrix, 6556, 6215, 4
matrix, 6557, 2705, 3
matrix, 6558, 2274, 4
matrix, 6559, 8728, 4
matrix, 6560, 2980, 3
matrix, 6561, 7118, 3
matrix, 6562, 1887, 4
matrix, 6563, 6868, 4
matrix, 6564, 6123, 3
matrix, 6565, 3953, 4
matrix, 6566, 7595, 2
matrix, 6567, 3369, 3
matrix, 6568, 5855, 4
matrix, 6569, 5942, 3
matrix, 6570, 6136, 3
matrix, 6571, 9740, 4
matrix, 6572, 2703, 3
matrix, 6573, 8685, 4
matrix, 6574, 8340, 3
matrix, 6575, 6597, 4
matrix, 6576, 111, 4
matrix, 6577, 4152, 4
matrix, 6578, 2788, 4
matrix, 6579, 1210, 4
matrix, 6580, 2959, 4
matrix, 6581, 520, 4
matrix, 6582, 102, 4
matrix, 6583, 5400, 4
matrix, 6584, 7545, 4
matrix, 6585, 6948, 3
matrix, 6586, 9284, 3
matrix, 6587, 9446, 3
matrix, 6588, 6626, 4
matrix, 6589, 2294, 4
matrix, 6590, 4077, 4
matrix, 6591, 3950, 3
matrix, 6592, 277, 3
matrix, 6593, 2705, 3
matrix, 6594, 8056, 4
matrix, 6595, 9023, 3
matrix, 6596, 180, 3
matrix, 6597, 715, 3
matrix, 6598, 9555, 4
matrix, 6599, 9684, 3
matrix, 6600, 4015, 3
matrix, 6601, 893, 3
matrix, 6602, 6647, 3
matrix, 6603, 3079, 3
matrix, 6604, 3299, 3
matrix, 6605, 854, 3
matrix, 6606, 5328, 4
matrix, 6607, 6347, 4
matrix, 6608, 5151, 3
matrix, 6609, 3701, 3
matrix, 6610, 180, 3
matrix, 6611, 7499, 3
matrix, 6612, 1034, 4
matrix, 6613, 5693, 3
matrix, 6614, 6689, 4
matrix, 6615, 2564, 3
matrix, 6616, 2069, 2
matrix, 6617, 2591, 3
matrix, 6618, 1947, 4
matrix, 6619, 7608, 4
matrix, 6620, 1028, 4
matrix, 6621, 6872, 4
matrix, 6622, 8347, 4
matrix, 6623, 3800, 4
matrix, 6624, 1732, 4
matrix, 6625, 5461, 3
matrix, 6626, 1777, 3
matrix, 6627, 9068, 3
matrix, 6628, 7331, 4
matrix, 6629, 9147, 3
matrix, 6630, 9981, 3
matrix, 6631, 8257, 3
matrix, 6632, 9833, 4
matrix, 6633, 1206, 4
matrix, 6634, 253, 3
matrix, 6635, 1440, 3
matrix, 6636, 504, 4
matrix, 6637, 2202, 4
matrix, 6638, 4015, 3
matrix, 6639, 7077, 3
matrix, 6640, 1449, 3
matrix, 6641, 8322, 4
matrix, 6642, 9759, 3
matrix, 6643, 8045, 4
matrix, 6644, 1, 1
matrix, 6645, 1819, 4
matrix, 6646, 96, 3
matrix, 6647, 4500, 2
matrix, 6648, 371, 4
matrix, 6649, 3401, 3
matrix, 6650, 7118, 3
matrix, 6651, 6274, 3
matrix, 6652, 4854, 3
matrix, 6653, 2881, 3
matrix, 6654, 8216, 2
matrix, 6655, 1325, 3
matrix, 6656, 3097, 4
matrix, 6657, 415, 4
matrix, 6658, 1851, 3
matrix, 6659, 1436, 4
matrix, 6660, 7667, 3
matrix, 6661, 4060, 3
matrix, 6662, 9519, 3
matrix, 6663, 6435, 3
matrix, 6664, 2261, 3
matrix, 6665, 4116, 4
matrix, 6666, 3308, 3
matrix, 6667, 8435, 4
matrix, 6668, 1030, 3
matrix, 6669, 2899, 4
matrix, 6670, 2703, 3
matrix, 6671, 9284, 3
matrix, 6672, 9137, 3
matrix, 6673, 3636, 3
matrix, 6674, 5396, 4
matrix, 6675, 6343, 4
matrix, 6676, 1274, 3
matrix, 6677, 2486, 4
matrix, 6678, 7891, 3
matrix, 6679, 1063, 2
matrix, 6680, 6141, 3
matrix, 6681, 2980, 3
matrix, 6682, 449, 3
matrix, 6683, 2958, 3
matrix, 6684, 1325, 3
matrix, 6685, 8678, 3
matrix, 6686, 1440, 3
matrix, 6687, 6742, 4
matrix, 6688, 5000, 3
matrix, 6689, 2813, 3
matrix, 6690, 7908, 3
matrix, 6691, 3417, 3
matrix, 6692, 2705, 3
matrix, 6693, 3982, 3
matrix, 6694, 2959, 4
matrix, 6695, 7545, 4
matrix, 6696, 4405, 3
matrix, 6697, 5612, 3
matrix, 6698, 7831, 3
matrix, 6699, 5332, 4
matrix, 6700, 3208, 4
matrix, 6701, 3940, 4
matrix, 6702, 2677, 4
matrix, 6703, 1716, 3
matrix, 6704, 8359, 3
matrix, 6705, 8981, 2
matrix, 6706, 8228, 3
matrix, 6707, 4891, 3
matrix, 6708, 8578, 3
matrix, 6709, 1106, 3
matrix, 6710, 1115, 4
matrix, 6711, 5126, 3
matrix, 6712, 2685, 4
matrix, 6713, 9508, 4
matrix, 6714, 6831, 4
matrix, 6715, 8440, 3
matrix, 6716, 6887, 3
matrix, 6717, 7379, 3
matrix, 6718, 2839, 3
matrix, 6719, 3843, 3
matrix, 6720, 7136, 3
matrix, 6721, 3779, 3
matrix, 6722, 2486, 4
matrix, 6723, 3188, 3
matrix, 6724, 195, 4
matrix, 6725, 2762, 4
matrix, 6726, 1137, 4
matrix, 6727, 4891, 3
matrix, 6728, 6185, 4
matrix, 6729, 1115, 4
matrix, 6730, 8239, 3
matrix, 6731, 5714, 3
matrix, 6732, 228, 3
matrix, 6733, 1585, 4
matrix, 6734, 148, 2
matrix, 6735, 4276, 4
matrix, 6736, 4386, 3
matrix, 6737, 3950, 3
matrix, 6738, 331, 2
matrix, 6739, 7677, 3
matrix, 6740, 6690, 4
matrix, 6741, 5556, 3
matrix, 6742, 715, 3
matrix, 6743, 5000, 3
matrix, 6744, 1712, 4
matrix, 6745, 69, 4
matrix, 6746, 2748, 4
matrix, 6747, 8703, 3
matrix, 6748, 7192, 3
matrix, 6749, 7095, 3
matrix, 6750, 7077, 3
matrix, 6751, 7079, 4
matrix, 6752, 2079, 4
matrix, 6753, 5169, 3
matrix, 6754, 9313, 4
matrix, 6755, 7552, 4
matrix, 6756, 812, 3
matrix, 6757, 7561, 3
matrix, 6758, 7453, 4
matrix, 6759, 5856, 3
matrix, 6760, 4255, 4
matrix, 6761, 4172, 4
matrix, 6762, 368, 3
matrix, 6763, 7546, 4
matrix, 6764, 4709, 3
matrix, 6765, 2591, 3
matrix, 6766, 5631, 3
matrix, 6767, 8728, 4
matrix, 6768, 8532, 3
matrix, 6769, 1690, 4
matrix, 6770, 7385, 4
matrix, 6771, 2909, 3
matrix, 6772, 3613, 3
matrix, 6773, 3795, 3
matrix, 6774, 7552, 4
matrix, 6775, 2437, 4
matrix, 6776, 2494, 3
matrix, 6777, 4196, 4
matrix, 6778, 696, 3
matrix, 6779, 4813, 3
matrix, 6780, 1342, 3
matrix, 6781, 1030, 3
matrix, 6782, 5431, 4
matrix, 6783, 1470, 4
matrix, 6784, 3800, 4
matrix, 6785, 7106, 3
matrix, 6786, 4015, 3
matrix, 6787, 1440, 3
matrix, 6788, 8923, 3
matrix, 6789, 3613, 3
matrix, 6790, 6928, 3
matrix, 6791, 2443, 3
matrix, 6792, 2899, 4
matrix, 6793, 5874, 3
matrix, 6794, 3360, 3
matrix, 6795, 2987, 4
matrix, 6796, 1288, 3
matrix, 6797, 2325, 3
matrix, 6798, 9777, 4
matrix, 6799, 7136, 3
matrix, 6800, 1604, 3
matrix, 6801, 2757, 4
matrix, 6802, 3613, 3
matrix, 6803, 7438, 3
matrix, 6804, 6845, 3
matrix, 6805, 8779, 3
matrix, 6806, 7854, 4
matrix, 6807, 4220, 3
matrix, 6808, 5612, 3
matrix, 6809, 4152, 4
matrix, 6810, 4692, 3
matrix, 6811, 3234, 4
matrix, 6812, 7246, 3
matrix, 6813, 294, 3
matrix, 6814, 8430, 4
matrix, 6815, 3240, 3
matrix, 6816, 7478, 3
matrix, 6817, 8183, 2
matrix, 6818, 8737, 4
matrix, 6819, 4926, 4
matrix, 6820, 6734, 3
matrix, 6821, 5556, 3
matrix, 6822, 3957, 4
matrix, 6823, 6215, 4
matrix, 6824, 6123, 3
matrix, 6825, 3234, 4
matrix, 6826, 3308, 3
matrix, 6827, 696, 3
matrix, 6828, 8097, 3
matrix, 6829, 5874, 3
matrix, 6830, 1869, 3
matrix, 6831, 5224, 3
matrix, 6832, 4584, 3
matrix, 6833, 5480, 4
matrix, 6834, 3079, 3
matrix, 6835, 382, 3
matrix, 6836, 4917, 4
matrix, 6837, 4097, 4
matrix, 6838, 1374, 4
matrix, 6839, 7891, 3
matrix, 6840, 8641, 4
matrix, 6841, 6435, 3
matrix, 6842, 6975, 4
matrix, 6843, 7580, 4
matrix, 6844, 9298, 4
matrix, 6845, 1299, 2
matrix, 6846, 7246, 3
matrix, 6847, 4205, 3
matrix, 6848, 2808, 4
matrix, 6849, 1731, 3
matrix, 6850, 9167, 3
matrix, 6851, 3998, 4
matrix, 6852, 1447, 4
matrix, 6853, 644, 3
matrix, 6854, 764, 3
matrix, 6855, 3212, 3
matrix, 6856, 7669, 4
matrix, 6857, 1187, 4
matrix, 6858, 6110, 4
matrix, 6859, 7965, 4
matrix, 6860, 9767, 4
matrix, 6861, 8183, 2
matrix, 6862, 3824, 4
matrix, 6863, 7783, 4
matrix, 6864, 1869, 3
matrix, 6865, 8507, 3
matrix, 6866, 467, 4
matrix, 6867, 7185, 3
matrix, 6868, 5672, 3
matrix, 6869, 5987, 3
matrix, 6870, 4220, 3
matrix, 6871, 7070, 4
matrix, 6872, 1929, 3
matrix, 6873, 3587, 4
matrix, 6874, 2905, 4
matrix, 6875, 182, 4
matrix, 6876, 2631, 4
matrix, 6877, 3969, 4
matrix, 6878, 2981, 4
matrix, 6879, 4186, 3
matrix, 6880, 7634, 4
matrix, 6881, 3212, 3
matrix, 6882, 7840, 3
matrix, 6883, 6948, 3
matrix, 6884, 5541, 3
matrix, 6885, 4167, 4
matrix, 6886, 3693, 3
matrix, 6887, 4500, 2
matrix, 6888, 1079, 3
matrix, 6889, 9446, 3
matrix, 6890, 7783, 4
matrix, 6891, 8533, 4
matrix, 6892, 4740, 3
matrix, 6893, 2852, 4
matrix, 6894, 4539, 4
matrix, 6895, 1707, 3
matrix, 6896, 5057, 4
matrix, 6897, 2512, 4
matrix, 6898, 2225, 4
matrix, 6899, 500, 3
matrix, 6900, 8228, 3
matrix, 6901, 8452, 4
matrix, 6902, 1402, 3
matrix, 6903, 1851, 3
matrix, 6904, 8212, 4
matrix, 6905, 4891, 3
matrix, 6906, 7769, 3
matrix, 6907, 158, 3
matrix, 6908, 6210, 3
matrix, 6909, 4114, 4
matrix, 6910, 2791, 2
matrix, 6911, 8535, 3
matrix, 6912, 9591, 3
matrix, 6913, 9284, 3
matrix, 6914, 278, 4
matrix, 6915, 5974, 4
matrix, 6916, 8533, 4
matrix, 6917, 96, 3
matrix, 6918, 2703, 3
matrix, 6919, 9767, 4
matrix, 6920, 1696, 3
matrix, 6921, 3248, 3
matrix, 6922, 329, 3
matrix, 6923, 2611, 3
matrix, 6924, 1063, 2
matrix, 6925, 368, 3
matrix, 6926, 7734, 4
matrix, 6927, 2958, 3
matrix, 6928, 8216, 2
matrix, 6929, 8298, 3
matrix, 6930, 4002, 3
matrix, 6931, 5937, 3
matrix, 6932, 3401, 3
matrix, 6933, 4559, 4
matrix, 6934, 7677, 3
matrix, 6935, 5493, 4
matrix, 6936, 7769, 3
matrix, 6937, 812, 3
matrix, 6938, 953, 4
matrix, 6939, 852, 4
matrix, 6940, 2959, 4
matrix, 6941, 5218, 4
matrix, 6942, 8529, 3
matrix, 6943, 5796, 4
matrix, 6944, 3308, 3
matrix, 6945, 8919, 3
matrix, 6946, 7667, 3
matrix, 6947, 7733, 3
matrix, 6948, 4500, 2
matrix, 6949, 8028, 3
matrix, 6950, 3240, 3
matrix, 6951, 8578, 3
matrix, 6952, 925, 4
matrix, 6953, 1325, 3
matrix, 6954, 8516, 3
matrix, 6955, 9082, 3
matrix, 6956, 7716, 4
matrix, 6957, 3693, 3
matrix, 6958, 4046, 3
matrix, 6959, 6370, 3
matrix, 6960, 9315, 3
matrix, 6961, 9202, 4
matrix, 6962, 1346, 4
matrix, 6963, 9327, 3
matrix, 6964, 3997, 4
matrix, 6965, 8753, 3
matrix, 6966, 5759, 4
matrix, 6967, 1868, 4
matrix, 6968, 2637, 3
matrix, 6969, 4039, 4
matrix, 6970, 2815, 4
matrix, 6971, 7667, 3
matrix, 6972, 8691, 4
matrix, 6973, 286, 3
matrix, 6974, 1218, 4
matrix, 6975, 3248, 3
matrix, 6976, 6980, 4
matrix, 6977, 7903, 4
matrix, 6978, 7375, 4
matrix, 6979, 6123, 3
matrix, 6980, 382, 3
matrix, 6981, 7099, 3
matrix, 6982, 4541, 3
matrix, 6983, 2637, 3
matrix, 6984, 7220, 4
matrix, 6985, 9721, 3
matrix, 6986, 2881, 3
matrix, 6987, 8703, 3
matrix, 6988, 5748, 3
matrix, 6989, 3354, 3
matrix, 6990, 2889, 4
matrix, 6991, 6738, 3
matrix, 6992, 7816, 3
matrix, 6993, 8183, 2
matrix, 6994, 9087, 4
matrix, 6995, 7149, 3
matrix, 6996, 7962, 2
matrix, 6997, 6539, 3
matrix, 6998, 7962, 2
matrix, 6999, 1929, 3
matrix, 7000, 9910, 3
matrix, 7001, 6616, 3
matrix, 7002, 7379, 3
matrix, 7003, 4352, 4
matrix, 7004, 3701, 3
matrix, 7005, 6887, 3
matrix, 7006, 3050, 4
matrix, 7007, 574, 4
matrix, 7008, 1668, 3
matrix, 7009, 8736, 4
matrix, 7010, 7595, 2
matrix, 7011, 5681, 3
matrix, 7012, 9930, 3
matrix, 7013, 2414, 4
matrix, 7014, 2678, 3
matrix, 7015, 7118, 3
matrix, 7016, 2839, 3
matrix, 7017, 2439, 4
matrix, 7018, 3299, 3
matrix, 7019, 5907, 4
matrix, 7020, 6887, 3
matrix, 7021, 4887, 4
matrix, 7022, 693, 4
matrix, 7023, 8216, 2
matrix, 7024, 9232, 3
matrix, 7025, 9910, 3
matrix, 7026, 6638, 4
matrix, 7027, 7962, 2
matrix, 7028, 9604, 4
matrix, 7029, 278, 4
matrix, 7030, 1668, 3
matrix, 7031, 4854, 3
matrix, 7032, 8087, 4
matrix, 7033, 4500, 2
matrix, 7034, 9847, 3
matrix, 7035, 7015, 4
matrix, 7036, 8239, 3
matrix, 7037, 2865, 4
matrix, 7038, 8298, 3
matrix, 7039, 3701, 3
matrix, 7040, 6679, 3
matrix, 7041, 4813, 3
matrix, 7042, 7517, 4
matrix, 7043, 8981, 2
matrix, 7044, 2674, 4
matrix, 7045, 8409, 3
matrix, 7046, 278, 4
matrix, 7047, 6239, 4
matrix, 7048, 8679, 3
matrix, 7049, 391, 3
matrix, 7050, 9910, 3
matrix, 7051, 8378, 4
matrix, 7052, 1616, 4
matrix, 7053, 9658, 3
matrix, 7054, 2657, 3
matrix, 7055, 9591, 3
matrix, 7056, 8439, 4
matrix, 7057, 9007, 3
matrix, 7058, 7302, 4
matrix, 7059, 1828, 3
matrix, 7060, 4770, 3
matrix, 7061, 9717, 4
matrix, 7062, 9721, 3
matrix, 7063, 4584, 3
matrix, 7064, 8840, 4
matrix, 7065, 2439, 4
matrix, 7066, 2909, 3
matrix, 7067, 9944, 3
matrix, 7068, 4916, 3
matrix, 7069, 2450, 3
matrix, 7070, 5672, 3
matrix, 7071, 2001, 3
matrix, 7072, 3950, 3
matrix, 7073, 2694, 4
matrix, 7074, 2512, 4
matrix, 7075, 8535, 3
matrix, 7076, 1550, 3
matrix, 7077, 7595, 2
matrix, 7078, 9494, 3
matrix, 7079, 770, 3
matrix, 7080, 8622, 3
matrix, 7081, 2043, 4
matrix, 7082, 1398, 3
matrix, 7083, 4828, 3
matrix, 7084, 3299, 3
matrix, 7085, 2852, 4
matrix, 7086, 4854, 3
matrix, 7087, 5121, 3
matrix, 7088, 5224, 3
matrix, 7089, 5495, 3
matrix, 7090, 4926, 4
matrix, 7091, 5434, 4
matrix, 7092, 6490, 4
matrix, 7093, 9631, 3
matrix, 7094, 9981, 3
matrix, 7095, 2069, 2
matrix, 7096, 9661, 3
matrix, 7097, 8919, 3
matrix, 7098, 5521, 3
matrix, 7099, 1299, 2
matrix, 7100, 7840, 3
matrix, 7101, 7476, 4
matrix, 7102, 1398, 3
matrix, 7103, 2705, 3
matrix, 7104, 1550, 3
matrix, 7105, 4196, 4
matrix, 7106, 1063, 2
matrix, 7107, 8532, 3
matrix, 7108, 2748, 4
matrix, 7109, 9232, 3
matrix, 7110, 4732, 3
matrix, 7111, 331, 2
matrix, 7112, 6993, 3
matrix, 7113, 1299, 2
matrix, 7114, 9631, 3
matrix, 7115, 7816, 3
matrix, 7116, 3594, 4
matrix, 7117, 7185, 3
matrix, 7118, 148, 2
matrix, 7119, 7379, 3
matrix, 7120, 662, 3
matrix, 7121, 899, 4
matrix, 7122, 7478, 3
matrix, 7123, 8779, 3
matrix, 7124, 5000, 3
matrix, 7125, 2123, 4
matrix, 7126, 9587, 3
matrix, 7127, 696, 3
matrix, 7128, 827, 3
matrix, 7129, 9759, 3
matrix, 7130, 7561, 3
matrix, 7131, 7595, 2
matrix, 7132, 4614, 3
matrix, 7133, 7434, 3
matrix, 7134, 2352, 3
matrix, 7135, 7561, 3
matrix, 7136, 331, 2
matrix, 7137, 3693, 3
matrix, 7138, 563, 3
matrix, 7139, 7816, 3
matrix, 7140, 4916, 3
matrix, 7141, 3483, 3
matrix, 7142, 3950, 3
matrix, 7143, 827, 3
matrix, 7144, 9167, 3
matrix, 7145, 6738, 3
matrix, 7146, 3891, 3
matrix, 7147, 4586, 4
matrix, 7148, 2112, 4
matrix, 7149, 2791, 2
matrix, 7150, 7578, 3
matrix, 7151, 825, 3
matrix, 7152, 5327, 3
matrix, 7153, 4359, 4
matrix, 7154, 7518, 3
matrix, 7155, 8336, 3
matrix, 7156, 7109, 4
matrix, 7157, 6464, 3
matrix, 7158, 2352, 3
matrix, 7159, 5151, 3
matrix, 7160, 7718, 4
matrix, 7161, 330, 4
matrix, 7162, 4196, 4
matrix, 7163, 6738, 3
matrix, 7164, 6123, 3
matrix, 7165, 5014, 4
matrix, 7166, 5320, 4
matrix, 7167, 8298, 3
matrix, 7168, 939, 4
matrix, 7169, 6445, 4
matrix, 7170, 9652, 4
matrix, 7171, 3486, 3
matrix, 7172, 1342, 3
matrix, 7173, 9767, 4
matrix, 7174, 4345, 3
matrix, 7175, 5556, 3
matrix, 7176, 6090, 4
matrix, 7177, 1202, 3
matrix, 7178, 2815, 4
matrix, 7179, 6652, 4
matrix, 7180, 4139, 4
matrix, 7181, 6211, 3
matrix, 7182, 5122, 3
matrix, 7183, 331, 2
matrix, 7184, 3604, 4
matrix, 7185, 1908, 2
matrix, 7186, 4487, 3
matrix, 7187, 819, 4
matrix, 7188, 2705, 3
matrix, 7189, 7989, 4
matrix, 7190, 6887, 3
matrix, 7191, 1061, 4
matrix, 7192, 1299, 2
matrix, 7193, 5011, 3
matrix, 7194, 5368, 4
matrix, 7195, 500, 3
matrix, 7196, 8390, 2
matrix, 7197, 391, 3
matrix, 7198, 2146, 4
matrix, 7199, 1929, 3
matrix, 7200, 1398, 3
matrix, 7201, 8382, 3
matrix, 7202, 5332, 4
matrix, 7203, 9954, 4
matrix, 7204, 3083, 3
matrix, 7205, 6247, 4
matrix, 7206, 7725, 4
matrix, 7207, 7220, 4
matrix, 7208, 7389, 4
matrix, 7209, 2610, 4
matrix, 7210, 6274, 3
matrix, 7211, 8516, 3
matrix, 7212, 3308, 3
matrix, 7213, 4559, 4
matrix, 7214, 1078, 4
matrix, 7215, 7118, 3
matrix, 7216, 6185, 4
matrix, 7217, 5130, 3
matrix, 7218, 5611, 3
matrix, 7219, 5997, 4
matrix, 7220, 5224, 3
matrix, 7221, 6252, 4
matrix, 7222, 6355, 4
matrix, 7223, 2043, 4
matrix, 7224, 7149, 3
matrix, 7225, 2703, 3
matrix, 7226, 7438, 3
matrix, 7227, 2342, 4
matrix, 7228, 8183, 2
matrix, 7229, 4709, 3
matrix, 7230, 3401, 3
matrix, 7231, 3600, 3
matrix, 7232, 5909, 3
matrix, 7233, 9151, 4
matrix, 7234, 6887, 3
matrix, 7235, 9901, 3
matrix, 7236, 5856, 3
matrix, 7237, 5151, 3
matrix, 7238, 5846, 4
matrix, 7239, 6910, 3
matrix, 7240, 2687, 3
matrix, 7241, 5779, 4
matrix, 7242, 1757, 3
matrix, 7243, 9351, 4
matrix, 7244, 6141, 3
matrix, 7245, 5933, 4
matrix, 7246, 2791, 2
matrix, 7247, 7023, 3
matrix, 7248, 1085, 3
matrix, 7249, 6123, 3
matrix, 7250, 2958, 3
matrix, 7251, 218, 3
matrix, 7252, 2782, 3
matrix, 7253, 3483, 3
matrix, 7254, 1976, 3
matrix, 7255, 6319, 4
matrix, 7256, 9301, 3
matrix, 7257, 8622, 3
matrix, 7258, 6647, 3
matrix, 7259, 900, 4
matrix, 7260, 1304, 4
matrix, 7261, 478, 4
matrix, 7262, 228, 3
matrix, 7263, 2253, 4
matrix, 7264, 1449, 3
matrix, 7265, 7783, 4
matrix, 7266, 7680, 4
matrix, 7267, 696, 3
matrix, 7268, 8532, 3
matrix, 7269, 9901, 3
matrix, 7270, 8919, 3
matrix, 7271, 1440, 3
matrix, 7272, 560, 3
matrix, 7273, 2705, 3
matrix, 7274, 7664, 3
matrix, 7275, 3363, 3
matrix, 7276, 8691, 4
matrix, 7277, 7251, 4
matrix, 7278, 9252, 3
matrix, 7279, 9003, 4
matrix, 7280, 7315, 4
matrix, 7281, 2378, 4
matrix, 7282, 2782, 3
matrix, 7283, 6973, 4
matrix, 7284, 4078, 4
matrix, 7285, 7183, 3
matrix, 7286, 5658, 4
matrix, 7287, 8440, 3
matrix, 7288, 1079, 3
matrix, 7289, 1868, 4
matrix, 7290, 45, 3
matrix, 7291, 449, 3
matrix, 7292, 2443, 3
matrix, 7293, 2980, 3
matrix, 7294, 1418, 3
matrix, 7295, 5495, 3
matrix, 7296, 6587, 4
matrix, 7297, 5639, 4
matrix, 7298, 5631, 3
matrix, 7299, 5631, 3
matrix, 7300, 5122, 3
matrix, 7301, 882, 4
matrix, 7302, 4891, 3
matrix, 7303, 2606, 3
matrix, 7304, 6187, 3
matrix, 7305, 9910, 3
matrix, 7306, 7723, 3
matrix, 7307, 1696, 3
matrix, 7308, 9658, 3
matrix, 7309, 4015, 3
matrix, 7310, 9847, 3
matrix, 7311, 2042, 3
matrix, 7312, 253, 3
matrix, 7313, 9175, 3
matrix, 7314, 3779, 3
matrix, 7315, 770, 3
matrix, 7316, 2467, 3
matrix, 7317, 5627, 4
matrix, 7318, 8516, 3
matrix, 7319, 2249, 4
matrix, 7320, 8257, 3
matrix, 7321, 7043, 3
matrix, 7322, 6887, 3
matrix, 7323, 5693, 3
matrix, 7324, 7891, 3
matrix, 7325, 7023, 3
matrix, 7326, 7464, 3
matrix, 7327, 1560, 4
matrix, 7328, 7578, 3
matrix, 7329, 2443, 3
matrix, 7330, 7740, 4
matrix, 7331, 8440, 3
matrix, 7332, 9232, 3
matrix, 7333, 9137, 3
matrix, 7334, 4881, 4
matrix, 7335, 2069, 2
matrix, 7336, 5714, 3
matrix, 7337, 9587, 3
matrix, 7338, 7495, 4
matrix, 7339, 2994, 4
matrix, 7340, 8919, 3
matrix, 7341, 3737, 4
matrix, 7342, 4740, 3
matrix, 7343, 9147, 3
matrix, 7344, 3950, 3
matrix, 7345, 4015, 3
matrix, 7346, 8056, 4
matrix, 7347, 2445, 3
matrix, 7348, 6910, 3
matrix, 7349, 7192, 3
matrix, 7350, 9632, 4
matrix, 7351, 2881, 3
matrix, 7352, 1657, 4
matrix, 7353, 5521, 3
matrix, 7354, 3401, 3
matrix, 7355, 8075, 4
matrix, 7356, 8683, 4
matrix, 7357, 6464, 3
matrix, 7358, 803, 4
matrix, 7359, 2752, 4
matrix, 7360, 5319, 3
matrix, 7361, 1202, 3
matrix, 7362, 449, 3
matrix, 7363, 6235, 3
matrix, 7364, 4828, 3
matrix, 7365, 2101, 4
matrix, 7366, 3957, 4
matrix, 7367, 4255, 4
matrix, 7368, 7183, 3
matrix, 7369, 3584, 4
matrix, 7370, 5521, 3
matrix, 7371, 2853, 3
matrix, 7372, 195, 4
matrix, 7373, 3434, 3
matrix, 7374, 3825, 4
matrix, 7375, 1828, 3
matrix, 7376, 4885, 4
matrix, 7377, 2909, 3
matrix, 7378, 8891, 3
matrix, 7379, 7595, 2
matrix, 7380, 7785, 4
matrix, 7381, 1085, 3
matrix, 7382, 8516, 3
matrix, 7383, 3800, 4
matrix, 7384, 1929, 3
matrix, 7385, 7118, 3
matrix, 7386, 45, 3
matrix, 7387, 4015, 3
matrix, 7388, 9544, 3
matrix, 7389, 715, 3
matrix, 7390, 9677, 3
matrix, 7391, 3949, 4
matrix, 7392, 6817, 3
matrix, 7393, 4135, 3
matrix, 7394, 1284, 3
matrix, 7395, 1560, 4
matrix, 7396, 6924, 3
matrix, 7397, 5126, 3
matrix, 7398, 1069, 3
matrix, 7399, 2611, 3
matrix, 7400, 7010, 3
matrix, 7401, 3833, 4
matrix, 7402, 1943, 4
matrix, 7403, 7884, 4
matrix, 7404, 2954, 4
matrix, 7405, 7831, 3
matrix, 7406, 9137, 3
matrix, 7407, 9980, 4
matrix, 7408, 8160, 4
matrix, 7409, 8532, 3
matrix, 7410, 2494, 3
matrix, 7411, 893, 3
matrix, 7412, 6845, 3
matrix, 7413, 3369, 3
matrix, 7414, 2238, 3
matrix, 7415, 8679, 3
matrix, 7416, 2325, 3
matrix, 7417, 5265, 3
matrix, 7418, 6569, 4
matrix, 7419, 6998, 3
matrix, 7420, 563, 3
matrix, 7421, 7713, 3
matrix, 7422, 8273, 4
matrix, 7423, 7246, 3
matrix, 7424, 3737, 4
matrix, 7425, 4521, 3
matrix, 7426, 4504, 3
matrix, 7427, 1550, 3
matrix, 7428, 8891, 3
matrix, 7429, 4428, 4
matrix, 7430, 7816, 3
matrix, 7431, 1939, 4
matrix, 7432, 893, 3
matrix, 7433, 7660, 3
matrix, 7434, 148, 2
matrix, 7435, 8679, 3
matrix, 7436, 5327, 3
matrix, 7437, 7518, 3
matrix, 7438, 6142, 2
matrix, 7439, 4614, 3
matrix, 7440, 6210, 3
matrix, 7441, 1716, 3
matrix, 7442, 5399, 4
matrix, 7443, 2703, 3
matrix, 7444, 7220, 4
matrix, 7445, 606, 4
matrix, 7446, 9429, 4
matrix, 7447, 7723, 3
matrix, 7448, 7966, 4
matrix, 7449, 5888, 4
matrix, 7450, 2530, 4
matrix, 7451, 1530, 4
matrix, 7452, 8209, 4
matrix, 7453, 7113, 3
matrix, 7454, 9497, 4
matrix, 7455, 3079, 3
matrix, 7456, 1550, 3
matrix, 7457, 1757, 3
matrix, 7458, 5672, 3
matrix, 7459, 4594, 4
matrix, 7460, 7710, 4
matrix, 7461, 7415, 4
matrix, 7462, 6343, 4
matrix, 7463, 3982, 3
matrix, 7464, 1063, 2
matrix, 7465, 5856, 3
matrix, 7466, 925, 4
matrix, 7467, 9863, 3
matrix, 7468, 5087, 4
matrix, 7469, 1712, 4
matrix, 7470, 8820, 4
matrix, 7471, 606, 4
matrix, 7472, 198, 4
matrix, 7473, 5224, 3
matrix, 7474, 368, 3
matrix, 7475, 4139, 4
matrix, 7476, 5942, 3
matrix, 7477, 2123, 4
matrix, 7478, 2791, 2
matrix, 7479, 8342, 4
matrix, 7480, 3340, 3
matrix, 7481, 9327, 3
matrix, 7482, 2452, 3
matrix, 7483, 8328, 4
matrix, 7484, 7809, 4
matrix, 7485, 4880, 4
matrix, 7486, 8851, 4
matrix, 7487, 1274, 3
matrix, 7488, 1069, 3
matrix, 7489, 2062, 4
matrix, 7490, 7425, 4
matrix, 7491, 5974, 4
matrix, 7492, 5806, 4
matrix, 7493, 5821, 4
matrix, 7494, 9321, 3
matrix, 7495, 5942, 3
matrix, 7496, 278, 4
matrix, 7497, 4082, 3
matrix, 7498, 8409, 3
matrix, 7499, 8216, 2
matrix, 7500, 661, 4
matrix, 7501, 3957, 4
matrix, 7502, 5707, 4
matrix, 7503, 2325, 3
matrix, 7504, 802, 4
matrix, 7505, 4595, 4
matrix, 7506, 8266, 3
matrix, 7507, 1641, 4
matrix, 7508, 198, 4
matrix, 7509, 8685, 4
matrix, 7510, 3497, 4
matrix, 7511, 9327, 3
matrix, 7512, 7840, 3
matrix, 7513, 4614, 3
matrix, 7514, 8839, 4
matrix, 7515, 2276, 3
matrix, 7516, 2853, 3
matrix, 7517, 2150, 3
matrix, 7518, 8390, 2
matrix, 7519, 7517, 4
matrix, 7520, 9901, 3
matrix, 7521, 7959, 3
matrix, 7522, 9446, 3
matrix, 7523, 2975, 4
matrix, 7524, 6432, 3
matrix, 7525, 5634, 3
matrix, 7526, 3007, 4
matrix, 7527, 41, 4
matrix, 7528, 2378, 4
matrix, 7529, 9299, 4
matrix, 7530, 5789, 4
matrix, 7531, 6435, 3
matrix, 7532, 3212, 3
matrix, 7533, 5122, 3
matrix, 7534, 3795, 3
matrix, 7535, 7409, 4
matrix, 7536, 2458, 3
matrix, 7537, 4104, 3
matrix, 7538, 7251, 4
matrix, 7539, 1641, 4
matrix, 7540, 4586, 4
matrix, 7541, 169, 3
matrix, 7542, 1657, 4
matrix, 7543, 3957, 4
matrix, 7544, 606, 4
matrix, 7545, 4854, 3
matrix, 7546, 7118, 3
matrix, 7547, 2123, 4
matrix, 7548, 7660, 3
matrix, 7549, 563, 3
matrix, 7550, 8670, 3
matrix, 7551, 51, 4
matrix, 7552, 2839, 3
matrix, 7553, 283, 4
matrix, 7554, 3549, 4
matrix, 7555, 1069, 3
matrix, 7556, 8695, 4
matrix, 7557, 7023, 3
matrix, 7558, 2969, 3
matrix, 7559, 8779, 3
matrix, 7560, 9232, 3
matrix, 7561, 7962, 2
matrix, 7562, 7716, 4
matrix, 7563, 500, 3
matrix, 7564, 44, 3
matrix, 7565, 5874, 3
matrix, 7566, 253, 3
matrix, 7567, 5122, 3
matrix, 7568, 2443, 3
matrix, 7569, 6881, 4
matrix, 7570, 2642, 4
matrix, 7571, 1731, 3
matrix, 7572, 285, 3
matrix, 7573, 9170, 3
matrix, 7574, 8303, 4
matrix, 7575, 1202, 3
matrix, 7576, 7733, 3
matrix, 7577, 7111, 3
matrix, 7578, 6142, 2
matrix, 7579, 2452, 3
matrix, 7580, 7118, 3
matrix, 7581, 6159, 3
matrix, 7582, 1851, 3
matrix, 7583, 9023, 3
matrix, 7584, 4464, 4
matrix, 7585, 1869, 3
matrix, 7586, 9685, 3
matrix, 7587, 6597, 4
matrix, 7588, 3248, 3
matrix, 7589, 9944, 3
matrix, 7590, 7989, 4
matrix, 7591, 4167, 4
matrix, 7592, 9863, 3
matrix, 7593, 1066, 3
matrix, 7594, 6133, 4
matrix, 7595, 1, 1
matrix, 7596, 286, 3
matrix, 7597, 7196, 3
matrix, 7598, 1321, 3
matrix, 7599, 5909, 3
matrix, 7600, 1976, 3
matrix, 7601, 4015, 3
matrix, 7602, 9945, 4
matrix, 7603, 6679, 3
matrix, 7604, 2238, 3
matrix, 7605, 1440, 3
matrix, 7606, 5130, 3
matrix, 7607, 2973, 4
matrix, 7608, 4709, 3
matrix, 7609, 1572, 4
matrix, 7610, 4614, 3
matrix, 7611, 3489, 3
matrix, 7612, 6738, 3
matrix, 7613, 1079, 3
matrix, 7614, 9802, 4
matrix, 7615, 1454, 4
matrix, 7616, 1, 1
matrix, 7617, 6110, 4
matrix, 7618, 8679, 3
matrix, 7619, 4073, 4
matrix, 7620, 6432, 3
matrix, 7621, 3980, 4
matrix, 7622, 2958, 3
matrix, 7623, 5495, 3
matrix, 7624, 2211, 4
matrix, 7625, 8171, 4
matrix, 7626, 6996, 3
matrix, 7627, 9743, 4
matrix, 7628, 8678, 3
matrix, 7629, 644, 3
matrix, 7630, 2705, 3
matrix, 7631, 260, 4
matrix, 7632, 7840, 3
matrix, 7633, 2522, 3
matrix, 7634, 2703, 3
matrix, 7635, 5509, 3
matrix, 7636, 8622, 3
matrix, 7637, 4077, 4
matrix, 7638, 3604, 4
matrix, 7639, 5865, 3
matrix, 7640, 7708, 3
matrix, 7641, 3701, 3
matrix, 7642, 8691, 4
matrix, 7643, 2853, 3
matrix, 7644, 5410, 3
matrix, 7645, 3486, 3
matrix, 7646, 9739, 4
matrix, 7647, 6948, 3
matrix, 7648, 9301, 3
matrix, 7649, 4703, 3
matrix, 7650, 4015, 3
matrix, 7651, 45, 3
matrix, 7652, 6449, 3
matrix, 7653, 7192, 3
matrix, 7654, 825, 3
matrix, 7655, 5379, 4
matrix, 7656, 3090, 3
matrix, 7657, 9270, 4
matrix, 7658, 9270, 4
matrix, 7659, 7185, 3
matrix, 7660, 2791, 2
matrix, 7661, 7679, 4
matrix, 7662, 9082, 3
matrix, 7663, 742, 4
matrix, 7664, 1908, 2
matrix, 7665, 7464, 3
matrix, 7666, 5246, 4
matrix, 7667, 331, 2
matrix, 7668, 2979, 4
matrix, 7669, 8440, 3
matrix, 7670, 9175, 3
matrix, 7671, 8228, 3
matrix, 7672, 1402, 3
matrix, 7673, 193, 4
matrix, 7674, 9661, 3
matrix, 7675, 7495, 4
matrix, 7676, 2637, 3
matrix, 7677, 8183, 2
matrix, 7678, 8409, 3
matrix, 7679, 5909, 3
matrix, 7680, 9446, 3
matrix, 7681, 9740, 4
matrix, 7682, 1585, 4
matrix, 7683, 2327, 4
matrix, 7684, 5672, 3
matrix, 7685, 5775, 4
matrix, 7686, 3434, 3
matrix, 7687, 218, 3
matrix, 7688, 1271, 4
matrix, 7689, 2717, 4
matrix, 7690, 963, 4
matrix, 7691, 4584, 3
matrix, 7692, 228, 3
matrix, 7693, 198, 4
matrix, 7694, 7831, 3
matrix, 7695, 9767, 4
matrix, 7696, 9167, 3
matrix, 7697, 6211, 3
matrix, 7698, 1463, 4
matrix, 7699, 7149, 3
matrix, 7700, 8166, 3
matrix, 7701, 9544, 3
matrix, 7702, 194, 4
matrix, 7703, 2881, 3
matrix, 7704, 1497, 4
matrix, 7705, 9622, 4
matrix, 7706, 4916, 3
matrix, 7707, 4891, 3
matrix, 7708, 2791, 2
matrix, 7709, 5681, 3
matrix, 7710, 7434, 3
matrix, 7711, 4060, 3
matrix, 7712, 286, 3
matrix, 7713, 2791, 2
matrix, 7714, 6996, 3
matrix, 7715, 7174, 4
matrix, 7716, 7908, 3
matrix, 7717, 4740, 3
matrix, 7718, 6845, 3
matrix, 7719, 3212, 3
matrix, 7720, 9773, 4
matrix, 7721, 2687, 3
matrix, 7722, 5631, 3
matrix, 7723, 7595, 2
matrix, 7724, 7783, 4
matrix, 7725, 5942, 3
matrix, 7726, 3612, 4
matrix, 7727, 8166, 3
matrix, 7728, 1482, 3
matrix, 7729, 4828, 3
matrix, 7730, 7734, 4
matrix, 7731, 9910, 3
matrix, 7732, 9677, 3
matrix, 7733, 2791, 2
matrix, 7734, 2150, 3
matrix, 7735, 7973, 4
matrix, 7736, 9863, 3
matrix, 7737, 781, 4
matrix, 7738, 1757, 3
matrix, 7739, 1731, 3
matrix, 7740, 1342, 3
matrix, 7741, 2412, 4
matrix, 7742, 5509, 3
matrix, 7743, 9315, 3
matrix, 7744, 9519, 3
matrix, 7745, 3079, 3
matrix, 7746, 6449, 3
matrix, 7747, 6734, 3
matrix, 7748, 4813, 3
matrix, 7749, 3974, 4
matrix, 7750, 7123, 4
matrix, 7751, 1657, 4
matrix, 7752, 1342, 3
matrix, 7753, 1069, 3
matrix, 7754, 7989, 4
matrix, 7755, 9437, 4
matrix, 7756, 1890, 4
matrix, 7757, 6975, 4
matrix, 7758, 738, 4
matrix, 7759, 1202, 3
matrix, 7760, 1214, 4
matrix, 7761, 3417, 3
matrix, 7762, 3259, 3
matrix, 7763, 8516, 3
matrix, 7764, 8239, 3
matrix, 7765, 9082, 3
matrix, 7766, 7558, 4
matrix, 7767, 7434, 3
matrix, 7768, 6597, 4
matrix, 7769, 7595, 2
matrix, 7770, 12, 4
matrix, 7771, 520, 4
matrix, 7772, 2591, 3
matrix, 7773, 8622, 3
matrix, 7774, 4584, 3
matrix, 7775, 4046, 3
matrix, 7776, 2450, 3
matrix, 7777, 4738, 4
matrix, 7778, 7246, 3
matrix, 7779, 3360, 3
matrix, 7780, 4817, 4
matrix, 7781, 8122, 4
matrix, 7782, 8753, 3
matrix, 7783, 286, 3
matrix, 7784, 8802, 4
matrix, 7785, 7434, 3
matrix, 7786, 1668, 3
matrix, 7787, 158, 3
matrix, 7788, 1668, 3
matrix, 7789, 612, 4
matrix, 7790, 4594, 4
matrix, 7791, 4207, 3
matrix, 7792, 3703, 4
matrix, 7793, 5350, 4
matrix, 7794, 7149, 3
matrix, 7795, 7113, 3
matrix, 7796, 8409, 3
matrix, 7797, 9283, 3
matrix, 7798, 4075, 4
matrix, 7799, 1943, 4
matrix, 7800, 5011, 3
matrix, 7801, 7183, 3
matrix, 7802, 4738, 4
matrix, 7803, 8923, 3
matrix, 7804, 194, 4
matrix, 7805, 3824, 4
matrix, 7806, 8359, 3
matrix, 7807, 2225, 4
matrix, 7808, 818, 4
matrix, 7809, 2969, 3
matrix, 7810, 644, 3
matrix, 7811, 9623, 3
matrix, 7812, 2881, 3
matrix, 7813, 9944, 3
matrix, 7814, 6993, 3
matrix, 7815, 8942, 4
matrix, 7816, 2031, 2
matrix, 7817, 9327, 3
matrix, 7818, 9930, 3
matrix, 7819, 1106, 3
matrix, 7820, 8166, 3
matrix, 7821, 2042, 3
matrix, 7822, 7089, 4
matrix, 7823, 7650, 4
matrix, 7824, 4521, 3
matrix, 7825, 7908, 3
matrix, 7826, 1654, 4
matrix, 7827, 9584, 4
matrix, 7828, 762, 4
matrix, 7829, 1617, 3
matrix, 7830, 9252, 3
matrix, 7831, 2031, 2
matrix, 7832, 6845, 3
matrix, 7833, 3308, 3
matrix, 7834, 4732, 3
matrix, 7835, 45, 3
matrix, 7836, 9309, 3
matrix, 7837, 6650, 4
matrix, 7838, 5681, 3
matrix, 7839, 2782, 3
matrix, 7840, 1063, 2
matrix, 7841, 8942, 4
matrix, 7842, 7106, 3
matrix, 7843, 2852, 4
matrix, 7844, 2445, 3
matrix, 7845, 2685, 4
matrix, 7846, 5693, 3
matrix, 7847, 3434, 3
matrix, 7848, 4584, 3
matrix, 7849, 9570, 4
matrix, 7850, 1608, 4
matrix, 7851, 9677, 3
matrix, 7852, 7982, 3
matrix, 7853, 6948, 3
matrix, 7854, 1248, 3
matrix, 7855, 7708, 3
matrix, 7856, 6370, 3
matrix, 7857, 127, 4
matrix, 7858, 4405, 3
matrix, 7859, 6123, 3
matrix, 7860, 9654, 3
matrix, 7861, 2572, 4
matrix, 7862, 2582, 3
matrix, 7863, 3797, 4
matrix, 7864, 5349, 4
matrix, 7865, 7499, 3
matrix, 7866, 3747, 3
matrix, 7867, 9658, 3
matrix, 7868, 3486, 3
matrix, 7869, 9003, 4
matrix, 7870, 2791, 2
matrix, 7871, 5909, 3
matrix, 7872, 6210, 3
matrix, 7873, 7708, 3
matrix, 7874, 1668, 3
matrix, 7875, 7595, 2
matrix, 7876, 114, 4
matrix, 7877, 5909, 3
matrix, 7878, 5874, 3
matrix, 7879, 2738, 4
matrix, 7880, 3188, 3
matrix, 7881, 1106, 3
matrix, 7882, 9283, 3
matrix, 7883, 1851, 3
matrix, 7884, 9661, 3
matrix, 7885, 330, 4
matrix, 7886, 3980, 4
matrix, 7887, 5224, 3
matrix, 7888, 7039, 4
matrix, 7889, 3747, 3
matrix, 7890, 1654, 4
matrix, 7891, 1908, 2
matrix, 7892, 6215, 4
matrix, 7893, 8340, 3
matrix, 7894, 1166, 4
matrix, 7895, 8452, 4
matrix, 7896, 8273, 4
matrix, 7897, 854, 3
matrix, 7898, 4891, 3
matrix, 7899, 5481, 4
matrix, 7900, 7674, 4
matrix, 7901, 4104, 3
matrix, 7902, 5974, 4
matrix, 7903, 5672, 3
matrix, 7904, 5874, 3
matrix, 7905, 8340, 3
matrix, 7906, 2211, 4
matrix, 7907, 3752, 3
matrix, 7908, 148, 2
matrix, 7909, 7664, 3
matrix, 7910, 2994, 4
matrix, 7911, 7552, 4
matrix, 7912, 5586, 4
matrix, 7913, 1603, 3
matrix, 7914, 9863, 3
matrix, 7915, 346, 4
matrix, 7916, 3006, 4
matrix, 7917, 3827, 4
matrix, 7918, 1757, 3
matrix, 7919, 7196, 3
matrix, 7920, 4015, 3
matrix, 7921, 8064, 3
matrix, 7922, 1106, 3
matrix, 7923, 7039, 4
matrix, 7924, 696, 3
matrix, 7925, 1078, 4
matrix, 7926, 7809, 4
matrix, 7927, 8426, 4
matrix, 7928, 285, 3
matrix, 7929, 5011, 3
matrix, 7930, 4205, 3
matrix, 7931, 3747, 3
matrix, 7932, 2853, 3
matrix, 7933, 7716, 4
matrix, 7934, 3458, 4
matrix, 7935, 5304, 4
matrix, 7936, 1440, 3
matrix, 7937, 7434, 3
matrix, 7938, 2591, 3
matrix, 7939, 5604, 3
matrix, 7940, 6975, 4
matrix, 7941, 8295, 3
matrix, 7942, 2881, 3
matrix, 7943, 6435, 3
matrix, 7944, 8678, 3
matrix, 7945, 5775, 4
matrix, 7946, 5789, 4
matrix, 7947, 6566, 3
matrix, 7948, 7546, 4
matrix, 7949, 6887, 3
matrix, 7950, 45, 3
matrix, 7951, 4272, 4
matrix, 7952, 9721, 3
matrix, 7953, 6319, 4
matrix, 7954, 3455, 4
matrix, 7955, 4205, 3
matrix, 7956, 3431, 4
matrix, 7957, 1851, 3
matrix, 7958, 9446, 3
matrix, 7959, 8981, 2
matrix, 7960, 7464, 3
matrix, 7961, 2958, 3
matrix, 7962, 1, 1
matrix, 7963, 1214, 4
matrix, 7964, 5000, 3
matrix, 7965, 5942, 3
matrix, 7966, 2325, 3
matrix, 7967, 2732, 4
matrix, 7968, 1716, 3
matrix, 7969, 5612, 3
matrix, 7970, 3099, 3
matrix, 7971, 4515, 3
matrix, 7972, 7854, 4
matrix, 7973, 6679, 3
matrix, 7974, 1210, 4
matrix, 7975, 4135, 3
matrix, 7976, 9397, 4
matrix, 7977, 7023, 3
matrix, 7978, 2642, 4
matrix, 7979, 8112, 4
matrix, 7980, 1419, 3
matrix, 7981, 7767, 4
matrix, 7982, 8981, 2
matrix, 7983, 2452, 3
matrix, 7984, 7438, 3
matrix, 7985, 802, 4
matrix, 7986, 3940, 4
matrix, 7987, 4887, 4
matrix, 7988, 3489, 3
matrix, 7989, 770, 3
matrix, 7990, 1179, 3
matrix, 7991, 7667, 3
matrix, 7992, 3255, 4
matrix, 7993, 8426, 4
matrix, 7994, 9259, 4
matrix, 7995, 7079, 4
matrix, 7996, 2853, 3
matrix, 7997, 4002, 3
matrix, 7998, 742, 4
matrix, 7999, 3369, 3
matrix, 8000, 9957, 3
matrix, 8001, 2467, 3
matrix, 8002, 5942, 3
matrix, 8003, 4405, 3
matrix, 8004, 762, 4
matrix, 8005, 433, 3
matrix, 8006, 1668, 3
matrix, 8007, 9930, 3
matrix, 8008, 3613, 3
matrix, 8009, 3083, 3
matrix, 8010, 7033, 3
matrix, 8011, 4598, 4
matrix, 8012, 6052, 4
matrix, 8013, 6159, 3
matrix, 8014, 4586, 4
matrix, 8015, 9837, 4
matrix, 8016, 4496, 4
matrix, 8017, 9321, 3
matrix, 8018, 1603, 3
matrix, 8019, 5151, 3
matrix, 8020, 2154, 4
matrix, 8021, 1757, 3
matrix, 8022, 2510, 4
matrix, 8023, 1066, 3
matrix, 8024, 9321, 3
matrix, 8025, 3083, 3
matrix, 8026, 1668, 3
matrix, 8027, 8409, 3
matrix, 8028, 8216, 2
matrix, 8029, 3079, 3
matrix, 8030, 5151, 3
matrix, 8031, 3006, 4
matrix, 8032, 402, 4
matrix, 8033, 8961, 3
matrix, 8034, 9287, 4
matrix, 8035, 9759, 3
matrix, 8036, 9899, 4
matrix, 8037, 9631, 3
matrix, 8038, 2694, 4
matrix, 8039, 5971, 3
matrix, 8040, 6435, 3
matrix, 8041, 2352, 3
matrix, 8042, 5672, 3
matrix, 8043, 1179, 3
matrix, 8044, 1147, 4
matrix, 8045, 1419, 3
matrix, 8046, 8589, 4
matrix, 8047, 6136, 3
matrix, 8048, 4154, 4
matrix, 8049, 5181, 3
matrix, 8050, 253, 3
matrix, 8051, 5556, 3
matrix, 8052, 4703, 3
matrix, 8053, 1066, 3
matrix, 8054, 3636, 3
matrix, 8055, 4951, 4
matrix, 8056, 7434, 3
matrix, 8057, 4732, 3
matrix, 8058, 329, 3
matrix, 8059, 3263, 4
matrix, 8060, 69, 4
matrix, 8061, 892, 4
matrix, 8062, 5493, 4
matrix, 8063, 1514, 4
matrix, 8064, 7616, 2
matrix, 8065, 6587, 4
matrix, 8066, 2229, 4
matrix, 8067, 5461, 3
matrix, 8068, 7464, 3
matrix, 8069, 693, 4
matrix, 8070, 3007, 4
matrix, 8071, 8239, 3
matrix, 8072, 5821, 4
matrix, 8073, 4916, 3
matrix, 8074, 1248, 3
matrix, 8075, 6924, 3
matrix, 8076, 8516, 3
matrix, 8077, 8376, 4
matrix, 8078, 2927, 4
matrix, 8079, 7734, 4
matrix, 8080, 1655, 4
matrix, 8081, 2325, 3
matrix, 8082, 3486, 3
matrix, 8083, 8155, 4
matrix, 8084, 433, 3
matrix, 8085, 1641, 4
matrix, 8086, 6432, 3
matrix, 8087, 3212, 3
matrix, 8088, 6413, 4
matrix, 8089, 1416, 4
matrix, 8090, 3969, 4
matrix, 8091, 2439, 4
matrix, 8092, 228, 3
matrix, 8093, 8450, 4
matrix, 8094, 9068, 3
matrix, 8095, 1548, 3
matrix, 8096, 9440, 3
matrix, 8097, 8216, 2
matrix, 8098, 2325, 3
matrix, 8099, 5482, 3
matrix, 8100, 3055, 3
matrix, 8101, 9963, 4
matrix, 8102, 6690, 4
matrix, 8103, 9927, 4
matrix, 8104, 7079, 4
matrix, 8105, 6742, 4
matrix, 8106, 243, 3
matrix, 8107, 5789, 4
matrix, 8108, 1321, 3
matrix, 8109, 7887, 4
matrix, 8110, 3536, 4
matrix, 8111, 4541, 3
matrix, 8112, 4345, 3
matrix, 8113, 3240, 3
matrix, 8114, 6157, 3
matrix, 8115, 3866, 4
matrix, 8116, 7185, 3
matrix, 8117, 5549, 4
matrix, 8118, 5521, 3
matrix, 8119, 5611, 3
matrix, 8120, 4060, 3
matrix, 8121, 4504, 3
matrix, 8122, 3701, 3
matrix, 8123, 8340, 3
matrix, 8124, 1851, 3
matrix, 8125, 82, 4
matrix, 8126, 7891, 3
matrix, 8127, 2893, 4
matrix, 8128, 6432, 3
matrix, 8129, 7099, 3
matrix, 8130, 2657, 3
matrix, 8131, 4083, 3
matrix, 8132, 7499, 3
matrix, 8133, 1069, 3
matrix, 8134, 6993, 3
matrix, 8135, 7077, 3
matrix, 8136, 2909, 3
matrix, 8137, 2101, 4
matrix, 8138, 2610, 4
matrix, 8139, 7262, 4
matrix, 8140, 294, 3
matrix, 8141, 1436, 4
matrix, 8142, 2610, 4
matrix, 8143, 802, 4
matrix, 8144, 9623, 3
matrix, 8145, 1976, 3
matrix, 8146, 4255, 4
matrix, 8147, 1800, 3
matrix, 8148, 1325, 3
matrix, 8149, 7870, 3
matrix, 8150, 2542, 4
matrix, 8151, 1828, 3
matrix, 8152, 3897, 4
matrix, 8153, 9119, 4
matrix, 8154, 9119, 4
matrix, 8155, 8532, 3
matrix, 8156, 4828, 3
matrix, 8157, 3797, 4
matrix, 8158, 9466, 3
matrix, 8159, 9816, 4
matrix, 8160, 2969, 3
matrix, 8161, 9466, 3
matrix, 8162, 5379, 4
matrix, 8163, 1339, 4
matrix, 8164, 4587, 3
matrix, 8165, 3795, 3
matrix, 8166, 331, 2
matrix, 8167, 2031, 2
matrix, 8168, 9800, 3
matrix, 8169, 2610, 4
matrix, 8170, 6924, 3
matrix, 8171, 1828, 3
matrix, 8172, 2564, 3
matrix, 8173, 4614, 3
matrix, 8174, 1654, 4
matrix, 8175, 3002, 4
matrix, 8176, 6928, 3
matrix, 8177, 9119, 4
matrix, 8178, 9519, 3
matrix, 8179, 2815, 4
matrix, 8180, 7077, 3
matrix, 8181, 4325, 4
matrix, 8182, 893, 3
matrix, 8183, 1, 1
matrix, 8184, 9291, 4
matrix, 8185, 3834, 4
matrix, 8186, 1655, 4
matrix, 8187, 7612, 4
matrix, 8188, 7192, 3
matrix, 8189, 41, 4
matrix, 8190, 1657, 4
matrix, 8191, 9721, 3
matrix, 8192, 5775, 4
matrix, 8193, 3779, 3
matrix, 8194, 9562, 4
matrix, 8195, 5786, 4
matrix, 8196, 371, 4
matrix, 8197, 5942, 3
matrix, 8198, 9367, 4
matrix, 8199, 7973, 4
matrix, 8200, 218, 3
matrix, 8201, 9440, 3
matrix, 8202, 6993, 3
matrix, 8203, 1321, 3
matrix, 8204, 3090, 3
matrix, 8205, 7891, 3
matrix, 8206, 7887, 4
matrix, 8207, 7734, 4
matrix, 8208, 5320, 4
matrix, 8209, 5521, 3
matrix, 8210, 1419, 3
matrix, 8211, 9802, 4
matrix, 8212, 9661, 3
matrix, 8213, 4594, 4
matrix, 8214, 8578, 3
matrix, 8215, 8097, 3
matrix, 8216, 1, 1
matrix, 8217, 3007, 4
matrix, 8218, 9632, 4
matrix, 8219, 1690, 4
matrix, 8220, 6277, 4
matrix, 8221, 4428, 4
matrix, 8222, 2591, 3
matrix, 8223, 2222, 4
matrix, 8224, 5122, 3
matrix, 8225, 4405, 3
matrix, 8226, 7192, 3
matrix, 8227, 1696, 3
matrix, 8228, 7595, 2
matrix, 8229, 7478, 3
matrix, 8230, 3924, 3
matrix, 8231, 1248, 3
matrix, 8232, 7473, 4
matrix, 8233, 762, 4
matrix, 8234, 2580, 4
matrix, 8235, 6764, 4
matrix, 8236, 8911, 3
matrix, 8237, 5856, 3
matrix, 8238, 419, 3
matrix, 8239, 2069, 2
matrix, 8240, 1325, 3
matrix, 8241, 9724, 3
matrix, 8242, 9240, 4
matrix, 8243, 9322, 3
matrix, 8244, 2443, 3
matrix, 8245, 2591, 3
matrix, 8246, 253, 3
matrix, 8247, 3702, 4
matrix, 8248, 3492, 4
matrix, 8249, 102, 4
matrix, 8250, 7870, 3
matrix, 8251, 6434, 3
matrix, 8252, 6235, 3
matrix, 8253, 6110, 4
matrix, 8254, 4951, 4
matrix, 8255, 1440, 3
matrix, 8256, 9082, 3
matrix, 8257, 7595, 2
matrix, 8258, 8622, 3
matrix, 8259, 7458, 4
matrix, 8260, 8535, 3
matrix, 8261, 9739, 4
matrix, 8262, 8295, 3
matrix, 8263, 1655, 4
matrix, 8264, 5611, 3
matrix, 8265, 329, 3
matrix, 8266, 2791, 2
matrix, 8267, 6357, 4
matrix, 8268, 6187, 3
matrix, 8269, 7708, 3
matrix, 8270, 4487, 3
matrix, 8271, 1482, 3
matrix, 8272, 9930, 3
matrix, 8273, 7908, 3
matrix, 8274, 1066, 3
matrix, 8275, 6980, 4
matrix, 8276, 2146, 4
matrix, 8277, 9957, 3
matrix, 8278, 6928, 3
matrix, 8279, 7783, 4
matrix, 8280, 1604, 3
matrix, 8281, 1777, 3
matrix, 8282, 2522, 3
matrix, 8283, 2610, 4
matrix, 8284, 9957, 3
matrix, 8285, 715, 3
matrix, 8286, 1712, 4
matrix, 8287, 2445, 3
matrix, 8288, 212, 4
matrix, 8289, 812, 3
matrix, 8290, 3444, 4
matrix, 8291, 8679, 3
matrix, 8292, 1869, 3
matrix, 8293, 6411, 4
matrix, 8294, 5614, 4
matrix, 8295, 2069, 2
matrix, 8296, 644, 3
matrix, 8297, 3126, 4
matrix, 8298, 8216, 2
matrix, 8299, 3332, 3
matrix, 8300, 8798, 4
matrix, 8301, 5748, 3
matrix, 8302, 8257, 3
matrix, 8303, 2813, 3
matrix, 8304, 9623, 3
matrix, 8305, 9082, 3
matrix, 8306, 5521, 3
matrix, 8307, 2791, 2
matrix, 8308, 6249, 4
matrix, 8309, 7033, 3
matrix, 8310, 7660, 3
matrix, 8311, 1154, 4
matrix, 8312, 2881, 3
matrix, 8313, 3924, 3
matrix, 8314, 1819, 4
matrix, 8315, 4015, 3
matrix, 8316, 5396, 4
matrix, 8317, 8359, 3
matrix, 8318, 1321, 3
matrix, 8319, 4060, 3
matrix, 8320, 5461, 3
matrix, 8321, 3613, 3
matrix, 8322, 9661, 3
matrix, 8323, 8382, 3
matrix, 8324, 9309, 3
matrix, 8325, 5556, 3
matrix, 8326, 8463, 3
matrix, 8327, 6141, 3
matrix, 8328, 7464, 3
matrix, 8329, 8097, 3
matrix, 8330, 606, 4
matrix, 8331, 3373, 4
matrix, 8332, 4607, 3
matrix, 8333, 1777, 3
matrix, 8334, 7438, 3
matrix, 8335, 2633, 4
matrix, 8336, 8216, 2
matrix, 8337, 6464, 3
matrix, 8338, 6277, 4
matrix, 8339, 3166, 4
matrix, 8340, 8981, 2
matrix, 8341, 7725, 4
matrix, 8342, 382, 3
matrix, 8343, 8457, 4
matrix, 8344, 5220, 4
matrix, 8345, 2611, 3
matrix, 8346, 3332, 3
matrix, 8347, 5224, 3
matrix, 8348, 5461, 3
matrix, 8349, 9086, 4
matrix, 8350, 8578, 3
matrix, 8351, 9658, 3
matrix, 8352, 7769, 3
matrix, 8353, 9309, 3
matrix, 8354, 7713, 3
matrix, 8355, 5856, 3
matrix, 8356, 4288, 4
matrix, 8357, 4405, 3
matrix, 8358, 5611, 3
matrix, 8359, 1299, 2
matrix, 8360, 329, 3
matrix, 8361, 7099, 3
matrix, 8362, 2342, 4
matrix, 8363, 1079, 3
matrix, 8364, 812, 3
matrix, 8365, 8529, 3
matrix, 8366, 7580, 4
matrix, 8367, 8342, 4
matrix, 8368, 9393, 4
matrix, 8369, 7220, 4
matrix, 8370, 1030, 3
matrix, 8371, 1641, 4
matrix, 8372, 3079, 3
matrix, 8373, 9658, 3
matrix, 8374, 5994, 4
matrix, 8375, 4607, 3
matrix, 8376, 9007, 3
matrix, 8377, 8347, 4
matrix, 8378, 286, 3
matrix, 8379, 1069, 3
matrix, 8380, 2933, 4
matrix, 8381, 1210, 4
matrix, 8382, 7616, 2
matrix, 8383, 4083, 3
matrix, 8384, 2529, 4
matrix, 8385, 2813, 3
matrix, 8386, 4547, 4
matrix, 8387, 9007, 3
matrix, 8388, 1202, 3
matrix, 8389, 9661, 3
matrix, 8390, 1, 1
matrix, 8391, 8622, 3
matrix, 8392, 1976, 3
matrix, 8393, 4584, 3
matrix, 8394, 2170, 4
matrix, 8395, 5631, 3
matrix, 8396, 1653, 4
matrix, 8397, 4405, 3
matrix, 8398, 5600, 4
matrix, 8399, 2836, 4
matrix, 8400, 560, 3
matrix, 8401, 2762, 4
matrix, 8402, 7106, 3
matrix, 8403, 8166, 3
matrix, 8404, 4082, 3
matrix, 8405, 1343, 3
matrix, 8406, 8390, 2
matrix, 8407, 8436, 3
matrix, 8408, 2452, 3
matrix, 8409, 1299, 2
matrix, 8410, 5672, 3
matrix, 8411, 7370, 4
matrix, 8412, 4060, 3
matrix, 8413, 7077, 3
matrix, 8414, 7023, 3
matrix, 8415, 2565, 4
matrix, 8416, 4563, 3
matrix, 8417, 7389, 4
matrix, 8418, 3055, 3
matrix, 8419, 4587, 3
matrix, 8420, 5738, 4
matrix, 8421, 2056, 4
matrix, 8422, 9252, 3
matrix, 8423, 696, 3
matrix, 8424, 4504, 3
matrix, 8425, 4607, 3
matrix, 8426, 218, 3
matrix, 8427, 7825, 4
matrix, 8428, 92, 4
matrix, 8429, 74, 4
matrix, 8430, 382, 3
matrix, 8431, 8230, 4
matrix, 8432, 7660, 3
matrix, 8433, 6609, 4
matrix, 8434, 9685, 3
matrix, 8435, 3248, 3
matrix, 8436, 8390, 2
matrix, 8437, 7887, 4
matrix, 8438, 6600, 4
matrix, 8439, 1929, 3
matrix, 8440, 148, 2
matrix, 8441, 9068, 3
matrix, 8442, 2331, 4
matrix, 8443, 5884, 4
matrix, 8444, 5639, 4
matrix, 8445, 9539, 4
matrix, 8446, 7870, 3
matrix, 8447, 5399, 4
matrix, 8448, 5634, 3
matrix, 8449, 2079, 4
matrix, 8450, 228, 3
matrix, 8451, 6003, 3
matrix, 8452, 3248, 3
matrix, 8453, 3099, 3
matrix, 8454, 4305, 4
matrix, 8455, 6845, 3
matrix, 8456, 8547, 4
matrix, 8457, 9847, 3
matrix, 8458, 1828, 3
matrix, 8459, 7396, 4
matrix, 8460, 5075, 3
matrix, 8461, 9301, 3
matrix, 8462, 232, 3
matrix, 8463, 7962, 2
matrix, 8464, 4077, 4
matrix, 8465, 2582, 3
matrix, 8466, 2826, 4
matrix, 8467, 6235, 3
matrix, 8468, 3363, 3
matrix, 8469, 9572, 4
matrix, 8470, 329, 3
matrix, 8471, 4405, 3
matrix, 8472, 4352, 4
matrix, 8473, 9685, 3
matrix, 8474, 5495, 3
matrix, 8475, 2853, 3
matrix, 8476, 7043, 3
matrix, 8477, 1346, 4
matrix, 8478, 527, 3
matrix, 8479, 1325, 3
matrix, 8480, 5600, 4
matrix, 8481, 827, 3
matrix, 8482, 7335, 3
matrix, 8483, 4521, 3
matrix, 8484, 9759, 3
matrix, 8485, 232, 3
matrix, 8486, 754, 4
matrix, 8487, 5870, 4
matrix, 8488, 2703, 3
matrix, 8489, 1929, 3
matrix, 8490, 4186, 3
matrix, 8491, 3045, 4
matrix, 8492, 147, 4
matrix, 8493, 1668, 3
matrix, 8494, 8622, 3
matrix, 8495, 2325, 3
matrix, 8496, 2597, 4
matrix, 8497, 5434, 4
matrix, 8498, 4305, 4
matrix, 8499, 563, 3
matrix, 8500, 1777, 3
matrix, 8501, 4096, 4
matrix, 8502, 9494, 3
matrix, 8503, 5265, 3
matrix, 8504, 7875, 3
matrix, 8505, 6110, 4
matrix, 8506, 8555, 3
matrix, 8507, 7962, 2
matrix, 8508, 8167, 3
matrix, 8509, 3969, 4
matrix, 8510, 8679, 3
matrix, 8511, 3827, 4
matrix, 8512, 1696, 3
matrix, 8513, 2980, 3
matrix, 8514, 2043, 4
matrix, 8515, 1690, 4
matrix, 8516, 7595, 2
matrix, 8517, 6210, 3
matrix, 8518, 2352, 3
matrix, 8519, 7708, 3
matrix, 8520, 7095, 3
matrix, 8521, 8551, 3
matrix, 8522, 5631, 3
matrix, 8523, 7072, 4
matrix, 8524, 8359, 3
matrix, 8525, 9167, 3
matrix, 8526, 4987, 4
matrix, 8527, 243, 3
matrix, 8528, 6928, 3
matrix, 8529, 7616, 2
matrix, 8530, 6905, 4
matrix, 8531, 9871, 4
matrix, 8532, 331, 2
matrix, 8533, 1248, 3
matrix, 8534, 2452, 3
matrix, 8535, 7595, 2
matrix, 8536, 69, 4
matrix, 8537, 7016, 4
matrix, 8538, 5612, 3
matrix, 8539, 228, 3
matrix, 8540, 45, 3
matrix, 8541, 2732, 4
matrix, 8542, 1440, 3
matrix, 8543, 4255, 4
matrix, 8544, 3007, 4
matrix, 8545, 6910, 3
matrix, 8546, 6019, 4
matrix, 8547, 5942, 3
matrix, 8548, 6412, 4
matrix, 8549, 9910, 3
matrix, 8550, 5971, 3
matrix, 8551, 4500, 2
matrix, 8552, 9587, 3
matrix, 8553, 3401, 3
matrix, 8554, 7920, 4
matrix, 8555, 4500, 2
matrix, 8556, 2261, 3
matrix, 8557, 5028, 4
matrix, 8558, 8670, 3
matrix, 8559, 9847, 3
matrix, 8560, 3332, 3
matrix, 8561, 3079, 3
matrix, 8562, 9039, 4
matrix, 8563, 3594, 4
matrix, 8564, 5535, 4
matrix, 8565, 1550, 3
matrix, 8566, 827, 3
matrix, 8567, 2453, 4
matrix, 8568, 7680, 4
matrix, 8569, 6831, 4
matrix, 8570, 1106, 3
matrix, 8571, 2229, 4
matrix, 8572, 5087, 4
matrix, 8573, 2587, 4
matrix, 8574, 7840, 3
matrix, 8575, 5759, 4
matrix, 8576, 5906, 4
matrix, 8577, 8340, 3
matrix, 8578, 7595, 2
matrix, 8579, 1604, 3
matrix, 8580, 1135, 4
matrix, 8581, 5631, 3
matrix, 8582, 6283, 4
matrix, 8583, 607, 4
matrix, 8584, 6158, 4
matrix, 8585, 5693, 3
matrix, 8586, 7196, 3
matrix, 8587, 1616, 4
matrix, 8588, 8670, 3
matrix, 8589, 5224, 3
matrix, 8590, 7027, 3
matrix, 8591, 3455, 4
matrix, 8592, 2606, 3
matrix, 8593, 3126, 4
matrix, 8594, 2123, 4
matrix, 8595, 1147, 4
matrix, 8596, 9322, 3
matrix, 8597, 6105, 4
matrix, 8598, 8045, 4
matrix, 8599, 368, 3
matrix, 8600, 8382, 3
matrix, 8601, 8622, 3
matrix, 8602, 5151, 3
matrix, 8603, 1851, 3
matrix, 8604, 8359, 3
matrix, 8605, 4186, 3
matrix, 8606, 7023, 3
matrix, 8607, 8771, 4
matrix, 8608, 8389, 4
matrix, 8609, 7438, 3
matrix, 8610, 5693, 3
matrix, 8611, 5556, 3
matrix, 8612, 4352, 4
matrix, 8613, 3795, 3
matrix, 8614, 6948, 3
matrix, 8615, 7725, 4
matrix, 8616, 9283, 3
matrix, 8617, 9910, 3
matrix, 8618, 5639, 4
matrix, 8619, 7733, 3
matrix, 8620, 5509, 3
matrix, 8621, 7713, 3
matrix, 8622, 1299, 2
matrix, 8623, 9957, 3
matrix, 8624, 8961, 3
matrix, 8625, 9309, 3
matrix, 8626, 7464, 3
matrix, 8627, 2958, 3
matrix, 8628, 1470, 4
matrix, 8629, 1777, 3
matrix, 8630, 3332, 3
matrix, 8631, 4326, 3
matrix, 8632, 8516, 3
matrix, 8633, 9497, 4
matrix, 8634, 2762, 4
matrix, 8635, 7375, 4
matrix, 8636, 9309, 3
matrix, 8637, 9658, 3
matrix, 8638, 5521, 3
matrix, 8639, 1440, 3
matrix, 8640, 4060, 3
matrix, 8641, 7118, 3
matrix, 8642, 3963, 4
matrix, 8643, 4326, 3
matrix, 8644, 5521, 3
matrix, 8645, 56, 4
matrix, 8646, 3248, 3
matrix, 8647, 1079, 3
matrix, 8648, 2606, 3
matrix, 8649, 4652, 4
matrix, 8650, 802, 4
matrix, 8651, 5832, 4
matrix, 8652, 6277, 4
matrix, 8653, 3989, 4
matrix, 8654, 4205, 3
matrix, 8655, 3996, 4
matrix, 8656, 7295, 4
matrix, 8657, 3748, 4
matrix, 8658, 4813, 3
matrix, 8659, 9654, 3
matrix, 8660, 893, 3
matrix, 8661, 3800, 4
matrix, 8662, 6609, 4
matrix, 8663, 2458, 3
matrix, 8664, 3755, 4
matrix, 8665, 754, 4
matrix, 8666, 5864, 4
matrix, 8667, 1144, 4
matrix, 8668, 2889, 4
matrix, 8669, 3166, 4
matrix, 8670, 8216, 2
matrix, 8671, 5556, 3
matrix, 8672, 5634, 3
matrix, 8673, 9008, 3
matrix, 8674, 3444, 4
matrix, 8675, 7740, 4
matrix, 8676, 7769, 3
matrix, 8677, 8753, 3
matrix, 8678, 1063, 2
matrix, 8679, 331, 2
matrix, 8680, 1561, 3
matrix, 8681, 4607, 3
matrix, 8682, 4740, 3
matrix, 8683, 8679, 3
matrix, 8684, 4002, 3
matrix, 8685, 2969, 3
matrix, 8686, 3248, 3
matrix, 8687, 9944, 3
matrix, 8688, 2100, 4
matrix, 8689, 1030, 3
matrix, 8690, 3126, 4
matrix, 8691, 2839, 3
matrix, 8692, 5658, 4
matrix, 8693, 7870, 3
matrix, 8694, 2597, 4
matrix, 8695, 8679, 3
matrix, 8696, 3083, 3
matrix, 8697, 4133, 4
matrix, 8698, 1828, 3
matrix, 8699, 391, 3
matrix, 8700, 6685, 4
matrix, 8701, 7740, 4
matrix, 8702, 7816, 3
matrix, 8703, 2069, 2
matrix, 8704, 6647, 3
matrix, 8705, 2964, 4
matrix, 8706, 764, 3
matrix, 8707, 943, 4
matrix, 8708, 5218, 4
matrix, 8709, 5126, 3
matrix, 8710, 6948, 3
matrix, 8711, 684, 4
matrix, 8712, 1418, 3
matrix, 8713, 3843, 3
matrix, 8714, 7141, 4
matrix, 8715, 2687, 3
matrix, 8716, 4770, 3
matrix, 8717, 167, 4
matrix, 8718, 8779, 3
matrix, 8719, 1716, 3
matrix, 8720, 2687, 3
matrix, 8721, 6201, 4
matrix, 8722, 9652, 4
matrix, 8723, 2637, 3
matrix, 8724, 8779, 3
matrix, 8725, 6924, 3
matrix, 8726, 7733, 3
matrix, 8727, 7106, 3
matrix, 8728, 715, 3
matrix, 8729, 2467, 3
matrix, 8730, 2981, 4
matrix, 8731, 9759, 3
matrix, 8732, 9930, 3
matrix, 8733, 966, 3
matrix, 8734, 1617, 3
matrix, 8735, 6861, 3
matrix, 8736, 3248, 3
matrix, 8737, 5672, 3
matrix, 8738, 2813, 3
matrix, 8739, 2272, 4
matrix, 8740, 627, 4
matrix, 8741, 9677, 3
matrix, 8742, 3797, 4
matrix, 8743, 7769, 3
matrix, 8744, 2927, 4
matrix, 8745, 7679, 4
matrix, 8746, 8239, 3
matrix, 8747, 1805, 4
matrix, 8748, 4138, 4
matrix, 8749, 8802, 4
matrix, 8750, 696, 3
matrix, 8751, 243, 3
matrix, 8752, 6319, 4
matrix, 8753, 1063, 2
matrix, 8754, 7015, 4
matrix, 8755, 6973, 4
matrix, 8756, 4255, 4
matrix, 8757, 2189, 4
matrix, 8758, 4607, 3
matrix, 8759, 2276, 3
matrix, 8760, 6158, 4
matrix, 8761, 2815, 4
matrix, 8762, 4951, 4
matrix, 8763, 9631, 3
matrix, 8764, 6738, 3
matrix, 8765, 5681, 3
matrix, 8766, 9145, 3
matrix, 8767, 9137, 3
matrix, 8768, 1703, 4
matrix, 8769, 3620, 4
matrix, 8770, 7027, 3
matrix, 8771, 6734, 3
matrix, 8772, 1343, 3
matrix, 8773, 9032, 4
matrix, 8774, 4405, 3
matrix, 8775, 7816, 3
matrix, 8776, 5672, 3
matrix, 8777, 1200, 4
matrix, 8778, 7015, 4
matrix, 8779, 1908, 2
matrix, 8780, 9658, 3
matrix, 8781, 8834, 3
matrix, 8782, 5639, 4
matrix, 8783, 1657, 4
matrix, 8784, 9322, 3
matrix, 8785, 7664, 3
matrix, 8786, 5432, 4
matrix, 8787, 7192, 3
matrix, 8788, 3891, 3
matrix, 8789, 8837, 4
matrix, 8790, 5169, 3
matrix, 8791, 9137, 3
matrix, 8792, 5631, 3
matrix, 8793, 7664, 3
matrix, 8794, 3240, 3
matrix, 8795, 4002, 3
matrix, 8796, 5681, 3
matrix, 8797, 3824, 4
matrix, 8798, 2839, 3
matrix, 8799, 9309, 3
matrix, 8800, 6998, 3
matrix, 8801, 2492, 4
matrix, 8802, 715, 3
matrix, 8803, 7192, 3
matrix, 8804, 195, 4
matrix, 8805, 3166, 4
matrix, 8806, 9466, 3
matrix, 8807, 7023, 3
matrix, 8808, 5634, 3
matrix, 8809, 4652, 4
matrix, 8810, 8171, 4
matrix, 8811, 7478, 3
matrix, 8812, 5789, 4
matrix, 8813, 9032, 4
matrix, 8814, 8703, 3
matrix, 8815, 4539, 4
matrix, 8816, 4352, 4
matrix, 8817, 6539, 3
matrix, 8818, 7660, 3
matrix, 8819, 5815, 3
matrix, 8820, 5075, 3
matrix, 8821, 4607, 3
matrix, 8822, 6597, 4
matrix, 8823, 5693, 3
matrix, 8824, 5714, 3
matrix, 8825, 2522, 3
matrix, 8826, 2826, 4
matrix, 8827, 3701, 3
matrix, 8828, 1929, 3
matrix, 8829, 7287, 4
matrix, 8830, 5495, 3
matrix, 8831, 4817, 4
matrix, 8832, 4196, 4
matrix, 8833, 3234, 4
matrix, 8834, 6142, 2
matrix, 8835, 1030, 3
matrix, 8836, 4082, 3
matrix, 8837, 3701, 3
matrix, 8838, 2016, 4
matrix, 8839, 6734, 3
matrix, 8840, 6734, 3
matrix, 8841, 8834, 3
matrix, 8842, 1712, 4
matrix, 8843, 8097, 3
matrix, 8844, 7561, 3
matrix, 8845, 1481, 4
matrix, 8846, 9173, 4
matrix, 8847, 5039, 4
matrix, 8848, 2637, 3
matrix, 8849, 433, 3
matrix, 8850, 41, 4
matrix, 8851, 8678, 3
matrix, 8852, 9283, 3
matrix, 8853, 2352, 3
matrix, 8854, 3401, 3
matrix, 8855, 3855, 4
matrix, 8856, 9170, 3
matrix, 8857, 3360, 3
matrix, 8858, 9901, 3
matrix, 8859, 6016, 4
matrix, 8860, 7552, 4
matrix, 8861, 2224, 3
matrix, 8862, 6141, 3
matrix, 8863, 7031, 4
matrix, 8864, 9752, 4
matrix, 8865, 3270, 4
matrix, 8866, 2445, 3
matrix, 8867, 2579, 4
matrix, 8868, 2579, 4
matrix, 8869, 1402, 3
matrix, 8870, 1530, 4
matrix, 8871, 2657, 3
matrix, 8872, 4607, 3
matrix, 8873, 2492, 4
matrix, 8874, 8409, 3
matrix, 8875, 8529, 3
matrix, 8876, 1419, 3
matrix, 8877, 6259, 4
matrix, 8878, 2732, 4
matrix, 8879, 1800, 3
matrix, 8880, 7825, 4
matrix, 8881, 5130, 3
matrix, 8882, 4916, 3
matrix, 8883, 9654, 3
matrix, 8884, 1398, 3
matrix, 8885, 23, 4
matrix, 8886, 5611, 3
matrix, 8887, 8834, 3
matrix, 8888, 2140, 4
matrix, 8889, 4220, 3
matrix, 8890, 2042, 3
matrix, 8891, 4500, 2
matrix, 8892, 6319, 4
matrix, 8893, 2989, 4
matrix, 8894, 2758, 3
matrix, 8895, 7565, 4
matrix, 8896, 6616, 3
matrix, 8897, 9519, 3
matrix, 8898, 4046, 3
matrix, 8899, 5707, 4
matrix, 8900, 9519, 3
matrix, 8901, 3166, 4
matrix, 8902, 9910, 3
matrix, 8903, 9901, 3
matrix, 8904, 3803, 4
matrix, 8905, 1828, 3
matrix, 8906, 9129, 4
matrix, 8907, 7783, 4
matrix, 8908, 7315, 4
matrix, 8909, 662, 3
matrix, 8910, 4083, 3
matrix, 8911, 8390, 2
matrix, 8912, 4577, 4
matrix, 8913, 6434, 3
matrix, 8914, 684, 4
matrix, 8915, 8703, 3
matrix, 8916, 5884, 4
matrix, 8917, 9116, 4
matrix, 8918, 7174, 4
matrix, 8919, 331, 2
matrix, 8920, 1463, 4
matrix, 8921, 8409, 3
matrix, 8922, 6016, 4
matrix, 8923, 2069, 2
matrix, 8924, 7887, 4
matrix, 8925, 825, 3
matrix, 8926, 7558, 4
matrix, 8927, 4055, 4
matrix, 8928, 6921, 4
matrix, 8929, 9957, 3
matrix, 8930, 7464, 3
matrix, 8931, 2881, 3
matrix, 8932, 5556, 3
matrix, 8933, 7310, 4
matrix, 8934, 3802, 4
matrix, 8935, 1339, 4
matrix, 8936, 1468, 3
matrix, 8937, 7023, 3
matrix, 8938, 5130, 3
matrix, 8939, 7903, 4
matrix, 8940, 5856, 3
matrix, 8941, 8382, 3
matrix, 8942, 5224, 3
matrix, 8943, 7476, 4
matrix, 8944, 6123, 3
matrix, 8945, 7145, 4
matrix, 8946, 8295, 3
matrix, 8947, 7106, 3
matrix, 8948, 5604, 3
matrix, 8949, 9327, 3
matrix, 8950, 2591, 3
matrix, 8951, 7113, 3
matrix, 8952, 4709, 3
matrix, 8953, 5631, 3
matrix, 8954, 2591, 3
matrix, 8955, 4774, 4
matrix, 8956, 7920, 4
matrix, 8957, 527, 3
matrix, 8958, 500, 3
matrix, 8959, 1641, 4
matrix, 8960, 5381, 4
matrix, 8961, 2069, 2
matrix, 8962, 9684, 3
matrix, 8963, 684, 4
matrix, 8964, 3822, 3
matrix, 8965, 1617, 3
matrix, 8966, 2637, 3
matrix, 8967, 8340, 3
matrix, 8968, 1851, 3
matrix, 8969, 6434, 3
matrix, 8970, 1707, 3
matrix, 8971, 1066, 3
matrix, 8972, 69, 4
matrix, 8973, 1535, 4
matrix, 8974, 2062, 4
matrix, 8975, 1346, 4
matrix, 8976, 893, 3
matrix, 8977, 5832, 4
matrix, 8978, 9298, 4
matrix, 8979, 3693, 3
matrix, 8980, 4186, 3
matrix, 8981, 1, 1
matrix, 8982, 7870, 3
matrix, 8983, 7831, 3
matrix, 8984, 3701, 3
matrix, 8985, 6434, 3
matrix, 8986, 7111, 3
matrix, 8987, 3997, 4
matrix, 8988, 4607, 3
matrix, 8989, 1868, 4
matrix, 8990, 2261, 3
matrix, 8991, 3090, 3
matrix, 8992, 7891, 3
matrix, 8993, 4844, 4
matrix, 8994, 3802, 4
matrix, 8995, 4853, 4
matrix, 8996, 8336, 3
matrix, 8997, 8315, 4
matrix, 8998, 1274, 3
matrix, 8999, 5638, 4
matrix, 9000, 2788, 4
matrix, 9001, 4703, 3
matrix, 9002, 2791, 2
matrix, 9003, 1342, 3
matrix, 9004, 8891, 3
matrix, 9005, 1707, 3
matrix, 9006, 5327, 3
matrix, 9007, 331, 2
matrix, 9008, 8390, 2
matrix, 9009, 8009, 4
matrix, 9010, 4359, 4
matrix, 9011, 9519, 3
matrix, 9012, 5461, 3
matrix, 9013, 2450, 3
matrix, 9014, 7877, 4
matrix, 9015, 563, 3
matrix, 9016, 893, 3
matrix, 9017, 6868, 4
matrix, 9018, 7438, 3
matrix, 9019, 7106, 3
matrix, 9020, 4587, 3
matrix, 9021, 3452, 4
matrix, 9022, 6432, 3
matrix, 9023, 4500, 2
matrix, 9024, 3696, 4
matrix, 9025, 5815, 3
matrix, 9026, 4736, 4
matrix, 9027, 3696, 4
matrix, 9028, 8529, 3
matrix, 9029, 5410, 3
matrix, 9030, 8295, 3
matrix, 9031, 7476, 4
matrix, 9032, 2150, 3
matrix, 9033, 6432, 3
matrix, 9034, 552, 4
matrix, 9035, 5815, 3
matrix, 9036, 824, 4
matrix, 9037, 5634, 3
matrix, 9038, 2958, 3
matrix, 9039, 8679, 3
matrix, 9040, 4515, 3
matrix, 9041, 7106, 3
matrix, 9042, 7937, 4
matrix, 9043, 2678, 3
matrix, 9044, 5556, 3
matrix, 9045, 41, 4
matrix, 9046, 228, 3
matrix, 9047, 3007, 4
matrix, 9048, 2703, 3
matrix, 9049, 3240, 3
matrix, 9050, 6705, 3
matrix, 9051, 7831, 3
matrix, 9052, 7033, 3
matrix, 9053, 9773, 4
matrix, 9054, 7095, 3
matrix, 9055, 9661, 3
matrix, 9056, 9284, 3
matrix, 9057, 4162, 4
matrix, 9058, 6616, 3
matrix, 9059, 5289, 4
matrix, 9060, 9472, 4
matrix, 9061, 7315, 4
matrix, 9062, 5611, 3
matrix, 9063, 4220, 3
matrix, 9064, 6569, 4
matrix, 9065, 8210, 4
matrix, 9066, 2853, 3
matrix, 9067, 8359, 3
matrix, 9068, 1908, 2
matrix, 9069, 1066, 3
matrix, 9070, 3891, 3
matrix, 9071, 3299, 3
matrix, 9072, 5289, 4
matrix, 9073, 7669, 4
matrix, 9074, 9232, 3
matrix, 9075, 8533, 4
matrix, 9076, 8347, 4
matrix, 9077, 1085, 3
matrix, 9078, 4607, 3
matrix, 9079, 8834, 3
matrix, 9080, 6411, 4
matrix, 9081, 7113, 3
matrix, 9082, 2791, 2
matrix, 9083, 7389, 4
matrix, 9084, 391, 3
matrix, 9085, 783, 4
matrix, 9086, 5672, 3
matrix, 9087, 4854, 3
matrix, 9088, 44, 3
matrix, 9089, 5269, 4
matrix, 9090, 7335, 3
matrix, 9091, 8834, 3
matrix, 9092, 893, 3
matrix, 9093, 3369, 3
matrix, 9094, 5799, 4
matrix, 9095, 4607, 3
matrix, 9096, 1085, 3
matrix, 9097, 1482, 3
matrix, 9098, 7887, 4
matrix, 9099, 812, 3
matrix, 9100, 9930, 3
matrix, 9101, 7010, 3
matrix, 9102, 7106, 3
matrix, 9103, 4853, 4
matrix, 9104, 6187, 3
matrix, 9105, 3982, 3
matrix, 9106, 1777, 3
matrix, 9107, 4587, 3
matrix, 9108, 9023, 3
matrix, 9109, 1994, 4
matrix, 9110, 7183, 3
matrix, 9111, 9284, 3
matrix, 9112, 8753, 3
matrix, 9113, 2865, 4
matrix, 9114, 7710, 4
matrix, 9115, 8166, 3
matrix, 9116, 5672, 3
matrix, 9117, 3133, 4
matrix, 9118, 1343, 3
matrix, 9119, 218, 3
matrix, 9120, 8679, 3
matrix, 9121, 982, 4
matrix, 9122, 7183, 3
matrix, 9123, 8703, 3
matrix, 9124, 3332, 3
matrix, 9125, 5169, 3
matrix, 9126, 9008, 3
matrix, 9127, 802, 4
matrix, 9128, 2725, 4
matrix, 9129, 6734, 3
matrix, 9130, 3417, 3
matrix, 9131, 5994, 4
matrix, 9132, 4046, 3
matrix, 9133, 1760, 3
matrix, 9134, 9658, 3
matrix, 9135, 7596, 4
matrix, 9136, 9170, 3
matrix, 9137, 4500, 2
matrix, 9138, 4142, 4
matrix, 9139, 4857, 4
matrix, 9140, 3354, 3
matrix, 9141, 1402, 3
matrix, 9142, 9759, 3
matrix, 9143, 5234, 4
matrix, 9144, 2626, 4
matrix, 9145, 8390, 2
matrix, 9146, 6110, 4
matrix, 9147, 7616, 2
matrix, 9148, 7192, 3
matrix, 9149, 5604, 3
matrix, 9150, 7518, 3
matrix, 9151, 5942, 3
matrix, 9152, 1548, 3
matrix, 9153, 9544, 3
matrix, 9154, 7769, 3
matrix, 9155, 2211, 4
matrix, 9156, 6349, 4
matrix, 9157, 2325, 3
matrix, 9158, 96, 3
matrix, 9159, 294, 3
matrix, 9160, 8285, 4
matrix, 9161, 2889, 4
matrix, 9162, 2452, 3
matrix, 9163, 7172, 4
matrix, 9164, 3444, 4
matrix, 9165, 3998, 4
matrix, 9166, 1166, 4
matrix, 9167, 4500, 2
matrix, 9168, 8961, 3
matrix, 9169, 9068, 3
matrix, 9170, 8216, 2
matrix, 9171, 4740, 3
matrix, 9172, 9800, 3
matrix, 9173, 2637, 3
matrix, 9174, 3083, 3
matrix, 9175, 6142, 2
matrix, 9176, 6185, 4
matrix, 9177, 2609, 4
matrix, 9178, 8359, 3
matrix, 9179, 5613, 4
matrix, 9180, 5011, 3
matrix, 9181, 754, 4
matrix, 9182, 3212, 3
matrix, 9183, 7660, 3
matrix, 9184, 8532, 3
matrix, 9185, 419, 3
matrix, 9186, 9985, 4
matrix, 9187, 2839, 3
matrix, 9188, 9981, 3
matrix, 9189, 6948, 3
matrix, 9190, 9519, 3
matrix, 9191, 7983, 4
matrix, 9192, 2657, 3
matrix, 9193, 7875, 3
matrix, 9194, 7824, 4
matrix, 9195, 8683, 4
matrix, 9196, 5218, 4
matrix, 9197, 7246, 3
matrix, 9198, 7138, 4
matrix, 9199, 8771, 4
matrix, 9200, 5867, 4
matrix, 9201, 1960, 4
matrix, 9202, 2813, 3
matrix, 9203, 6141, 3
matrix, 9204, 9981, 3
matrix, 9205, 2674, 4
matrix, 9206, 3594, 4
matrix, 9207, 5812, 4
matrix, 9208, 6705, 3
matrix, 9209, 5396, 4
matrix, 9210, 253, 3
matrix, 9211, 8348, 4
matrix, 9212, 827, 3
matrix, 9213, 5320, 4
matrix, 9214, 7733, 3
matrix, 9215, 1085, 3
matrix, 9216, 8753, 3
matrix, 9217, 4817, 4
matrix, 9218, 5349, 4
matrix, 9219, 4813, 3
matrix, 9220, 1769, 4
matrix, 9221, 4740, 3
matrix, 9222, 368, 3
matrix, 9223, 8087, 4
matrix, 9224, 1482, 3
matrix, 9225, 2276, 3
matrix, 9226, 8228, 3
matrix, 9227, 2443, 3
matrix, 9228, 8919, 3
matrix, 9229, 1735, 4
matrix, 9230, 7310, 4
matrix, 9231, 943, 4
matrix, 9232, 1063, 2
matrix, 9233, 7385, 4
matrix, 9234, 3164, 4
matrix, 9235, 7133, 4
matrix, 9236, 4909, 4
matrix, 9237, 7246, 3
matrix, 9238, 5509, 3
matrix, 9239, 9151, 4
matrix, 9240, 7118, 3
matrix, 9241, 1510, 4
matrix, 9242, 5377, 4
matrix, 9243, 9526, 4
matrix, 9244, 5122, 3
matrix, 9245, 1284, 3
matrix, 9246, 4828, 3
matrix, 9247, 3255, 4
matrix, 9248, 9406, 4
matrix, 9249, 4519, 3
matrix, 9250, 7713, 3
matrix, 9251, 9309, 3
matrix, 9252, 1063, 2
matrix, 9253, 2202, 4
matrix, 9254, 3891, 3
matrix, 9255, 6993, 3
matrix, 9256, 662, 3
matrix, 9257, 9147, 3
matrix, 9258, 4082, 3
matrix, 9259, 1777, 3
matrix, 9260, 2899, 4
matrix, 9261, 6910, 3
matrix, 9262, 8028, 3
matrix, 9263, 294, 3
matrix, 9264, 6742, 4
matrix, 9265, 1030, 3
matrix, 9266, 1530, 4
matrix, 9267, 4104, 3
matrix, 9268, 3395, 4
matrix, 9269, 9957, 3
matrix, 9270, 1069, 3
matrix, 9271, 3693, 3
matrix, 9272, 5181, 3
matrix, 9273, 4770, 3
matrix, 9274, 1731, 3
matrix, 9275, 4255, 4
matrix, 9276, 6647, 3
matrix, 9277, 4345, 3
matrix, 9278, 2703, 3
matrix, 9279, 3256, 4
matrix, 9280, 5884, 4
matrix, 9281, 2758, 3
matrix, 9282, 1079, 3
matrix, 9283, 2069, 2
matrix, 9284, 2069, 2
matrix, 9285, 7023, 3
matrix, 9286, 4405, 3
matrix, 9287, 7840, 3
matrix, 9288, 7016, 4
matrix, 9289, 7716, 4
matrix, 9290, 7708, 3
matrix, 9291, 8679, 3
matrix, 9292, 607, 4
matrix, 9293, 9145, 3
matrix, 9294, 7111, 3
matrix, 9295, 8183, 2
matrix, 9296, 9863, 3
matrix, 9297, 9494, 3
matrix, 9298, 715, 3
matrix, 9299, 696, 3
matrix, 9300, 5759, 4
matrix, 9301, 8216, 2
matrix, 9302, 8239, 3
matrix, 9303, 7163, 4
matrix, 9304, 2564, 3
matrix, 9305, 8160, 4
matrix, 9306, 478, 4
matrix, 9307, 3843, 3
matrix, 9308, 9654, 3
matrix, 9309, 1299, 2
matrix, 9310, 4405, 3
matrix, 9311, 5693, 3
matrix, 9312, 4649, 4
matrix, 9313, 4521, 3
matrix, 9314, 1925, 4
matrix, 9315, 8216, 2
matrix, 9316, 2674, 4
matrix, 9317, 5865, 3
matrix, 9318, 3483, 3
matrix, 9319, 3922, 4
matrix, 9320, 4083, 3
matrix, 9321, 1063, 2
matrix, 9322, 7595, 2
matrix, 9323, 3208, 4
matrix, 9324, 6817, 3
matrix, 9325, 1079, 3
matrix, 9326, 1869, 3
matrix, 9327, 2069, 2
matrix, 9328, 4817, 4
matrix, 9329, 7903, 4
matrix, 9330, 7033, 3
matrix, 9331, 3007, 4
matrix, 9332, 1418, 3
matrix, 9333, 3829, 4
matrix, 9334, 893, 3
matrix, 9335, 7980, 4
matrix, 9336, 7723, 3
matrix, 9337, 3824, 4
matrix, 9338, 5304, 4
matrix, 9339, 3637, 4
matrix, 9340, 8167, 3
matrix, 9341, 3489, 3
matrix, 9342, 4703, 3
matrix, 9343, 6476, 4
matrix, 9344, 5909, 3
matrix, 9345, 7434, 3
matrix, 9346, 3275, 4
matrix, 9347, 4465, 4
matrix, 9348, 5942, 3
matrix, 9349, 1106, 3
matrix, 9350, 45, 3
matrix, 9351, 9321, 3
matrix, 9352, 7149, 3
matrix, 9353, 2909, 3
matrix, 9354, 4414, 4
matrix, 9355, 7809, 4
matrix, 9356, 527, 3
matrix, 9357, 3099, 3
matrix, 9358, 4345, 3
matrix, 9359, 1218, 4
matrix, 9360, 8463, 3
matrix, 9361, 6211, 3
matrix, 9362, 7650, 4
matrix, 9363, 8919, 3
matrix, 9364, 7522, 4
matrix, 9365, 2016, 4
matrix, 9366, 3256, 4
matrix, 9367, 2813, 3
matrix, 9368, 4891, 3
matrix, 9369, 1202, 3
matrix, 9370, 2969, 3
matrix, 9371, 7664, 3
matrix, 9372, 6650, 4
matrix, 9373, 3612, 4
matrix, 9374, 696, 3
matrix, 9375, 9847, 3
matrix, 9376, 8535, 3
matrix, 9377, 92, 4
matrix, 9378, 9129, 4
matrix, 9379, 8678, 3
matrix, 9380, 7434, 3
matrix, 9381, 3584, 4
matrix, 9382, 9370, 4
matrix, 9383, 5379, 4
matrix, 9384, 4738, 4
matrix, 9385, 7884, 4
matrix, 9386, 4521, 3
matrix, 9387, 2081, 4
matrix, 9388, 1777, 3
matrix, 9389, 939, 4
matrix, 9390, 207, 4
matrix, 9391, 7712, 4
matrix, 9392, 8776, 4
matrix, 9393, 8440, 3
matrix, 9394, 4082, 3
matrix, 9395, 8753, 3
matrix, 9396, 9658, 3
matrix, 9397, 1248, 3
matrix, 9398, 1288, 3
matrix, 9399, 253, 3
matrix, 9400, 7908, 3
matrix, 9401, 9519, 3
matrix, 9402, 1440, 3
matrix, 9403, 3308, 3
matrix, 9404, 2467, 3
matrix, 9405, 5351, 4
matrix, 9406, 4891, 3
matrix, 9407, 4149, 4
matrix, 9408, 4692, 3
matrix, 9409, 9543, 3
matrix, 9410, 2224, 3
matrix, 9411, 2276, 3
matrix, 9412, 6600, 4
matrix, 9413, 3083, 3
matrix, 9414, 1166, 4
matrix, 9415, 7228, 3
matrix, 9416, 391, 3
matrix, 9417, 7723, 3
matrix, 9418, 4828, 3
matrix, 9419, 6887, 3
matrix, 9420, 8961, 3
matrix, 9421, 9252, 3
matrix, 9422, 1617, 3
matrix, 9423, 7136, 3
matrix, 9424, 1982, 4
matrix, 9425, 69, 4
matrix, 9426, 5339, 4
matrix, 9427, 1994, 4
matrix, 9428, 158, 3
matrix, 9429, 3701, 3
matrix, 9430, 8463, 3
matrix, 9431, 647, 4
matrix, 9432, 5379, 4
matrix, 9433, 2325, 3
matrix, 9434, 92, 4
matrix, 9435, 9550, 4
matrix, 9436, 5396, 4
matrix, 9437, 715, 3
matrix, 9438, 4386, 3
matrix, 9439, 7875, 3
matrix, 9440, 2031, 2
matrix, 9441, 762, 4
matrix, 9442, 4881, 4
matrix, 9443, 1030, 3
matrix, 9444, 1648, 4
matrix, 9445, 2881, 3
matrix, 9446, 148, 2
matrix, 9447, 4519, 3
matrix, 9448, 9654, 3
matrix, 9449, 1284, 3
matrix, 9450, 228, 3
matrix, 9451, 7840, 3
matrix, 9452, 5634, 3
matrix, 9453, 4104, 3
matrix, 9454, 2522, 3
matrix, 9455, 7123, 4
matrix, 9456, 8827, 4
matrix, 9457, 232, 3
matrix, 9458, 6274, 3
matrix, 9459, 6435, 3
matrix, 9460, 8703, 3
matrix, 9461, 3800, 4
matrix, 9462, 5130, 3
matrix, 9463, 7079, 4
matrix, 9464, 966, 3
matrix, 9465, 2394, 4
matrix, 9466, 8216, 2
matrix, 9467, 9168, 4
matrix, 9468, 9677, 3
matrix, 9469, 8532, 3
matrix, 9470, 3891, 3
matrix, 9471, 6820, 4
matrix, 9472, 8166, 3
matrix, 9473, 3950, 3
matrix, 9474, 5672, 3
matrix, 9475, 6370, 3
matrix, 9476, 5432, 4
matrix, 9477, 2211, 4
matrix, 9478, 4521, 3
matrix, 9479, 4060, 3
matrix, 9480, 5971, 3
matrix, 9481, 6597, 4
matrix, 9482, 8388, 4
matrix, 9483, 1561, 3
matrix, 9484, 9309, 3
matrix, 9485, 2001, 3
matrix, 9486, 9847, 3
matrix, 9487, 1800, 3
matrix, 9488, 1069, 3
matrix, 9489, 4614, 3
matrix, 9490, 4652, 4
matrix, 9491, 2780, 4
matrix, 9492, 433, 3
matrix, 9493, 4587, 3
matrix, 9494, 1299, 2
matrix, 9495, 2458, 3
matrix, 9496, 4736, 4
matrix, 9497, 5942, 3
matrix, 9498, 8409, 3
matrix, 9499, 8874, 4
matrix, 9500, 1288, 3
matrix, 9501, 5611, 3
matrix, 9502, 662, 3
matrix, 9503, 1419, 3
matrix, 9504, 7043, 3
matrix, 9505, 7295, 4
matrix, 9506, 7228, 3
matrix, 9507, 6980, 4
matrix, 9508, 1342, 3
matrix, 9509, 1419, 3
matrix, 9510, 6185, 4
matrix, 9511, 4891, 3
matrix, 9512, 5909, 3
matrix, 9513, 7734, 4
matrix, 9514, 1758, 4
matrix, 9515, 5634, 3
matrix, 9516, 563, 3
matrix, 9517, 2056, 4
matrix, 9518, 9631, 3
matrix, 9519, 8216, 2
matrix, 9520, 1202, 3
matrix, 9521, 4891, 3
matrix, 9522, 1402, 3
matrix, 9523, 7825, 4
matrix, 9524, 5770, 4
matrix, 9525, 2703, 3
matrix, 9526, 7106, 3
matrix, 9527, 2452, 3
matrix, 9528, 1703, 4
matrix, 9529, 3248, 3
matrix, 9530, 4015, 3
matrix, 9531, 7716, 4
matrix, 9532, 9321, 3
matrix, 9533, 750, 4
matrix, 9534, 3960, 4
matrix, 9535, 3188, 3
matrix, 9536, 6210, 3
matrix, 9537, 5556, 3
matrix, 9538, 5621, 4
matrix, 9539, 7667, 3
matrix, 9540, 7809, 4
matrix, 9541, 3270, 4
matrix, 9542, 8679, 3
matrix, 9543, 7962, 2
matrix, 9544, 7962, 2
matrix, 9545, 180, 3
matrix, 9546, 8382, 3
matrix, 9547, 1030, 3
matrix, 9548, 4587, 3
matrix, 9549, 1463, 4
matrix, 9550, 4015, 3
matrix, 9551, 8298, 3
matrix, 9552, 4345, 3
matrix, 9553, 7027, 3
matrix, 9554, 5521, 3
matrix, 9555, 1288, 3
matrix, 9556, 9930, 3
matrix, 9557, 1690, 4
matrix, 9558, 8678, 3
matrix, 9559, 329, 3
matrix, 9560, 2352, 3
matrix, 9561, 1663, 4
matrix, 9562, 44, 3
matrix, 9563, 5218, 4
matrix, 9564, 3824, 4
matrix, 9565, 5521, 3
matrix, 9566, 2637, 3
matrix, 9567, 232, 3
matrix, 9568, 1604, 3
matrix, 9569, 9901, 3
matrix, 9570, 6679, 3
matrix, 9571, 2567, 4
matrix, 9572, 770, 3
matrix, 9573, 3779, 3
matrix, 9574, 2405, 4
matrix, 9575, 9283, 3
matrix, 9576, 3950, 3
matrix, 9577, 6003, 3
matrix, 9578, 1819, 4
matrix, 9579, 5122, 3
matrix, 9580, 6141, 3
matrix, 9581, 283, 4
matrix, 9582, 7601, 4
matrix, 9583, 5681, 3
matrix, 9584, 9446, 3
matrix, 9585, 1288, 3
matrix, 9586, 3248, 3
matrix, 9587, 1063, 2
matrix, 9588, 2705, 3
matrix, 9589, 3985, 4
matrix, 9590, 3395, 4
matrix, 9591, 7962, 2
matrix, 9592, 9901, 3
matrix, 9593, 228, 3
matrix, 9594, 232, 3
matrix, 9595, 5126, 3
matrix, 9596, 7870, 3
matrix, 9597, 9147, 3
matrix, 9598, 4584, 3
matrix, 9599, 276, 4
matrix, 9600, 5482, 3
matrix, 9601, 854, 3
matrix, 9602, 6003, 3
matrix, 9603, 169, 3
matrix, 9604, 4703, 3
matrix, 9605, 4491, 3
matrix, 9606, 9957, 3
matrix, 9607, 2685, 4
matrix, 9608, 9147, 3
matrix, 9609, 8212, 4
matrix, 9610, 8555, 3
matrix, 9611, 1490, 4
matrix, 9612, 9298, 4
matrix, 9613, 3188, 3
matrix, 9614, 7710, 4
matrix, 9615, 6650, 4
matrix, 9616, 7816, 3
matrix, 9617, 277, 3
matrix, 9618, 8679, 3
matrix, 9619, 1030, 3
matrix, 9620, 5908, 4
matrix, 9621, 2452, 3
matrix, 9622, 9661, 3
matrix, 9623, 1299, 2
matrix, 9624, 9344, 4
matrix, 9625, 1030, 3
matrix, 9626, 7415, 4
matrix, 9627, 5981, 4
matrix, 9628, 1481, 4
matrix, 9629, 6370, 3
matrix, 9630, 4075, 4
matrix, 9631, 6142, 2
matrix, 9632, 7106, 3
matrix, 9633, 5799, 4
matrix, 9634, 9954, 4
matrix, 9635, 1887, 4
matrix, 9636, 1317, 4
matrix, 9637, 3263, 4
matrix, 9638, 2788, 4
matrix, 9639, 102, 4
matrix, 9640, 9721, 3
matrix, 9641, 1760, 3
matrix, 9642, 2445, 3
matrix, 9643, 4205, 3
matrix, 9644, 2522, 3
matrix, 9645, 8382, 3
matrix, 9646, 7096, 4
matrix, 9647, 8212, 4
matrix, 9648, 285, 3
matrix, 9649, 4371, 4
matrix, 9650, 9623, 3
matrix, 9651, 6889, 4
matrix, 9652, 7118, 3
matrix, 9653, 6742, 4
matrix, 9654, 2031, 2
matrix, 9655, 9322, 3
matrix, 9656, 764, 3
matrix, 9657, 218, 3
matrix, 9658, 7962, 2
matrix, 9659, 6647, 3
matrix, 9660, 3299, 3
matrix, 9661, 148, 2
matrix, 9662, 7517, 4
matrix, 9663, 3891, 3
matrix, 9664, 382, 3
matrix, 9665, 7246, 3
matrix, 9666, 6734, 3
matrix, 9667, 4539, 4
matrix, 9668, 9847, 3
matrix, 9669, 195, 4
matrix, 9670, 4699, 4
matrix, 9671, 5151, 3
matrix, 9672, 1976, 3
matrix, 9673, 6136, 3
matrix, 9674, 8646, 4
matrix, 9675, 3752, 3
matrix, 9676, 9283, 3
matrix, 9677, 2031, 2
matrix, 9678, 5304, 4
matrix, 9679, 7027, 3
matrix, 9680, 1982, 4
matrix, 9681, 2467, 3
matrix, 9682, 7385, 4
matrix, 9683, 7825, 4
matrix, 9684, 1908, 2
matrix, 9685, 7595, 2
matrix, 9686, 7478, 3
matrix, 9687, 6679, 3
matrix, 9688, 7664, 3
matrix, 9689, 8336, 3
matrix, 9690, 1214, 4
matrix, 9691, 8802, 4
matrix, 9692, 7111, 3
matrix, 9693, 4082, 3
matrix, 9694, 5396, 4
matrix, 9695, 1819, 4
matrix, 9696, 7713, 3
matrix, 9697, 4096, 4
matrix, 9698, 180, 3
matrix, 9699, 1982, 4
matrix, 9700, 4750, 4
matrix, 9701, 1418, 3
matrix, 9702, 4854, 3
matrix, 9703, 5909, 3
matrix, 9704, 8212, 4
matrix, 9705, 2154, 4
matrix, 9706, 3240, 3
matrix, 9707, 5291, 4
matrix, 9708, 8923, 3
matrix, 9709, 4732, 3
matrix, 9710, 9002, 3
matrix, 9711, 4539, 4
matrix, 9712, 4142, 4
matrix, 9713, 2443, 3
matrix, 9714, 3612, 4
matrix, 9715, 9175, 3
matrix, 9716, 4205, 3
matrix, 9717, 3701, 3
matrix, 9718, 45, 3
matrix, 9719, 4068, 4
matrix, 9720, 3779, 3
matrix, 9721, 8216, 2
matrix, 9722, 9322, 3
matrix, 9723, 3255, 4
matrix, 9724, 7962, 2
matrix, 9725, 2606, 3
matrix, 9726, 232, 3
matrix, 9727, 6679, 3
matrix, 9728, 7109, 4
matrix, 9729, 6945, 4
matrix, 9730, 5714, 3
matrix, 9731, 5151, 3
matrix, 9732, 2597, 4
matrix, 9733, 3332, 3
matrix, 9734, 329, 3
matrix, 9735, 7713, 3
matrix, 9736, 9654, 3
matrix, 9737, 7183, 3
matrix, 9738, 3950, 3
matrix, 9739, 4015, 3
matrix, 9740, 5075, 3
matrix, 9741, 433, 3
matrix, 9742, 1106, 3
matrix, 9743, 696, 3
matrix, 9744, 2758, 3
matrix, 9745, 3693, 3
matrix, 9746, 9631, 3
matrix, 9747, 4060, 3
matrix, 9748, 1929, 3
matrix, 9749, 527, 3
matrix, 9750, 7958, 4
matrix, 9751, 4559, 4
matrix, 9752, 3212, 3
matrix, 9753, 7747, 4
matrix, 9754, 8347, 4
matrix, 9755, 9957, 3
matrix, 9756, 3020, 4
matrix, 9757, 2958, 3
matrix, 9758, 402, 4
matrix, 9759, 1299, 2
matrix, 9760, 9944, 3
matrix, 9761, 2202, 4
matrix, 9762, 6861, 3
matrix, 9763, 7578, 3
matrix, 9764, 3434, 3
matrix, 9765, 5509, 3
matrix, 9766, 6123, 3
matrix, 9767, 9661, 3
matrix, 9768, 9847, 3
matrix, 9769, 6411, 4
matrix, 9770, 7578, 3
matrix, 9771, 5461, 3
matrix, 9772, 12, 4
matrix, 9773, 4015, 3
matrix, 9774, 9309, 3
matrix, 9775, 2009, 4
matrix, 9776, 4703, 3
matrix, 9777, 7183, 3
matrix, 9778, 982, 4
matrix, 9779, 4167, 4
matrix, 9780, 8578, 3
matrix, 9781, 6274, 3
matrix, 9782, 963, 4
matrix, 9783, 4891, 3
matrix, 9784, 9228, 4
matrix, 9785, 114, 4
matrix, 9786, 5014, 4
matrix, 9787, 3982, 3
matrix, 9788, 9702, 4
matrix, 9789, 7270, 4
matrix, 9790, 4288, 4
matrix, 9791, 1819, 4
matrix, 9792, 7174, 4
matrix, 9793, 966, 3
matrix, 9794, 294, 3
matrix, 9795, 6715, 4
matrix, 9796, 1288, 3
matrix, 9797, 4491, 3
matrix, 9798, 8359, 3
matrix, 9799, 5874, 3
matrix, 9800, 8183, 2
matrix, 9801, 1929, 3
matrix, 9802, 9847, 3
matrix, 9803, 7980, 4
matrix, 9804, 5495, 3
matrix, 9805, 9129, 4
matrix, 9806, 3950, 3
matrix, 9807, 5884, 4
matrix, 9808, 8239, 3
matrix, 9809, 7309, 4
matrix, 9810, 8679, 3
matrix, 9811, 8555, 3
matrix, 9812, 2494, 3
matrix, 9813, 8798, 4
matrix, 9814, 2140, 4
matrix, 9815, 9322, 3
matrix, 9816, 243, 3
matrix, 9817, 5509, 3
matrix, 9818, 6019, 4
matrix, 9819, 9002, 3
matrix, 9820, 7464, 3
matrix, 9821, 1339, 4
matrix, 9822, 8389, 4
matrix, 9823, 8578, 3
matrix, 9824, 3924, 3
matrix, 9825, 7816, 3
matrix, 9826, 7106, 3
matrix, 9827, 7315, 4
matrix, 9828, 7131, 3
matrix, 9829, 3949, 4
matrix, 9830, 3460, 3
matrix, 9831, 3299, 3
matrix, 9832, 6996, 3
matrix, 9833, 9847, 3
matrix, 9834, 8378, 4
matrix, 9835, 5495, 3
matrix, 9836, 4154, 4
matrix, 9837, 2813, 3
matrix, 9838, 7033, 3
matrix, 9839, 1696, 3
matrix, 9840, 2412, 4
matrix, 9841, 2325, 3
matrix, 9842, 1707, 3
matrix, 9843, 8589, 4
matrix, 9844, 3166, 4
matrix, 9845, 2224, 3
matrix, 9846, 6257, 4
matrix, 9847, 331, 2
matrix, 9848, 2238, 3
matrix, 9849, 5000, 3
matrix, 9850, 7033, 3
matrix, 9851, 9322, 3
matrix, 9852, 5396, 4
matrix, 9853, 3097, 4
matrix, 9854, 4945, 4
matrix, 9855, 2522, 3
matrix, 9856, 7733, 3
matrix, 9857, 7898, 4
matrix, 9858, 3224, 3
matrix, 9859, 9910, 3
matrix, 9860, 2694, 4
matrix, 9861, 5681, 3
matrix, 9862, 7099, 3
matrix, 9863, 6142, 2
matrix, 9864, 6861, 3
matrix, 9865, 3354, 3
matrix, 9866, 1454, 4
matrix, 9867, 2145, 4
matrix, 9868, 207, 4
matrix, 9869, 2325, 3
matrix, 9870, 825, 3
matrix, 9871, 4854, 3
matrix, 9872, 5884, 4
matrix, 9873, 2899, 4
matrix, 9874, 504, 4
matrix, 9875, 3833, 4
matrix, 9876, 5612, 3
matrix, 9877, 9313, 4
matrix, 9878, 2352, 3
matrix, 9879, 3940, 4
matrix, 9880, 7220, 4
matrix, 9881, 2980, 3
matrix, 9882, 45, 3
matrix, 9883, 9474, 4
matrix, 9884, 7580, 4
matrix, 9885, 8406, 3
matrix, 9886, 7389, 4
matrix, 9887, 9309, 3
matrix, 9888, 2101, 4
matrix, 9889, 8834, 3
matrix, 9890, 3240, 3
matrix, 9891, 1601, 4
matrix, 9892, 5265, 3
matrix, 9893, 5083, 3
matrix, 9894, 8555, 3
matrix, 9895, 2815, 4
matrix, 9896, 6019, 4
matrix, 9897, 7783, 4
matrix, 9898, 2352, 3
matrix, 9899, 5461, 3
matrix, 9900, 8167, 3
matrix, 9901, 1908, 2
matrix, 9902, 7079, 4
matrix, 9903, 1030, 3
matrix, 9904, 5399, 4
matrix, 9905, 9586, 4
matrix, 9906, 5924, 4
matrix, 9907, 8551, 3
matrix, 9908, 5790, 4
matrix, 9909, 7375, 4
matrix, 9910, 1908, 2
matrix, 9911, 2989, 4
matrix, 9912, 4487, 3
matrix, 9913, 6357, 4
matrix, 9914, 5495, 3
matrix, 9915, 3332, 3
matrix, 9916, 2056, 4
matrix, 9917, 9252, 3
matrix, 9918, 3701, 3
matrix, 9919, 1343, 3
matrix, 9920, 9863, 3
matrix, 9921, 346, 4
matrix, 9922, 3693, 3
matrix, 9923, 7588, 4
matrix, 9924, 6718, 4
matrix, 9925, 9370, 4
matrix, 9926, 1605, 4
matrix, 9927, 4015, 3
matrix, 9928, 5320, 4
matrix, 9929, 4186, 3
matrix, 9930, 1908, 2
matrix, 9931, 2273, 4
matrix, 9932, 8315, 4
matrix, 9933, 8167, 3
matrix, 9934, 7077, 3
matrix, 9935, 3351, 4
matrix, 9936, 4770, 3
matrix, 9937, 8802, 4
matrix, 9938, 3099, 3
matrix, 9939, 6718, 4
matrix, 9940, 934, 4
matrix, 9941, 7674, 4
matrix, 9942, 3213, 4
matrix, 9943, 7077, 3
matrix, 9944, 7962, 2
matrix, 9945, 9007, 3
matrix, 9946, 5362, 4
matrix, 9947, 5509, 3
matrix, 9948, 4521, 3
matrix, 9949, 1284, 3
matrix, 9950, 7379, 3
matrix, 9951, 2224, 3
matrix, 9952, 7725, 4
matrix, 9953, 4813, 3
matrix, 9954, 1419, 3
matrix, 9955, 4828, 3
matrix, 9956, 5779, 4
matrix, 9957, 2791, 2
matrix, 9958, 7734, 4
matrix, 9959, 3701, 3
matrix, 9960, 5273, 4
matrix, 9961, 4083, 3
matrix, 9962, 1976, 3
matrix, 9963, 4345, 3
matrix, 9964, 5604, 3
matrix, 9965, 2657, 3
matrix, 9966, 2394, 4
matrix, 9967, 2056, 4
matrix, 9968, 8685, 4
matrix, 9969, 7816, 3
matrix, 9970, 5672, 3
matrix, 9971, 1698, 4
matrix, 9972, 3460, 3
matrix, 9973, 9511, 4
matrix, 9974, 6829, 4
matrix, 9975, 7023, 3
matrix, 9976, 7095, 3
matrix, 9977, 4220, 3
matrix, 9978, 5126, 3
matrix, 9979, 1929, 3
matrix, 9980, 3212, 3
matrix, 9981, 6142, 2
matrix, 9982, 9684, 3
matrix, 9983, 4196, 4
matrix, 9984, 2219, 4
matrix, 9985, 1777, 3
matrix, 9986, 9652, 4
matrix, 9987, 253, 3
matrix, 9988, 7095, 3
matrix, 9989, 4812, 4
matrix, 9990, 4614, 3
matrix, 9991, 4075, 4
matrix, 9992, 8322, 4
matrix, 9993, 2046, 4
matrix, 9994, 5541, 3
matrix, 9995, 802, 4
matrix, 9996, 1617, 3
matrix, 9997, 8239, 3
matrix, 9998, 966, 3
matrix, 9999, 1793, 4
matrix, 10000, 7438, 3
