graphName, node, parent, level
list, 1, 0, 0
list, 2, 1051, 516
list, 3, 356, 401
list, 4, 95, 36
list, 5, 975, 266
list, 6, 537, 119
list, 7, 1085, 105
list, 8, 34, 474
list, 9, 602, 186
list, 10, 709, 234
list, 11, 1288, 58
list, 12, 286, 3
list, 13, 441, 561
list, 14, 303, 312
list, 15, 1244, 884
list, 16, 795, 710
list, 17, 36, 43
list, 18, 32, 112
list, 19, 1154, 470
list, 20, 666, 383
list, 21, 1470, 1353
list, 22, 622, 527
list, 23, 1035, 423
list, 24, 1260, 835
list, 25, 171, 154
list, 26, 176, 341
list, 27, 169, 188
list, 28, 146, 1516
list, 29, 394, 436
list, 30, 86, 209
list, 31, 432, 202
list, 32, 321, 111
list, 33, 202, 525
list, 34, 150, 473
list, 35, 1466, 206
list, 36, 306, 42
list, 37, 470, 218
list, 38, 111, 290
list, 39, 514, 387
list, 40, 37, 219
list, 41, 1603, 791
list, 42, 374, 504
list, 43, 139, 227
list, 44, 467, 100
list, 45, 3550, 21
list, 46, 1644, 726
list, 47, 1087, 629
list, 48, 930, 957
list, 49, 499, 327
list, 50, 1247, 863
list, 51, 1129, 412
list, 52, 347, 159
list, 53, 869, 333
list, 54, 538, 324
list, 55, 292, 92
list, 56, 822, 421
list, 57, 165, 633
list, 58, 1304, 1649
list, 59, 143, 61
list, 60, 1626, 2053
list, 61, 2402, 1132
list, 62, 719, 31
list, 63, 2121, 2084
list, 64, 2346, 1202
list, 65, 689, 355
list, 66, 410, 331
list, 67, 797, 47
list, 68, 678, 643
list, 69, 216, 349
list, 70, 1292, 109
list, 71, 1002, 901
list, 72, 264, 40
list, 73, 1006, 656
list, 74, 1557, 464
list, 75, 589, 117
list, 76, 291, 12
list, 77, 173, 125
list, 78, 2004, 1223
list, 79, 1082, 801
list, 80, 44, 101
list, 81, 336, 308
list, 82, 435, 262
list, 83, 863, 460
list, 84, 552, 839
list, 85, 1888, 894
list, 86, 996, 208
list, 87, 920, 403
list, 88, 1588, 622
list, 89, 1231, 1311
list, 90, 2456, 907
list, 91, 39, 388
list, 92, 586, 405
list, 93, 288, 80
list, 94, 98, 19
list, 95, 201, 35
list, 96, 8, 475
list, 97, 703, 65
list, 98, 713, 18
list, 99, 1325, 1781
list, 100, 912, 277
list, 101, 198, 426
list, 102, 212, 122
list, 103, 546, 97
list, 104, 750, 548
list, 105, 2339, 556
list, 106, 758, 510
list, 107, 902, 671
list, 108, 1092, 457
list, 109, 177, 1541
list, 110, 3191, 229
list, 111, 570, 289
list, 112, 1094, 407
list, 113, 827, 713
list, 114, 254, 139
list, 115, 2104, 1075
list, 116, 1820, 156
list, 117, 1832, 558
list, 118, 1634, 729
list, 119, 818, 439
list, 120, 2137, 240
list, 121, 621, 303
list, 122, 6, 120
list, 123, 526, 292
list, 124, 1828, 396
list, 125, 989, 647
list, 126, 748, 319
list, 127, 465, 182
list, 128, 1813, 1625
list, 129, 2401, 1015
list, 130, 2075, 1543
list, 131, 898, 103
list, 132, 396, 10
list, 133, 484, 329
list, 134, 81, 309
list, 135, 721, 1364
list, 136, 2324, 566
list, 137, 311, 359
list, 138, 609, 575
list, 139, 215, 226
list, 140, 1619, 391
list, 141, 597, 251
list, 142, 387, 128
list, 143, 1492, 60
list, 144, 2510, 767
list, 145, 1965, 337
list, 146, 1257, 1515
list, 147, 5, 267
list, 148, 1, 1
list, 149, 1119, 343
list, 150, 804, 472
list, 151, 1971, 716
list, 152, 1936, 95
list, 153, 464, 448
list, 154, 2665, 1738
list, 155, 1344, 787
list, 156, 1148, 1416
list, 157, 448, 1013
list, 158, 1008, 63
list, 159, 433, 1052
list, 160, 231, 88
list, 161, 260, 5
list, 162, 904, 399
list, 163, 685, 654
list, 164, 1388, 738
list, 165, 335, 632
list, 166, 834, 485
list, 167, 1984, 1607
list, 168, 482, 543
list, 169, 9, 187
list, 170, 262, 27
list, 171, 520, 153
list, 172, 2196, 879
list, 173, 886, 124
list, 174, 296, 374
list, 175, 310, 626
list, 176, 749, 340
list, 177, 1670, 1540
list, 178, 643, 82
list, 179, 569, 221
list, 180, 301, 194
list, 181, 348, 847
list, 182, 2886, 178
list, 183, 444, 1064
list, 184, 1241, 1399
list, 185, 1267, 494
list, 186, 1712, 755
list, 187, 655, 75
list, 188, 1926, 1044
list, 189, 938, 658
list, 190, 427, 662
list, 191, 1553, 1896
list, 192, 2372, 173
list, 193, 476, 640
list, 194, 496, 523
list, 195, 18, 113
list, 196, 474, 133
list, 197, 127, 183
list, 198, 325, 425
list, 199, 161, 6
list, 200, 1594, 151
list, 201, 564, 34
list, 202, 194, 524
list, 203, 1448, 377
list, 204, 746, 275
list, 205, 807, 85
list, 206, 2058, 314
list, 207, 51, 413
list, 208, 1049, 1087
list, 209, 1378, 696
list, 210, 360, 693
list, 211, 2120, 1636
list, 212, 122, 121
list, 213, 830, 521
list, 214, 352, 259
list, 215, 536, 225
list, 216, 265, 348
list, 217, 1479, 1126
list, 218, 331, 468
list, 219, 2776, 830
list, 220, 440, 147
list, 221, 388, 23
list, 222, 91, 389
list, 223, 2399, 2063
list, 224, 297, 15
list, 225, 1265, 541
list, 226, 630, 745
list, 227, 1024, 733
list, 228, 497, 282
list, 229, 1982, 912
list, 230, 349, 757
list, 231, 1473, 87
list, 232, 1416, 479
list, 233, 575, 858
list, 234, 970, 794
list, 235, 650, 381
list, 236, 2718, 1314
list, 237, 1787, 1775
list, 238, 1326, 1536
list, 239, 392, 295
list, 240, 1047, 269
list, 241, 2692, 8
list, 242, 1020, 649
list, 243, 232, 480
list, 244, 806, 445
list, 245, 1131, 264
list, 246, 343, 69
list, 247, 517, 167
list, 248, 1751, 191
list, 249, 458, 1079
list, 250, 1614, 1038
list, 251, 593, 368
list, 252, 1387, 860
list, 253, 381, 78
list, 254, 771, 138
list, 255, 123, 293
list, 256, 221, 24
list, 257, 1089, 573
list, 258, 124, 397
list, 259, 1617, 1392
list, 260, 12, 4
list, 261, 79, 802
list, 262, 553, 26
list, 263, 858, 242
list, 264, 450, 39
list, 265, 702, 347
list, 266, 1079, 535
list, 267, 207, 414
list, 268, 742, 518
list, 269, 946, 799
list, 270, 246, 70
list, 271, 195, 114
list, 272, 659, 854
list, 273, 77, 126
list, 274, 528, 443
list, 275, 174, 375
list, 276, 228, 283
list, 277, 414, 196
list, 278, 375, 322
list, 279, 2064, 1305
list, 280, 1913, 1665
list, 281, 197, 184
list, 282, 1989, 1474
list, 283, 1042, 285
list, 284, 4080, 3258
list, 285, 1613, 1185
list, 286, 148, 2
list, 287, 896, 539
list, 288, 253, 79
list, 289, 1174, 964
list, 290, 832, 578
list, 291, 132, 11
list, 292, 686, 91
list, 293, 357, 784
list, 294, 337, 55
list, 295, 203, 378
list, 296, 979, 373
list, 297, 899, 14
list, 298, 85, 895
list, 299, 662, 497
list, 300, 294, 56
list, 301, 847, 193
list, 302, 1214, 1004
list, 303, 491, 311
list, 304, 361, 45
list, 305, 368, 652
list, 306, 72, 41
list, 307, 2161, 1821
list, 308, 960, 1193
list, 309, 41, 792
list, 310, 466, 625
list, 311, 762, 358
list, 312, 473, 687
list, 313, 1681, 2575
list, 314, 355, 180
list, 315, 1437, 571
list, 316, 917, 1166
list, 317, 773, 169
list, 318, 943, 616
list, 319, 1688, 2836
list, 320, 1361, 778
list, 321, 70, 110
list, 322, 138, 576
list, 323, 910, 930
list, 324, 1064, 610
list, 325, 23, 424
list, 326, 2037, 1437
list, 327, 358, 489
list, 328, 324, 611
list, 329, 1209, 551
list, 330, 1285, 1231
list, 331, 382, 467
list, 332, 110, 230
list, 333, 1581, 750
list, 334, 1365, 816
list, 335, 1033, 631
list, 336, 574, 307
list, 337, 439, 54
list, 338, 2644, 595
list, 339, 549, 506
list, 340, 1556, 249
list, 341, 954, 1156
list, 342, 1105, 970
list, 343, 1032, 68
list, 344, 112, 408
list, 345, 1058, 212
list, 346, 119, 440
list, 347, 959, 158
list, 348, 1284, 846
list, 349, 186, 756
list, 350, 1637, 1501
list, 351, 984, 143
list, 352, 805, 258
list, 353, 153, 449
list, 354, 576, 537
list, 355, 182, 179
list, 356, 162, 400
list, 357, 1019, 783
list, 358, 646, 488
list, 359, 1709, 890
list, 360, 1781, 692
list, 361, 17, 44
list, 362, 567, 199
list, 363, 539, 365
list, 364, 892, 707
list, 365, 845, 876
list, 366, 239, 296
list, 367, 1368, 928
list, 368, 1373, 651
list, 369, 922, 161
list, 370, 1135, 1357
list, 371, 452, 1366
list, 372, 1958, 1555
list, 373, 417, 677
list, 374, 1287, 503
list, 375, 1239, 321
list, 376, 363, 366
list, 377, 250, 1039
list, 378, 1469, 1058
list, 379, 24, 836
list, 380, 839, 299
list, 381, 764, 77
list, 382, 1115, 466
list, 383, 603, 683
list, 384, 1408, 1282
list, 385, 1938, 1765
list, 386, 780, 701
list, 387, 273, 127
list, 388, 45, 22
list, 389, 641, 843
list, 390, 2816, 1163
list, 391, 1300, 272
list, 392, 255, 294
list, 393, 2205, 370
list, 394, 767, 435
list, 395, 2584, 740
list, 396, 241, 9
list, 397, 1160, 719
list, 398, 1871, 1814
list, 399, 1517, 136
list, 400, 391, 273
list, 401, 351, 144
list, 402, 651, 988
list, 403, 2029, 774
list, 404, 1053, 483
list, 405, 2478, 1472
list, 406, 4, 37
list, 407, 1500, 1263
list, 408, 1081, 1195
list, 409, 2423, 813
list, 410, 133, 330
list, 411, 1611, 919
list, 412, 2810, 804
list, 413, 1198, 1246
list, 414, 180, 195
list, 415, 2783, 1449
list, 416, 1141, 939
list, 417, 731, 676
list, 418, 516, 256
list, 419, 993, 1212
list, 420, 271, 115
list, 421, 623, 165
list, 422, 178, 83
list, 423, 953, 922
list, 424, 2529, 2474
list, 425, 181, 848
list, 426, 1116, 899
list, 427, 1767, 661
list, 428, 2265, 587
list, 429, 2032, 1260
list, 430, 369, 162
list, 431, 1276, 363
list, 432, 1400, 201
list, 433, 1367, 1051
list, 434, 214, 260
list, 435, 434, 261
list, 436, 397, 720
list, 437, 611, 568
list, 438, 1293, 546
list, 439, 2023, 53
list, 440, 463, 146
list, 441, 634, 560
list, 442, 1322, 999
list, 443, 1371, 1562
list, 444, 582, 1063
list, 445, 1003, 1114
list, 446, 68, 644
list, 447, 876, 232
list, 448, 1451, 1012
list, 449, 670, 699
list, 450, 406, 38
list, 451, 267, 415
list, 452, 135, 1365
list, 453, 455, 635
list, 454, 1895, 1685
list, 455, 57, 634
list, 456, 478, 1505
list, 457, 365, 877
list, 458, 2169, 1078
list, 459, 2321, 933
list, 460, 1150, 1020
list, 461, 53, 334
list, 462, 389, 844
list, 463, 401, 145
list, 464, 1037, 447
list, 465, 314, 181
list, 466, 1004, 624
list, 467, 978, 99
list, 468, 1393, 1324
list, 469, 668, 723
list, 470, 534, 217
list, 471, 712, 393
list, 472, 955, 589
list, 473, 1271, 686
list, 474, 885, 132
list, 475, 600, 666
list, 476, 1068, 639
list, 477, 30, 210
list, 478, 1987, 1504
list, 479, 1104, 1105
list, 480, 118, 730
list, 481, 295, 379
list, 482, 225, 542
list, 483, 299, 498
list, 484, 49, 328
list, 485, 1230, 215
list, 486, 277, 197
list, 487, 84, 840
list, 488, 573, 1042
list, 489, 660, 681
list, 490, 1453, 1638
list, 491, 134, 310
list, 492, 1208, 72
list, 493, 724, 826
list, 494, 698, 317
list, 495, 1846, 1972
list, 496, 213, 522
list, 497, 1465, 281
list, 498, 761, 175
list, 499, 1572, 326
list, 500, 590, 1054
list, 501, 1128, 1280
list, 502, 915, 1084
list, 503, 100, 278
list, 504, 663, 1344
list, 505, 782, 753
list, 506, 907, 429
list, 507, 208, 1088
list, 508, 1621, 1237
list, 509, 737, 254
list, 510, 772, 905
list, 511, 1710, 1404
list, 512, 339, 507
list, 513, 1102, 513
list, 514, 1802, 386
list, 515, 1323, 1794
list, 516, 509, 255
list, 517, 421, 166
list, 518, 620, 501
list, 519, 1355, 1985
list, 520, 200, 152
list, 521, 675, 237
list, 522, 2361, 1253
list, 523, 71, 902
list, 524, 1600, 1708
list, 525, 950, 597
list, 526, 38, 291
list, 527, 941, 868
list, 528, 1778, 442
list, 529, 1424, 1320
list, 530, 1488, 1116
list, 531, 1144, 1954
list, 532, 154, 1739
list, 533, 175, 627
list, 534, 485, 216
list, 535, 46, 727
list, 536, 1029, 224
list, 537, 75, 118
list, 538, 278, 323
list, 539, 431, 364
list, 540, 665, 130
list, 541, 379, 837
list, 542, 1482, 941
list, 543, 2264, 618
list, 544, 329, 552
list, 545, 1461, 972
list, 546, 152, 96
list, 547, 1274, 991
list, 548, 550, 1852
list, 549, 42, 505
list, 550, 1891, 1851
list, 551, 67, 48
list, 552, 541, 838
list, 553, 256, 25
list, 554, 1264, 1445
list, 555, 647, 762
list, 556, 472, 590
list, 557, 565, 736
list, 558, 808, 796
list, 559, 594, 345
list, 560, 661, 743
list, 561, 469, 724
list, 562, 694, 353
list, 563, 1063, 532
list, 564, 687, 33
list, 565, 638, 735
list, 566, 527, 869
list, 567, 486, 198
list, 568, 3913, 1798
list, 569, 40, 220
list, 570, 1015, 288
list, 571, 637, 822
list, 572, 690, 961
list, 573, 757, 1041
list, 574, 951, 306
list, 575, 977, 857
list, 576, 266, 536
list, 577, 373, 678
list, 578, 774, 690
list, 579, 842, 819
list, 580, 1865, 1424
list, 581, 3578, 781
list, 582, 1566, 1062
list, 583, 2559, 1934
list, 584, 1056, 764
list, 585, 2166, 1145
list, 586, 87, 404
list, 587, 2432, 1457
list, 588, 1861, 2294
list, 589, 420, 116
list, 590, 159, 1053
list, 591, 2090, 1641
list, 592, 1067, 1338
list, 593, 376, 367
list, 594, 149, 344
list, 595, 1797, 946
list, 596, 756, 607
list, 597, 340, 250
list, 598, 1173, 1397
list, 599, 558, 797
list, 600, 1216, 665
list, 601, 1789, 1960
list, 602, 281, 185
list, 603, 489, 682
list, 604, 2189, 1478
list, 605, 1935, 1947
list, 606, 947, 602
list, 607, 2623, 1492
list, 608, 3020, 2222
list, 609, 257, 574
list, 610, 755, 1030
list, 611, 136, 567
list, 612, 2153, 2147
list, 613, 3878, 2335
list, 614, 249, 1080
list, 615, 453, 636
list, 616, 691, 51
list, 617, 189, 659
list, 618, 759, 1848
list, 619, 2861, 141
list, 620, 2073, 500
list, 621, 1363, 302
list, 622, 33, 526
list, 623, 1114, 164
list, 624, 129, 1016
list, 625, 1723, 1705
list, 626, 1497, 1610
list, 627, 684, 529
list, 628, 471, 394
list, 629, 1398, 1627
list, 630, 560, 744
list, 631, 437, 569
list, 632, 697, 1234
list, 633, 344, 409
list, 634, 117, 559
list, 635, 31, 203
list, 636, 2719, 2583
list, 637, 1454, 821
list, 638, 227, 734
list, 639, 4416, 1187
list, 640, 28, 1517
list, 641, 1427, 842
list, 642, 584, 765
list, 643, 93, 81
list, 644, 1219, 1241
list, 645, 1726, 1533
list, 646, 1146, 487
list, 647, 927, 761
list, 648, 1076, 1207
list, 649, 763, 882
list, 650, 481, 380
list, 651, 1339, 987
list, 652, 1501, 1294
list, 653, 1539, 1205
list, 654, 280, 1666
list, 655, 752, 74
list, 656, 2572, 1646
list, 657, 607, 1493
list, 658, 1379, 852
list, 659, 658, 853
list, 660, 695, 680
list, 661, 1743, 742
list, 662, 972, 496
list, 663, 733, 1343
list, 664, 1683, 1178
list, 665, 142, 129
list, 666, 235, 382
list, 667, 168, 544
list, 668, 903, 722
list, 669, 729, 915
list, 670, 674, 698
list, 671, 2800, 1678
list, 672, 1366, 959
list, 673, 1518, 582
list, 674, 209, 697
list, 675, 1215, 236
list, 676, 958, 865
list, 677, 151, 717
list, 678, 1030, 642
list, 679, 2475, 1996
list, 680, 944, 605
list, 681, 1272, 810
list, 682, 1046, 1141
list, 683, 857, 1172
list, 684, 22, 528
list, 685, 305, 653
list, 686, 1077, 90
list, 687, 62, 32
list, 688, 137, 360
list, 689, 562, 354
list, 690, 672, 960
list, 691, 906, 50
list, 692, 1740, 1855
list, 693, 2818, 2385
list, 694, 799, 352
list, 695, 577, 679
list, 696, 312, 688
list, 697, 1057, 1233
list, 698, 800, 316
list, 699, 2078, 1272
list, 700, 849, 451
list, 701, 317, 170
list, 702, 559, 346
list, 703, 158, 64
list, 704, 542, 942
list, 705, 226, 746
list, 706, 929, 1455
list, 707, 894, 613
list, 708, 999, 759
list, 709, 447, 233
list, 710, 676, 866
list, 711, 1962, 2765
list, 712, 140, 392
list, 713, 1093, 17
list, 714, 1759, 1121
list, 715, 824, 993
list, 716, 1186, 2030
list, 717, 345, 213
list, 718, 1350, 1097
list, 719, 2493, 30
list, 720, 2134, 772
list, 721, 1933, 1363
list, 722, 2093, 1926
list, 723, 1901, 453
list, 724, 1700, 825
list, 725, 196, 134
list, 726, 673, 583
list, 727, 890, 1069
list, 728, 1317, 1369
list, 729, 1685, 914
list, 730, 1532, 1028
list, 731, 1179, 675
list, 732, 1477, 1467
list, 733, 1225, 1342
list, 734, 7, 106
list, 735, 96, 476
list, 736, 172, 880
list, 737, 747, 253
list, 738, 2077, 1440
list, 739, 1238, 1161
list, 740, 2948, 3026
list, 741, 55, 93
list, 742, 2, 517
list, 743, 556, 591
list, 744, 1171, 1216
list, 745, 384, 1283
list, 746, 400, 274
list, 747, 141, 252
list, 748, 494, 318
list, 749, 1211, 339
list, 750, 438, 547
list, 751, 1195, 1150
list, 752, 492, 73
list, 753, 932, 462
list, 754, 2208, 1886
list, 755, 730, 1029
list, 756, 680, 606
list, 757, 377, 1040
list, 758, 3685, 509
list, 759, 1706, 1847
list, 760, 475, 667
list, 761, 192, 174
list, 762, 878, 357
list, 763, 736, 881
list, 764, 187, 76
list, 765, 1809, 1266
list, 766, 1825, 1129
list, 767, 1579, 434
list, 768, 1061, 417
list, 769, 1967, 1199
list, 770, 1147, 1355
list, 771, 399, 137
list, 772, 1113, 904
list, 773, 247, 168
list, 774, 696, 689
list, 775, 2643, 2228
list, 776, 326, 1438
list, 777, 1330, 669
list, 778, 2845, 1225
list, 779, 571, 823
list, 780, 449, 700
list, 781, 2177, 2306
list, 782, 2002, 752
list, 783, 880, 980
list, 784, 1163, 1035
list, 785, 701, 171
list, 786, 170, 28
list, 787, 2676, 1732
list, 788, 1467, 948
list, 789, 831, 247
list, 790, 1639, 1221
list, 791, 723, 454
list, 792, 1278, 1008
list, 793, 1432, 1018
list, 794, 1259, 673
list, 795, 868, 709
list, 796, 2396, 1819
list, 797, 304, 46
list, 798, 1484, 1586
list, 799, 881, 351
list, 800, 206, 315
list, 801, 461, 335
list, 802, 386, 702
list, 803, 2246, 2484
list, 804, 19, 471
list, 805, 418, 257
list, 806, 274, 444
list, 807, 422, 84
list, 808, 234, 795
list, 809, 1959, 2435
list, 810, 101, 427
list, 811, 429, 1261
list, 812, 1376, 967
list, 813, 2601, 2593
list, 814, 1563, 1451
list, 815, 1184, 1379
list, 816, 1098, 1082
list, 817, 1970, 1673
list, 818, 1038, 438
list, 819, 2526, 1791
list, 820, 4066, 1874
list, 821, 1234, 909
list, 822, 2279, 420
list, 823, 855, 1001
list, 824, 547, 992
list, 825, 1249, 1426
list, 826, 3341, 1978
list, 827, 1078, 712
list, 828, 64, 1203
list, 829, 290, 579
list, 830, 1810, 520
list, 831, 1205, 246
list, 832, 322, 577
list, 833, 1101, 1512
list, 834, 404, 484
list, 835, 1823, 1581
list, 836, 2436, 2277
list, 837, 1598, 1615
list, 838, 2156, 1430
list, 839, 1021, 298
list, 840, 1109, 1631
list, 841, 1254, 600
list, 842, 1438, 818
list, 843, 409, 814
list, 844, 596, 608
list, 845, 1554, 875
list, 846, 1382, 1219
list, 847, 248, 192
list, 848, 1910, 1373
list, 849, 353, 450
list, 850, 1844, 1153
list, 851, 503, 279
list, 852, 901, 770
list, 853, 1433, 1108
list, 854, 2876, 1249
list, 855, 442, 1000
list, 856, 792, 1009
list, 857, 923, 1171
list, 858, 120, 241
list, 859, 2395, 2015
list, 860, 2049, 977
list, 861, 937, 1420
list, 862, 106, 511
list, 863, 1096, 459
list, 864, 1996, 1497
list, 865, 1903, 807
list, 866, 2514, 1712
list, 867, 2065, 1359
list, 868, 364, 708
list, 869, 66, 332
list, 870, 986, 955
list, 871, 1866, 1274
list, 872, 1329, 1025
list, 873, 1596, 2783
list, 874, 949, 1656
list, 875, 27, 189
list, 876, 332, 231
list, 877, 2103, 2091
list, 878, 65, 356
list, 879, 640, 1518
list, 880, 1145, 979
list, 881, 69, 350
list, 882, 1335, 1523
list, 883, 1152, 1567
list, 884, 1172, 1527
list, 885, 540, 131
list, 886, 102, 123
list, 887, 3141, 149
list, 888, 1164, 1383
list, 889, 664, 1179
list, 890, 1354, 1068
list, 891, 1295, 1836
list, 892, 2106, 706
list, 893, 167, 1608
list, 894, 328, 612
list, 895, 2716, 1801
list, 896, 354, 538
list, 897, 2111, 1510
list, 898, 80, 102
list, 899, 76, 13
list, 900, 2096, 2521
list, 901, 1435, 769
list, 902, 777, 670
list, 903, 436, 721
list, 904, 258, 398
list, 905, 2027, 1720
list, 906, 551, 49
list, 907, 810, 428
list, 908, 853, 1109
list, 909, 1662, 1602
list, 910, 367, 929
list, 911, 1812, 984
list, 912, 204, 276
list, 913, 1548, 244
list, 914, 121, 304
list, 915, 816, 1083
list, 916, 974, 1033
list, 917, 1674, 1165
list, 918, 1457, 1654
list, 919, 840, 1632
list, 920, 3, 402
list, 921, 341, 1157
list, 922, 52, 160
list, 923, 1018, 1170
list, 924, 104, 549
list, 925, 2677, 1617
list, 926, 320, 779
list, 927, 708, 760
list, 928, 1733, 1613
list, 929, 1555, 1454
list, 930, 870, 956
list, 931, 2785, 2523
list, 932, 83, 461
list, 933, 1503, 1335
list, 934, 2767, 1046
list, 935, 1642, 1111
list, 936, 2277, 2667
list, 937, 1218, 1419
list, 938, 73, 657
list, 939, 2256, 1268
list, 940, 727, 1070
list, 941, 710, 867
list, 942, 3680, 1278
list, 943, 1073, 615
list, 944, 2390, 604
list, 945, 2184, 2235
list, 946, 599, 798
list, 947, 841, 601
list, 948, 1748, 2620
list, 949, 918, 1655
list, 950, 338, 596
list, 951, 914, 305
list, 952, 2906, 1727
list, 953, 1156, 921
list, 954, 1635, 1155
list, 955, 428, 588
list, 956, 865, 808
list, 957, 2562, 1951
list, 958, 50, 864
list, 959, 116, 157
list, 960, 1838, 1192
list, 961, 2404, 2519
list, 962, 1944, 1291
list, 963, 1722, 1529
list, 964, 1821, 2057
list, 965, 1584, 1620
list, 966, 2030, 1725
list, 967, 2300, 1906
list, 968, 633, 410
list, 969, 1206, 1699
list, 970, 309, 793
list, 971, 788, 949
list, 972, 185, 495
list, 973, 1650, 1634
list, 974, 1321, 1032
list, 975, 245, 265
list, 976, 2379, 1716
list, 977, 1213, 856
list, 978, 103, 98
list, 979, 1623, 372
list, 980, 1283, 1091
list, 981, 2503, 1210
list, 982, 1258, 982
list, 983, 1529, 1411
list, 984, 619, 142
list, 985, 933, 1336
list, 986, 1125, 954
list, 987, 156, 1417
list, 988, 1882, 2111
list, 989, 1359, 646
list, 990, 1696, 1361
list, 991, 1976, 492
list, 992, 480, 731
list, 993, 981, 1211
list, 994, 1889, 432
list, 995, 2012, 1596
list, 996, 35, 207
list, 997, 645, 1534
list, 998, 1947, 1276
list, 999, 230, 758
list, 1000, 820, 1875
list, 1001, 1377, 1520
list, 1002, 426, 900
list, 1003, 1199, 1113
list, 1004, 88, 623
list, 1005, 279, 1306
list, 1006, 163, 655
list, 1007, 2320, 1723
list, 1008, 59, 62
list, 1009, 1201, 1123
list, 1010, 2373, 1878
list, 1011, 2232, 3207
list, 1012, 2898, 2009
list, 1013, 2674, 832
list, 1014, 5092, 3649
list, 1015, 1762, 287
list, 1016, 2021, 1993
list, 1017, 1689, 2538
list, 1018, 2805, 1169
list, 1019, 581, 782
list, 1020, 125, 648
list, 1021, 366, 297
list, 1022, 1013, 833
list, 1023, 1495, 1381
list, 1024, 992, 732
list, 1025, 1340, 926
list, 1026, 718, 1098
list, 1027, 61, 1133
list, 1028, 1084, 1771
list, 1029, 1568, 223
list, 1030, 193, 641
list, 1031, 1592, 828
list, 1032, 1090, 67
list, 1033, 47, 630
list, 1034, 2496, 3065
list, 1035, 56, 422
list, 1036, 1873, 1298
list, 1037, 244, 446
list, 1038, 29, 437
list, 1039, 2020, 1746
list, 1040, 2054, 1434
list, 1041, 1761, 2023
list, 1042, 276, 284
list, 1043, 1744, 924
list, 1044, 1334, 1049
list, 1045, 3469, 2916
list, 1046, 2710, 1140
list, 1047, 147, 268
list, 1048, 15, 885
list, 1049, 2688, 1086
list, 1050, 3119, 3371
list, 1051, 1127, 515
list, 1052, 1091, 1309
list, 1053, 1852, 482
list, 1054, 704, 943
list, 1055, 13, 562
list, 1056, 555, 763
list, 1057, 330, 1232
list, 1058, 477, 211
list, 1059, 864, 1498
list, 1060, 1194, 1422
list, 1061, 451, 416
list, 1062, 963, 1530
list, 1063, 1342, 531
list, 1064, 844, 609
list, 1065, 2209, 1662
list, 1066, 812, 968
list, 1067, 985, 1337
list, 1068, 1850, 638
list, 1069, 1608, 1485
list, 1070, 2363, 2082
list, 1071, 1315, 1490
list, 1072, 1392, 1287
list, 1073, 707, 614
list, 1074, 563, 533
list, 1075, 522, 1254
list, 1076, 653, 1206
list, 1077, 160, 89
list, 1078, 16, 711
list, 1079, 1074, 534
list, 1080, 2113, 892
list, 1081, 308, 1194
list, 1082, 269, 800
list, 1083, 2464, 2246
list, 1084, 1757, 1770
list, 1085, 131, 104
list, 1086, 1607, 2002
list, 1087, 533, 628
list, 1088, 190, 663
list, 1089, 315, 572
list, 1090, 97, 66
list, 1091, 2236, 1308
list, 1092, 1316, 456
list, 1093, 224, 16
list, 1094, 92, 406
list, 1095, 856, 1010
list, 1096, 108, 458
list, 1097, 371, 1367
list, 1098, 614, 1081
list, 1099, 2958, 1759
list, 1100, 745, 1284
list, 1101, 897, 1511
list, 1102, 862, 512
list, 1103, 671, 1679
list, 1104, 1868, 1104
list, 1105, 1066, 969
list, 1106, 2080, 1244
list, 1107, 2114, 1893
list, 1108, 1993, 776
list, 1109, 1362, 1630
list, 1110, 2611, 2285
list, 1111, 1732, 1548
list, 1112, 1616, 1898
list, 1113, 523, 903
list, 1114, 430, 163
list, 1115, 74, 465
list, 1116, 1705, 898
list, 1117, 1462, 1623
list, 1118, 1738, 1073
list, 1119, 26, 342
list, 1120, 1273, 871
list, 1121, 1593, 1316
list, 1122, 402, 989
list, 1123, 504, 1345
list, 1124, 939, 1269
list, 1125, 1632, 953
list, 1126, 1660, 2042
list, 1127, 513, 514
list, 1128, 942, 1279
list, 1129, 968, 411
list, 1130, 2061, 2183
list, 1131, 82, 263
list, 1132, 1929, 1575
list, 1133, 1055, 563
list, 1134, 2746, 1660
list, 1135, 770, 1356
list, 1136, 456, 1506
list, 1137, 2433, 2503
list, 1138, 2841, 2964
list, 1139, 1528, 554
list, 1140, 468, 1325
list, 1141, 1256, 938
list, 1142, 238, 1537
list, 1143, 529, 1321
list, 1144, 1203, 1953
list, 1145, 860, 978
list, 1146, 166, 486
list, 1147, 21, 1354
list, 1148, 1149, 1415
list, 1149, 1314, 1414
list, 1150, 793, 1019
list, 1151, 378, 1059
list, 1152, 2424, 1566
list, 1153, 383, 684
list, 1154, 218, 469
list, 1155, 2793, 2446
list, 1156, 411, 920
list, 1157, 1604, 620
list, 1158, 1027, 1134
list, 1159, 823, 1002
list, 1160, 677, 718
list, 1161, 980, 1092
list, 1162, 821, 910
list, 1163, 916, 1034
list, 1164, 1023, 1382
list, 1165, 1374, 1982
list, 1166, 681, 811
list, 1167, 4026, 2599
list, 1168, 683, 1173
list, 1169, 2825, 3503
list, 1170, 2071, 2219
list, 1171, 2755, 1215
list, 1172, 1413, 1526
list, 1173, 2796, 1396
list, 1174, 2685, 963
list, 1175, 3349, 2159
list, 1176, 1352, 1318
list, 1177, 1980, 2409
list, 1178, 1384, 2069
list, 1179, 794, 674
list, 1180, 1730, 1749
list, 1181, 817, 1674
list, 1182, 2227, 1546
list, 1183, 3363, 1908
list, 1184, 1884, 1378
list, 1185, 2009, 974
list, 1186, 1879, 2029
list, 1187, 1143, 1322
list, 1188, 1054, 944
list, 1189, 940, 1071
list, 1190, 635, 204
list, 1191, 604, 1479
list, 1192, 705, 747
list, 1193, 2967, 1386
list, 1194, 861, 1421
list, 1195, 1458, 1149
list, 1196, 2003, 2996
list, 1197, 1590, 2101
list, 1198, 1106, 1245
list, 1199, 935, 1112
list, 1200, 1995, 1599
list, 1201, 714, 1122
list, 1202, 2095, 1327
list, 1203, 957, 1952
list, 1204, 1890, 2059
list, 1205, 913, 245
list, 1206, 2191, 1698
list, 1207, 1806, 1974
list, 1208, 270, 71
list, 1209, 924, 550
list, 1210, 2150, 1690
list, 1211, 145, 338
list, 1212, 2636, 2137
list, 1213, 272, 855
list, 1214, 1159, 1003
list, 1215, 10, 235
list, 1216, 1088, 664
list, 1217, 1880, 585
list, 1218, 987, 1418
list, 1219, 2521, 1240
list, 1220, 829, 580
list, 1221, 2014, 1464
list, 1222, 3048, 1376
list, 1223, 688, 361
list, 1224, 2110, 1729
list, 1225, 1694, 1341
list, 1226, 3368, 1940
list, 1227, 2051, 1920
list, 1228, 639, 1188
list, 1229, 2086, 1694
list, 1230, 717, 214
list, 1231, 1052, 1310
list, 1232, 744, 1217
list, 1233, 511, 1405
list, 1234, 90, 908
list, 1235, 1954, 2150
list, 1236, 2348, 2061
list, 1237, 4143, 2642
list, 1238, 2563, 1160
list, 1239, 126, 320
list, 1240, 530, 1117
list, 1241, 598, 1398
list, 1242, 1290, 935
list, 1243, 1615, 1918
list, 1244, 649, 883
list, 1245, 1824, 1175
list, 1246, 1878, 2606
list, 1247, 1605, 862
list, 1248, 2342, 2396
list, 1249, 580, 1425
list, 1250, 1009, 1124
list, 1251, 223, 2064
list, 1252, 1860, 2371
list, 1253, 454, 1686
list, 1254, 1570, 599
list, 1255, 2183, 850
list, 1256, 1707, 937
list, 1257, 1911, 1514
list, 1258, 783, 981
list, 1259, 107, 672
list, 1260, 1022, 834
list, 1261, 1026, 1099
list, 1262, 2618, 2546
list, 1263, 4232, 3781
list, 1264, 1772, 1444
list, 1265, 287, 540
list, 1266, 183, 1065
list, 1267, 991, 493
list, 1268, 1126, 2043
list, 1269, 1405, 1183
list, 1270, 2421, 1805
list, 1271, 1153, 685
list, 1272, 956, 809
list, 1273, 566, 870
list, 1274, 1122, 990
list, 1275, 1668, 1786
list, 1276, 1223, 362
list, 1277, 1380, 1980
list, 1278, 1979, 1007
list, 1279, 2517, 1181
list, 1280, 3279, 2290
list, 1281, 479, 1106
list, 1282, 1940, 1350
list, 1283, 1297, 1090
list, 1284, 462, 845
list, 1285, 1449, 1230
list, 1286, 1887, 2438
list, 1287, 518, 502
list, 1288, 300, 57
list, 1289, 4372, 1824
list, 1290, 459, 934
list, 1291, 1327, 1937
list, 1292, 1780, 108
list, 1293, 667, 545
list, 1294, 2145, 873
list, 1295, 1422, 1835
list, 1296, 2217, 2124
list, 1297, 507, 1089
list, 1298, 1766, 1735
list, 1299, 2325, 1573
list, 1300, 1853, 271
list, 1301, 1680, 2347
list, 1302, 506, 430
list, 1303, 874, 1657
list, 1304, 1425, 1648
list, 1305, 2212, 2747
list, 1306, 2119, 2242
list, 1307, 398, 1815
list, 1308, 1530, 995
list, 1309, 2133, 1402
list, 1310, 2507, 1844
list, 1311, 1531, 1481
list, 1312, 1112, 1899
list, 1313, 728, 1370
list, 1314, 1633, 1413
list, 1315, 1799, 1489
list, 1316, 791, 455
list, 1317, 1097, 1368
list, 1318, 2258, 2433
list, 1319, 2112, 2175
list, 1320, 2508, 1095
list, 1321, 610, 1031
list, 1322, 1876, 998
list, 1323, 2288, 1793
list, 1324, 743, 592
list, 1325, 1739, 1780
list, 1326, 997, 1535
list, 1327, 2789, 1936
list, 1328, 3745, 3331
list, 1329, 1728, 1024
list, 1330, 760, 668
list, 1331, 682, 1142
list, 1332, 2329, 917
list, 1333, 1370, 1256
list, 1334, 1900, 1048
list, 1335, 1863, 1522
list, 1336, 2740, 1910
list, 1337, 1741, 1778
list, 1338, 1578, 1588
list, 1339, 1841, 986
list, 1340, 1043, 925
list, 1341, 1235, 2151
list, 1342, 627, 530
list, 1343, 872, 1026
list, 1344, 1620, 786
list, 1345, 2036, 1460
list, 1346, 965, 1621
list, 1347, 802, 703
list, 1348, 1207, 1975
list, 1349, 2460, 2226
list, 1350, 1320, 1096
list, 1351, 1526, 1408
list, 1352, 1121, 1317
list, 1353, 2282, 1696
list, 1354, 1815, 1067
list, 1355, 3771, 1984
list, 1356, 407, 1264
list, 1357, 1440, 1604
list, 1358, 2924, 2382
list, 1359, 446, 645
list, 1360, 2117, 2075
list, 1361, 1108, 777
list, 1362, 3439, 1629
list, 1363, 1776, 301
list, 1364, 1099, 1760
list, 1365, 843, 815
list, 1366, 48, 958
list, 1367, 1044, 1050
list, 1368, 1025, 927
list, 1369, 751, 1151
list, 1370, 1075, 1255
list, 1371, 1716, 1561
list, 1372, 2480, 2119
list, 1373, 242, 650
list, 1374, 1277, 1981
list, 1375, 1952, 1768
list, 1376, 1428, 966
list, 1377, 879, 1519
list, 1378, 1602, 695
list, 1379, 1255, 851
list, 1380, 826, 1979
list, 1381, 2262, 2296
list, 1382, 1232, 1218
list, 1383, 3436, 2454
list, 1384, 1915, 2068
list, 1385, 2540, 2095
list, 1386, 1307, 1816
list, 1387, 233, 859
list, 1388, 557, 737
list, 1389, 1228, 1189
list, 1390, 1136, 1507
list, 1391, 1313, 1371
list, 1392, 2630, 1286
list, 1393, 1187, 1323
list, 1394, 2817, 1578
list, 1395, 1394, 1579
list, 1396, 1045, 2917
list, 1397, 1746, 1558
list, 1398, 128, 1626
list, 1399, 3051, 2549
list, 1400, 362, 200
list, 1401, 2699, 3400
list, 1402, 2589, 1858
list, 1403, 1513, 1483
list, 1404, 1280, 2291
list, 1405, 1279, 1182
list, 1406, 3067, 1390
list, 1407, 1629, 2034
list, 1408, 501, 1281
list, 1409, 2569, 2551
list, 1410, 1946, 1962
list, 1411, 2318, 1692
list, 1412, 1945, 1867
list, 1413, 1737, 1525
list, 1414, 1036, 1299
list, 1415, 1289, 1825
list, 1416, 2763, 478
list, 1417, 2317, 2376
list, 1418, 3327, 1583
list, 1419, 1436, 2170
list, 1420, 2445, 2011
list, 1421, 2535, 2804
list, 1422, 1520, 1834
list, 1423, 1275, 1787
list, 1424, 1176, 1319
list, 1425, 656, 1647
list, 1426, 1347, 704
list, 1427, 487, 841
list, 1428, 289, 965
list, 1429, 2745, 1990
list, 1430, 2597, 1670
list, 1431, 302, 1005
list, 1432, 624, 1017
list, 1433, 1281, 1107
list, 1434, 508, 1238
list, 1435, 144, 768
list, 1436, 2393, 2169
list, 1437, 631, 570
list, 1438, 334, 817
list, 1439, 971, 950
list, 1440, 909, 1603
list, 1441, 883, 1568
list, 1442, 2352, 2652
list, 1443, 3130, 3683
list, 1444, 2284, 2692
list, 1445, 2671, 1924
list, 1446, 2082, 1652
list, 1447, 3337, 2144
list, 1448, 275, 376
list, 1449, 1450, 1229
list, 1450, 1538, 1228
list, 1451, 1095, 1011
list, 1452, 1221, 1465
list, 1453, 211, 1637
list, 1454, 579, 820
list, 1455, 3356, 2876
list, 1456, 3298, 1901
list, 1457, 1446, 1653
list, 1458, 1702, 1148
list, 1459, 1540, 1119
list, 1460, 1331, 1143
list, 1461, 342, 971
list, 1462, 1346, 1622
list, 1463, 1261, 1100
list, 1464, 778, 1226
list, 1465, 851, 280
list, 1466, 1190, 205
list, 1467, 595, 947
list, 1468, 5478, 2885
list, 1469, 2872, 1057
list, 1470, 1769, 1352
list, 1471, 385, 1766
list, 1472, 1333, 1257
list, 1473, 205, 86
list, 1474, 1319, 2176
list, 1475, 2970, 3115
list, 1476, 2338, 1447
list, 1477, 1452, 1466
list, 1478, 1974, 1703
list, 1479, 1250, 1125
list, 1480, 905, 1721
list, 1481, 327, 490
list, 1482, 416, 940
list, 1483, 888, 1384
list, 1484, 1657, 1585
list, 1485, 3087, 2108
list, 1486, 1547, 1550
list, 1487, 89, 1312
list, 1488, 445, 1115
list, 1489, 632, 1235
list, 1490, 1348, 1976
list, 1491, 2977, 2514
list, 1492, 11, 59
list, 1493, 2398, 1744
list, 1494, 2026, 2013
list, 1495, 815, 1380
list, 1496, 814, 1452
list, 1497, 893, 1609
list, 1498, 648, 1208
list, 1499, 2663, 2141
list, 1500, 811, 1262
list, 1501, 1870, 1293
list, 1502, 1226, 1941
list, 1503, 1541, 1334
list, 1504, 2485, 1347
list, 1505, 2275, 2203
list, 1506, 1181, 1675
list, 1507, 2068, 1956
list, 1508, 2388, 2192
list, 1509, 2798, 2905
list, 1510, 2141, 2165
list, 1511, 2538, 2122
list, 1512, 1898, 1594
list, 1513, 1311, 1482
list, 1514, 1859, 1102
list, 1515, 2234, 3202
list, 1516, 2690, 2817
list, 1517, 725, 135
list, 1518, 1220, 581
list, 1519, 1324, 593
list, 1520, 1948, 1833
list, 1521, 1543, 2135
list, 1522, 1185, 975
list, 1523, 2273, 2049
list, 1524, 1000, 1876
list, 1525, 2229, 2373
list, 1526, 2414, 1407
list, 1527, 1505, 2204
list, 1528, 544, 553
list, 1529, 1664, 1410
list, 1530, 715, 994
list, 1531, 1191, 1480
list, 1532, 1343, 1027
list, 1533, 738, 1441
list, 1534, 3558, 1751
list, 1535, 3041, 2489
list, 1536, 1693, 2264
list, 1537, 1848, 1903
list, 1538, 1464, 1227
list, 1539, 828, 1204
list, 1540, 1240, 1118
list, 1541, 1580, 1333
list, 1542, 2289, 1944
list, 1543, 1671, 2134
list, 1544, 2599, 2099
list, 1545, 184, 1400
list, 1546, 2081, 1889
list, 1547, 1111, 1549
list, 1548, 263, 243
list, 1549, 1713, 2214
list, 1550, 1790, 2499
list, 1551, 5680, 3904
list, 1552, 1950, 2739
list, 1553, 2057, 1895
list, 1554, 1294, 874
list, 1555, 1496, 1453
list, 1556, 789, 248
list, 1557, 753, 463
list, 1558, 1886, 2980
list, 1559, 2626, 1137
list, 1560, 4819, 3321
list, 1561, 1676, 1564
list, 1562, 838, 1431
list, 1563, 415, 1450
list, 1564, 2170, 1762
list, 1565, 2462, 2528
list, 1566, 3137, 1061
list, 1567, 1197, 2102
list, 1568, 179, 222
list, 1569, 113, 714
list, 1570, 525, 598
list, 1571, 1523, 2050
list, 1572, 54, 325
list, 1573, 716, 2031
list, 1574, 2712, 2671
list, 1575, 2555, 2324
list, 1576, 350, 1502
list, 1577, 3662, 2350
list, 1578, 798, 1587
list, 1579, 994, 433
list, 1580, 1587, 1332
list, 1581, 1851, 749
list, 1582, 657, 1494
list, 1583, 4688, 4252
list, 1584, 1686, 1619
list, 1585, 1896, 2114
list, 1586, 524, 1709
list, 1587, 2007, 1331
list, 1588, 1157, 621
list, 1589, 2028, 2301
list, 1590, 1544, 2100
list, 1591, 2476, 1469
list, 1592, 493, 827
list, 1593, 236, 1315
list, 1594, 887, 150
list, 1595, 1132, 1576
list, 1596, 2367, 2782
list, 1597, 3465, 2154
list, 1598, 928, 1614
list, 1599, 3530, 2680
list, 1600, 1690, 1707
list, 1601, 1202, 1328
list, 1602, 210, 694
list, 1603, 1682, 790
list, 1604, 543, 619
list, 1605, 252, 861
list, 1606, 1534, 1752
list, 1607, 1920, 2001
list, 1608, 1403, 1484
list, 1609, 3255, 2725
list, 1610, 693, 2386
list, 1611, 1332, 918
list, 1612, 2186, 2268
list, 1613, 1269, 1184
list, 1614, 2098, 1037
list, 1615, 1658, 1917
list, 1616, 191, 1897
list, 1617, 1406, 1391
list, 1618, 2497, 3008
list, 1619, 222, 390
list, 1620, 293, 785
list, 1621, 1489, 1236
list, 1622, 3479, 2163
list, 1623, 393, 371
list, 1624, 2383, 2279
list, 1625, 1161, 1093
list, 1626, 1663, 2052
list, 1627, 3616, 2710
list, 1628, 1894, 2531
list, 1629, 2454, 2033
list, 1630, 3392, 3182
list, 1631, 3338, 2937
list, 1632, 1655, 952
list, 1633, 983, 1412
list, 1634, 535, 728
list, 1635, 850, 1154
list, 1636, 2384, 2161
list, 1637, 1992, 1500
list, 1638, 515, 1795
list, 1639, 846, 1220
list, 1640, 2680, 3097
list, 1641, 1069, 1486
list, 1642, 908, 1110
list, 1643, 859, 2016
list, 1644, 561, 725
list, 1645, 3351, 2186
list, 1646, 2043, 2172
list, 1647, 3457, 2976
list, 1648, 1381, 2297
list, 1649, 4240, 2698
list, 1650, 919, 1633
list, 1651, 2679, 2404
list, 1652, 2613, 2612
list, 1653, 1656, 1428
list, 1654, 1902, 2200
list, 1655, 1439, 951
list, 1656, 825, 1427
list, 1657, 1418, 1584
list, 1658, 2438, 1916
list, 1659, 1831, 2367
list, 1660, 2406, 2041
list, 1661, 1665, 2581
list, 1662, 2146, 1601
list, 1663, 1571, 2051
list, 1664, 1351, 1409
list, 1665, 2952, 2580
list, 1666, 155, 788
list, 1667, 1943, 2287
list, 1668, 2069, 1785
list, 1669, 1977, 2317
list, 1670, 1817, 1539
list, 1671, 4369, 2133
list, 1672, 3823, 4731
list, 1673, 1638, 1796
list, 1674, 390, 1164
list, 1675, 2374, 1197
list, 1676, 443, 1563
list, 1677, 866, 1713
list, 1678, 1124, 1270
list, 1679, 3033, 2862
list, 1680, 2992, 2346
list, 1681, 2646, 2574
list, 1682, 1666, 789
list, 1683, 2006, 1177
list, 1684, 1941, 1296
list, 1685, 229, 913
list, 1686, 925, 1618
list, 1687, 2224, 1988
list, 1688, 4398, 2835
list, 1689, 3957, 2537
list, 1690, 625, 1706
list, 1691, 1822, 1644
list, 1692, 1677, 1714
list, 1693, 2983, 2263
list, 1694, 1763, 1340
list, 1695, 2171, 1718
list, 1696, 867, 1360
list, 1697, 2022, 1914
list, 1698, 2405, 2571
list, 1699, 2848, 2974
list, 1700, 779, 824
list, 1701, 3273, 3056
list, 1702, 2824, 1147
list, 1703, 1601, 1329
list, 1704, 2516, 2464
list, 1705, 1961, 897
list, 1706, 1765, 1846
list, 1707, 1242, 936
list, 1708, 2631, 2196
list, 1709, 1997, 889
list, 1710, 1309, 1403
list, 1711, 2426, 1301
list, 1712, 505, 754
list, 1713, 2748, 2213
list, 1714, 1010, 1879
list, 1715, 848, 1374
list, 1716, 2703, 1560
list, 1717, 2830, 1930
list, 1718, 3475, 1932
list, 1719, 1754, 2039
list, 1720, 2278, 2590
list, 1721, 2928, 2259
list, 1722, 884, 1528
list, 1723, 1478, 1704
list, 1724, 490, 1639
list, 1725, 2033, 1969
list, 1726, 2148, 1532
list, 1727, 2355, 2426
list, 1728, 2070, 1023
list, 1729, 1041, 2024
list, 1730, 2616, 1748
list, 1731, 3216, 3484
list, 1732, 1182, 1547
list, 1733, 2592, 1612
list, 1734, 711, 2766
list, 1735, 1345, 1461
list, 1736, 644, 1242
list, 1737, 882, 1524
list, 1738, 1189, 1072
list, 1739, 1337, 1779
list, 1740, 2933, 1854
list, 1741, 2943, 1777
list, 1742, 1792, 2344
list, 1743, 395, 741
list, 1744, 423, 923
list, 1745, 1750, 2180
list, 1746, 1924, 1557
list, 1747, 2319, 1681
list, 1748, 3060, 2619
list, 1749, 3837, 2849
list, 1750, 2198, 2179
list, 1751, 875, 190
list, 1752, 498, 176
list, 1753, 2489, 1830
list, 1754, 2495, 2038
list, 1755, 1246, 2607
list, 1756, 1843, 2139
list, 1757, 1375, 1769
list, 1758, 2257, 1741
list, 1759, 1459, 1120
list, 1760, 1840, 2086
list, 1761, 2835, 2022
list, 1762, 283, 286
list, 1763, 592, 1339
list, 1764, 1158, 1135
list, 1765, 1310, 1845
list, 1766, 1816, 1734
list, 1767, 617, 660
list, 1768, 3922, 3379
list, 1769, 1282, 1351
list, 1770, 692, 1856
list, 1771, 2927, 2467
list, 1772, 3325, 1443
list, 1773, 2736, 2946
list, 1774, 1858, 2130
list, 1775, 3156, 2224
list, 1776, 380, 300
list, 1777, 115, 1076
list, 1778, 346, 441
list, 1779, 2239, 2117
list, 1780, 734, 107
list, 1781, 578, 691
list, 1782, 3244, 2625
list, 1783, 3162, 3038
list, 1784, 1072, 1288
list, 1785, 2706, 2696
list, 1786, 4758, 3806
list, 1787, 2005, 1774
list, 1788, 2362, 2299
list, 1789, 1986, 1959
list, 1790, 3268, 2498
list, 1791, 4555, 3773
list, 1792, 2905, 2343
list, 1793, 2585, 2806
list, 1794, 1975, 2190
list, 1795, 4194, 3552
list, 1796, 2533, 1922
list, 1797, 1188, 945
list, 1798, 2659, 2232
list, 1799, 2378, 1488
list, 1800, 1905, 2770
list, 1801, 3015, 2880
list, 1802, 2193, 385
list, 1803, 1983, 1827
list, 1804, 2308, 2399
list, 1805, 3093, 1688
list, 1806, 495, 1973
list, 1807, 60, 2054
list, 1808, 1536, 2265
list, 1809, 1356, 1265
list, 1810, 268, 519
list, 1811, 4397, 4112
list, 1812, 982, 983
list, 1813, 1117, 1624
list, 1814, 1386, 1817
list, 1815, 1266, 1066
list, 1816, 787, 1733
list, 1817, 1142, 1538
list, 1818, 460, 1021
list, 1819, 2929, 2800
list, 1820, 25, 155
list, 1821, 3562, 2056
list, 1822, 1845, 1643
list, 1823, 1395, 1580
list, 1824, 1168, 1174
list, 1825, 3023, 1128
list, 1826, 2483, 1388
list, 1827, 2582, 2271
list, 1828, 628, 395
list, 1829, 1504, 1348
list, 1830, 2416, 2867
list, 1831, 2854, 2366
list, 1832, 105, 557
list, 1833, 768, 418
list, 1834, 316, 1167
list, 1835, 1065, 1663
list, 1836, 1906, 2540
list, 1837, 3597, 2507
list, 1838, 2101, 1191
list, 1839, 1412, 1868
list, 1840, 63, 2085
list, 1841, 911, 985
list, 1842, 282, 1475
list, 1843, 1212, 2138
list, 1844, 1369, 1152
list, 1845, 591, 1642
list, 1846, 1916, 1971
list, 1847, 1341, 2152
list, 1848, 1456, 1902
list, 1849, 1912, 1394
list, 1850, 615, 637
list, 1851, 1192, 748
list, 1852, 243, 481
list, 1853, 240, 270
list, 1854, 769, 1200
list, 1855, 2365, 2274
list, 1856, 995, 1597
list, 1857, 2479, 2492
list, 1858, 2250, 2129
list, 1859, 1463, 1101
list, 1860, 3217, 2370
list, 1861, 3126, 2293
list, 1862, 2884, 2889
list, 1863, 1001, 1521
list, 1864, 1960, 2206
list, 1865, 1060, 1423
list, 1866, 699, 1273
list, 1867, 2628, 1999
list, 1868, 1514, 1103
list, 1869, 2820, 2777
list, 1870, 962, 1292
list, 1871, 4209, 1813
list, 1872, 2838, 2627
list, 1873, 1684, 1297
list, 1874, 2594, 1571
list, 1875, 130, 1544
list, 1876, 2389, 997
list, 1877, 3674, 3915
list, 1878, 2188, 2605
list, 1879, 3311, 2028
list, 1880, 726, 584
list, 1881, 895, 1802
list, 1882, 2287, 2110
list, 1883, 2940, 1965
list, 1884, 1222, 1377
list, 1885, 2953, 2313
list, 1886, 3908, 2979
list, 1887, 3724, 2437
list, 1888, 1080, 893
list, 1889, 1302, 431
list, 1890, 964, 2058
list, 1891, 2162, 1850
list, 1892, 2604, 2071
list, 1893, 3008, 2763
list, 1894, 2102, 2530
list, 1895, 2412, 1684
list, 1896, 1922, 2113
list, 1897, 948, 2621
list, 1898, 2550, 1593
list, 1899, 3964, 4584
list, 1900, 934, 1047
list, 1901, 700, 452
list, 1902, 3962, 2199
list, 1903, 2491, 806
list, 1904, 3411, 3070
list, 1905, 2500, 2769
list, 1906, 1017, 2539
list, 1907, 2419, 2991
list, 1908, 4587, 4330
list, 1909, 2274, 2842
list, 1910, 1391, 1372
list, 1911, 833, 1513
list, 1912, 259, 1393
list, 1913, 1835, 1664
list, 1914, 3340, 2899
list, 1915, 3503, 2067
list, 1916, 1725, 1970
list, 1917, 1430, 1671
list, 1918, 1338, 1589
list, 1919, 1559, 1138
list, 1920, 1867, 2000
list, 1921, 3649, 2775
list, 1922, 988, 2112
list, 1923, 1747, 1682
list, 1924, 372, 1556
list, 1925, 2595, 2007
list, 1926, 488, 1043
list, 1927, 3135, 4068
list, 1928, 3545, 3680
list, 1929, 1299, 1574
list, 1930, 2732, 2814
list, 1931, 3367, 1552
list, 1932, 2382, 2363
list, 1933, 990, 1362
list, 1934, 3397, 2156
list, 1935, 2520, 1946
list, 1936, 741, 94
list, 1937, 2912, 2359
list, 1938, 2053, 1764
list, 1939, 2138, 2079
list, 1940, 1829, 1349
list, 1941, 652, 1295
list, 1942, 605, 1948
list, 1943, 1110, 2286
list, 1944, 2504, 1290
list, 1945, 2025, 1866
list, 1946, 601, 1961
list, 1947, 871, 1275
list, 1948, 3507, 1832
list, 1949, 3147, 2420
list, 1950, 3383, 2738
list, 1951, 931, 2524
list, 1952, 1471, 1767
list, 1953, 2605, 2758
list, 1954, 2707, 2149
list, 1955, 3760, 2790
list, 1956, 1934, 2157
list, 1957, 1472, 1258
list, 1958, 1988, 1554
list, 1959, 1318, 2434
list, 1960, 1527, 2205
list, 1961, 298, 896
list, 1962, 1893, 2764
list, 1963, 1760, 2087
list, 1964, 2175, 2047
list, 1965, 801, 336
list, 1966, 1827, 2272
list, 1967, 1675, 1198
list, 1968, 3462, 2308
list, 1969, 2683, 2019
list, 1970, 1917, 1672
list, 1971, 1569, 715
list, 1972, 2634, 2208
list, 1973, 1918, 1590
list, 1974, 2291, 1702
list, 1975, 2608, 2189
list, 1976, 1481, 491
list, 1977, 3705, 2316
list, 1978, 2266, 2458
list, 1979, 1431, 1006
list, 1980, 2089, 2408
list, 1981, 3099, 2511
list, 1982, 1162, 911
list, 1983, 1415, 1826
list, 1984, 3197, 1606
list, 1985, 2123, 1862
list, 1986, 3202, 1958
list, 1987, 1576, 1503
list, 1988, 1931, 1553
list, 1989, 405, 1473
list, 1990, 766, 1130
list, 1991, 1591, 1470
list, 1992, 1059, 1499
list, 1993, 403, 775
list, 1994, 1251, 2065
list, 1995, 1856, 1598
list, 1996, 2127, 1496
list, 1997, 2190, 888
list, 1998, 2164, 2562
list, 1999, 2083, 2127
list, 2000, 500, 1055
list, 2001, 1711, 1302
list, 2002, 333, 751
list, 2003, 2795, 2995
list, 2004, 790, 1222
list, 2005, 2270, 1773
list, 2006, 1245, 1176
list, 2007, 1703, 1330
list, 2008, 3241, 2954
list, 2009, 545, 973
list, 2010, 3192, 3198
list, 2011, 2335, 2329
list, 2012, 1512, 1595
list, 2013, 1942, 1949
list, 2014, 2330, 1463
list, 2015, 3583, 2719
list, 2016, 3817, 3419
list, 2017, 3158, 2853
list, 2018, 3510, 3662
list, 2019, 2252, 3085
list, 2020, 1493, 1745
list, 2021, 2453, 1992
list, 2022, 2648, 1913
list, 2023, 616, 52
list, 2024, 2337, 2045
list, 2025, 2192, 1865
list, 2026, 1420, 2012
list, 2027, 1695, 1719
list, 2028, 1788, 2300
list, 2029, 720, 773
list, 2030, 1007, 1724
list, 2031, 3434, 1757
list, 2032, 1957, 1259
list, 2033, 2629, 1968
list, 2034, 3692, 3172
list, 2035, 3766, 3147
list, 2036, 2306, 1459
list, 2037, 2633, 1436
list, 2038, 3471, 3327
list, 2039, 4361, 3161
list, 2040, 2566, 2826
list, 2041, 5452, 3479
list, 2042, 1423, 1788
list, 2043, 1419, 2171
list, 2044, 99, 1782
list, 2045, 1502, 1942
list, 2046, 3193, 2442
list, 2047, 2286, 1839
list, 2048, 2586, 2564
list, 2049, 1522, 976
list, 2050, 2060, 1860
list, 2051, 1243, 1919
list, 2052, 1914, 2900
list, 2053, 1564, 1763
list, 2054, 2448, 1433
list, 2055, 3231, 2940
list, 2056, 1298, 1736
list, 2057, 1107, 1894
list, 2058, 14, 313
list, 2059, 754, 1887
list, 2060, 1402, 1859
list, 2061, 2606, 2182
list, 2062, 3212, 3469
list, 2063, 2866, 2253
list, 2064, 2418, 1304
list, 2065, 370, 1358
list, 2066, 1048, 886
list, 2067, 1585, 2115
list, 2068, 531, 1955
list, 2069, 2564, 1784
list, 2070, 1818, 1022
list, 2071, 3359, 2218
list, 2072, 2614, 2353
list, 2073, 483, 499
list, 2074, 2673, 2633
list, 2075, 109, 1542
list, 2076, 1951, 2525
list, 2077, 776, 1439
list, 2078, 1678, 1271
list, 2079, 3203, 2255
list, 2080, 1736, 1243
list, 2081, 2059, 1888
list, 2082, 2226, 1651
list, 2083, 2084, 2126
list, 2084, 1296, 2125
list, 2085, 2771, 3290
list, 2086, 1411, 1693
list, 2087, 3295, 2424
list, 2088, 3788, 3252
list, 2089, 2573, 2407
list, 2090, 1724, 1640
list, 2091, 3886, 3004
list, 2092, 1270, 1806
list, 2093, 1445, 1925
list, 2094, 2622, 1891
list, 2095, 1140, 1326
list, 2096, 961, 2520
list, 2097, 419, 1213
list, 2098, 784, 1036
list, 2099, 1011, 3208
list, 2100, 2434, 3152
list, 2101, 1389, 1190
list, 2102, 1565, 2529
list, 2103, 2135, 2090
list, 2104, 1118, 1074
list, 2105, 3293, 3381
list, 2106, 1426, 705
list, 2107, 3274, 3155
list, 2108, 1869, 2778
list, 2109, 1586, 1710
list, 2110, 952, 1728
list, 2111, 2313, 1509
list, 2112, 2863, 2174
list, 2113, 359, 891
list, 2114, 2094, 1892
list, 2115, 4053, 3397
list, 2116, 2701, 2480
list, 2117, 2422, 2074
list, 2118, 2099, 3209
list, 2119, 2681, 2241
list, 2120, 973, 1635
list, 2121, 1070, 2083
list, 2122, 3786, 2809
list, 2123, 2050, 1861
list, 2124, 3452, 3665
list, 2125, 4099, 4249
list, 2126, 1981, 2512
list, 2127, 1582, 1495
list, 2128, 2530, 2678
list, 2129, 2686, 2106
list, 2130, 4516, 2411
list, 2131, 2501, 1754
list, 2132, 1612, 2269
list, 2133, 1545, 1401
list, 2134, 852, 771
list, 2135, 2165, 2089
list, 2136, 1800, 2771
list, 2137, 2185, 239
list, 2138, 2353, 2078
list, 2139, 3909, 2716
list, 2140, 1248, 2397
list, 2141, 1622, 2164
list, 2142, 3196, 3075
list, 2143, 4806, 2798
list, 2144, 2937, 2355
list, 2145, 1120, 872
list, 2146, 1200, 1600
list, 2147, 2417, 3068
list, 2148, 1062, 1531
list, 2149, 2682, 1808
list, 2150, 1805, 1689
list, 2151, 3640, 2588
list, 2152, 1798, 2233
list, 2153, 3682, 2146
list, 2154, 1953, 2759
list, 2155, 2074, 2634
list, 2156, 1653, 1429
list, 2157, 1262, 2547
list, 2158, 4006, 2796
list, 2159, 1771, 2468
list, 2160, 4254, 5184
list, 2161, 796, 1820
list, 2162, 618, 1849
list, 2163, 3398, 2714
list, 2164, 4013, 2561
list, 2165, 1963, 2088
list, 2166, 1460, 1144
list, 2167, 1441, 1569
list, 2168, 2199, 2887
list, 2169, 1777, 1077
list, 2170, 1364, 1761
list, 2171, 976, 1717
list, 2172, 1985, 1863
list, 2173, 3715, 2559
list, 2174, 2833, 2869
list, 2175, 2024, 2046
list, 2176, 2042, 1789
list, 2177, 2385, 2305
list, 2178, 3329, 3373
list, 2179, 3852, 3422
list, 2180, 3070, 3283
list, 2181, 2542, 3020
list, 2182, 2187, 2449
list, 2183, 425, 849
list, 2184, 2152, 2234
list, 2185, 521, 238
list, 2186, 2647, 2267
list, 2187, 2792, 2448
list, 2188, 2637, 2604
list, 2189, 2202, 1477
list, 2190, 2066, 887
list, 2191, 1353, 1697
list, 2192, 2172, 1864
list, 2193, 20, 384
list, 2194, 2380, 2341
list, 2195, 1643, 2017
list, 2196, 457, 878
list, 2197, 2299, 2496
list, 2198, 2447, 2178
list, 2199, 1468, 2886
list, 2200, 4317, 2542
list, 2201, 1407, 2035
list, 2202, 1842, 1476
list, 2203, 3371, 2244
list, 2204, 2551, 3139
list, 2205, 251, 369
list, 2206, 3728, 3306
list, 2207, 2978, 2687
list, 2208, 2544, 1885
list, 2209, 1134, 1661
list, 2210, 2754, 2694
list, 2211, 1972, 2209
list, 2212, 2702, 2746
list, 2213, 2991, 3660
list, 2214, 3200, 2597
list, 2215, 2926, 3691
list, 2216, 1720, 2591
list, 2217, 1511, 2123
list, 2218, 2298, 2338
list, 2219, 3332, 3034
list, 2220, 775, 2229
list, 2221, 1401, 3401
list, 2222, 1667, 2288
list, 2223, 4553, 2645
list, 2224, 2230, 1987
list, 2225, 2511, 2844
list, 2226, 58, 1650
list, 2227, 1875, 1545
list, 2228, 4304, 4163
list, 2229, 1252, 2372
list, 2230, 519, 1986
list, 2231, 2283, 2451
list, 2232, 3291, 3206
list, 2233, 1881, 1803
list, 2234, 2305, 3201
list, 2235, 4092, 3368
list, 2236, 1005, 1307
list, 2237, 3666, 2472
list, 2238, 1631, 2938
list, 2239, 2067, 2116
list, 2240, 3003, 3128
list, 2241, 1499, 2142
list, 2242, 3375, 3455
list, 2243, 2149, 1809
list, 2244, 1729, 2025
list, 2245, 2747, 2846
list, 2246, 3523, 2483
list, 2247, 3263, 2649
list, 2248, 1885, 2314
list, 2249, 1795, 3553
list, 2250, 1999, 2128
list, 2251, 2048, 2565
list, 2252, 4130, 3084
list, 2253, 1509, 2906
list, 2254, 2543, 1870
list, 2255, 2174, 2870
list, 2256, 765, 1267
list, 2257, 532, 1740
list, 2258, 2407, 2432
list, 2259, 3575, 3550
list, 2260, 2932, 3348
list, 2261, 2139, 2717
list, 2262, 588, 2295
list, 2263, 3258, 3216
list, 2264, 318, 617
list, 2265, 1217, 586
list, 2266, 3207, 2457
list, 2267, 1133, 564
list, 2268, 3608, 3694
list, 2269, 3999, 3158
list, 2270, 1028, 1772
list, 2271, 3222, 2357
list, 2272, 3210, 3079
list, 2273, 1964, 2048
list, 2274, 3260, 2841
list, 2275, 2994, 2202
list, 2276, 2725, 2735
list, 2277, 3566, 2666
list, 2278, 2151, 2589
list, 2279, 1833, 419
list, 2280, 2482, 2361
list, 2281, 4672, 3052
list, 2282, 1229, 1695
list, 2283, 2182, 2450
list, 2284, 2578, 2691
list, 2285, 3602, 2924
list, 2286, 2358, 1838
list, 2287, 1485, 2109
list, 2288, 819, 1792
list, 2289, 2045, 1943
list, 2290, 4154, 2743
list, 2291, 2878, 1701
list, 2292, 3057, 3031
list, 2293, 3018, 2321
list, 2294, 1291, 1938
list, 2295, 2381, 2601
list, 2296, 2386, 2389
list, 2297, 1698, 2572
list, 2298, 3059, 2337
list, 2299, 2904, 2495
list, 2300, 2314, 1905
list, 2301, 1708, 2197
list, 2302, 3401, 3676
list, 2303, 2413, 3050
list, 2304, 3898, 3298
list, 2305, 4210, 3200
list, 2306, 587, 1458
list, 2307, 3547, 2793
list, 2308, 2140, 2398
list, 2309, 877, 2092
list, 2310, 4185, 2476
list, 2311, 2486, 3143
list, 2312, 3487, 3130
list, 2313, 1390, 1508
list, 2314, 1537, 1904
list, 2315, 1883, 1966
list, 2316, 5049, 3265
list, 2317, 2891, 2375
list, 2318, 1210, 1691
list, 2319, 1103, 1680
list, 2320, 1480, 1722
list, 2321, 3002, 932
list, 2322, 2968, 3740
list, 2323, 2972, 3376
list, 2324, 2267, 565
list, 2325, 1874, 1572
list, 2326, 307, 1822
list, 2327, 3085, 2788
list, 2328, 2579, 3125
list, 2329, 669, 916
list, 2330, 1735, 1462
list, 2331, 3675, 3169
list, 2332, 3103, 2535
list, 2333, 2539, 2237
list, 2334, 1577, 2351
list, 2335, 2449, 2328
list, 2336, 5212, 3793
list, 2337, 1268, 2044
list, 2338, 554, 1446
list, 2339, 1139, 555
list, 2340, 2295, 2602
list, 2341, 1647, 2977
list, 2342, 2724, 2395
list, 2343, 319, 2837
list, 2344, 5328, 4619
list, 2345, 2980, 2609
list, 2346, 1854, 1201
list, 2347, 2159, 2469
list, 2348, 1204, 2060
list, 2349, 3428, 3602
list, 2350, 1872, 2628
list, 2351, 1510, 2166
list, 2352, 2829, 2651
list, 2353, 2698, 2077
list, 2354, 3765, 3733
list, 2355, 2087, 2425
list, 2356, 3865, 4843
list, 2357, 2849, 2864
list, 2358, 891, 1837
list, 2359, 2451, 2857
list, 2360, 3228, 2378
list, 2361, 2370, 1252
list, 2362, 1648, 2298
list, 2363, 3065, 2081
list, 2364, 2201, 2036
list, 2365, 1966, 2273
list, 2366, 3754, 2829
list, 2367, 3576, 2781
list, 2368, 2477, 2250
list, 2369, 3405, 3104
list, 2370, 2541, 1251
list, 2371, 1837, 2508
list, 2372, 785, 172
list, 2373, 1524, 1877
list, 2374, 408, 1196
list, 2375, 4552, 3235
list, 2376, 3541, 3965
list, 2377, 3106, 1841
list, 2378, 1641, 1487
list, 2379, 1692, 1715
list, 2380, 3029, 2340
list, 2381, 1167, 2600
list, 2382, 2280, 2362
list, 2383, 836, 2278
list, 2384, 1175, 2160
list, 2385, 3689, 2304
list, 2386, 3515, 2388
list, 2387, 3226, 3430
list, 2388, 1794, 2191
list, 2389, 1308, 996
list, 2390, 606, 603
list, 2391, 3642, 2577
list, 2392, 2602, 3045
list, 2393, 2498, 2168
list, 2394, 1773, 2947
list, 2395, 1494, 2014
list, 2396, 1814, 1818
list, 2397, 4905, 3433
list, 2398, 2693, 1743
list, 2399, 1236, 2062
list, 2400, 3118, 2478
list, 2401, 157, 1014
list, 2402, 1990, 1131
list, 2403, 3896, 1668
list, 2404, 3839, 2518
list, 2405, 2598, 2570
list, 2406, 1719, 2040
list, 2407, 2488, 2431
list, 2408, 2015, 2720
list, 2409, 2251, 2566
list, 2410, 2624, 2896
list, 2411, 3918, 3977
list, 2412, 1923, 1683
list, 2413, 2888, 3049
list, 2414, 1233, 1406
list, 2415, 3985, 3239
list, 2416, 2782, 2866
list, 2417, 2787, 3067
list, 2418, 2001, 1303
list, 2419, 2893, 2990
list, 2420, 4643, 2402
list, 2421, 2233, 1804
list, 2422, 2864, 2073
list, 2423, 1166, 812
list, 2424, 1561, 1565
list, 2425, 3186, 2702
list, 2426, 1414, 1300
list, 2427, 3482, 2732
list, 2428, 2442, 2319
list, 2429, 3667, 3519
list, 2430, 2552, 2283
list, 2431, 1652, 2613
list, 2432, 706, 1456
list, 2433, 2583, 2502
list, 2434, 3586, 3151
list, 2435, 3623, 3179
list, 2436, 2619, 2276
list, 2437, 3807, 3285
list, 2438, 1697, 1915
list, 2439, 2839, 2631
list, 2440, 3361, 2878
list, 2441, 2525, 2418
list, 2442, 1669, 2318
list, 2443, 4944, 4680
list, 2444, 2118, 3210
list, 2445, 1012, 2010
list, 2446, 5257, 3582
list, 2447, 1474, 2177
list, 2448, 1562, 1432
list, 2449, 3251, 2327
list, 2450, 2823, 3426
list, 2451, 3168, 2856
list, 2452, 3213, 2414
list, 2453, 1429, 1991
list, 2454, 1573, 2032
list, 2455, 873, 2784
list, 2456, 510, 906
list, 2457, 2942, 2257
list, 2458, 3280, 2281
list, 2459, 2855, 2821
list, 2460, 1775, 2225
list, 2461, 3152, 3726
list, 2462, 2499, 2527
list, 2463, 2844, 2674
list, 2464, 2203, 2245
list, 2465, 4108, 2985
list, 2466, 2536, 2754
list, 2467, 2567, 2239
list, 2468, 1410, 1963
list, 2469, 1301, 2348
list, 2470, 3567, 2392
list, 2471, 1949, 2421
list, 2472, 4607, 3595
list, 2473, 4333, 2706
list, 2474, 3145, 3256
list, 2475, 2856, 1995
list, 2476, 732, 1468
list, 2477, 2684, 2249
list, 2478, 1991, 1471
list, 2479, 3719, 2491
list, 2480, 1779, 2118
list, 2481, 1549, 2215
list, 2482, 1937, 2360
list, 2483, 1193, 1387
list, 2484, 3456, 2194
list, 2485, 1123, 1346
list, 2486, 3707, 3142
list, 2487, 2377, 1842
list, 2488, 2632, 2430
list, 2489, 2513, 1829
list, 2490, 3007, 2839
list, 2491, 412, 805
list, 2492, 3288, 2851
list, 2493, 786, 29
list, 2494, 1804, 2400
list, 2495, 2364, 2037
list, 2496, 2527, 3064
list, 2497, 3540, 3007
list, 2498, 2351, 2167
list, 2499, 2076, 2526
list, 2500, 3840, 2768
list, 2501, 1606, 1753
list, 2502, 2254, 1871
list, 2503, 1498, 1209
list, 2504, 1784, 1289
list, 2505, 4077, 3437
list, 2506, 3939, 4184
list, 2507, 2487, 1843
list, 2508, 1625, 1094
list, 2509, 2219, 3035
list, 2510, 642, 766
list, 2511, 1909, 2843
list, 2512, 3625, 3174
list, 2513, 1803, 1828
list, 2514, 2109, 1711
list, 2515, 5296, 2962
list, 2516, 2764, 2463
list, 2517, 889, 1180
list, 2518, 2641, 3204
list, 2519, 2600, 2004
list, 2520, 1542, 1945
list, 2521, 1434, 1239
list, 2522, 1618, 3009
list, 2523, 2571, 2311
list, 2524, 2296, 2390
list, 2525, 4782, 2417
list, 2526, 2176, 1790
list, 2527, 2811, 3063
list, 2528, 3389, 3188
list, 2529, 2237, 2473
list, 2530, 3038, 2677
list, 2531, 2660, 3248
list, 2532, 1575, 2325
list, 2533, 1227, 1921
list, 2534, 4326, 3555
list, 2535, 3125, 2803
list, 2536, 3090, 2753
list, 2537, 2642, 2882
list, 2538, 4081, 2121
list, 2539, 945, 2236
list, 2540, 3315, 2094
list, 2541, 854, 1250
list, 2542, 4521, 3019
list, 2543, 1839, 1869
list, 2544, 2561, 1884
list, 2545, 4795, 3617
list, 2546, 1589, 2302
list, 2547, 1574, 2672
list, 2548, 3139, 1811
list, 2549, 2553, 2708
list, 2550, 3022, 1592
list, 2551, 2903, 3138
list, 2552, 2458, 2282
list, 2553, 2473, 2707
list, 2554, 1978, 2459
list, 2555, 2921, 2323
list, 2556, 3676, 2700
list, 2557, 3605, 3612
list, 2558, 921, 1158
list, 2559, 1718, 1933
list, 2560, 4692, 3346
list, 2561, 2577, 1883
list, 2562, 2013, 1950
list, 2563, 2558, 1159
list, 2564, 2044, 1783
list, 2565, 1645, 2187
list, 2566, 3109, 2825
list, 2567, 2333, 2238
list, 2568, 3300, 2639
list, 2569, 1399, 2550
list, 2570, 2822, 3177
list, 2571, 3045, 2310
list, 2572, 1691, 1645
list, 2573, 2846, 2406
list, 2574, 3283, 2812
list, 2575, 3966, 3132
list, 2576, 3747, 3590
list, 2577, 3811, 1882
list, 2578, 2949, 2690
list, 2579, 4138, 3124
list, 2580, 3420, 2966
list, 2581, 3531, 2637
list, 2582, 2132, 2270
list, 2583, 3320, 2501
list, 2584, 164, 739
list, 2585, 1421, 2805
list, 2586, 1998, 2563
list, 2587, 5470, 3317
list, 2588, 2759, 2873
list, 2589, 1770, 1857
list, 2590, 2711, 3278
list, 2591, 4027, 3408
list, 2592, 626, 1611
list, 2593, 3982, 2661
list, 2594, 2167, 1570
list, 2595, 4784, 2006
list, 2596, 4019, 3699
list, 2597, 2403, 1669
list, 2598, 2896, 2569
list, 2599, 2728, 2098
list, 2600, 1086, 2003
list, 2601, 2216, 2592
list, 2602, 3422, 3044
list, 2603, 3180, 3339
list, 2604, 1178, 2070
list, 2605, 3328, 2757
list, 2606, 1745, 2181
list, 2607, 2471, 2422
list, 2608, 2565, 2188
list, 2609, 2760, 2428
list, 2610, 3227, 2908
list, 2611, 2430, 2284
list, 2612, 1303, 1658
list, 2613, 2735, 2611
list, 2614, 2334, 2352
list, 2615, 636, 2584
list, 2616, 1039, 1747
list, 2617, 5157, 3951
list, 2618, 2772, 2545
list, 2619, 1855, 2275
list, 2620, 722, 1927
list, 2621, 3237, 3107
list, 2622, 1546, 1890
list, 2623, 1071, 1491
list, 2624, 4912, 2895
list, 2625, 5442, 4459
list, 2626, 1764, 1136
list, 2627, 2909, 3496
list, 2628, 2649, 1998
list, 2629, 2315, 1967
list, 2630, 1100, 1285
list, 2631, 2484, 2195
list, 2632, 2609, 2429
list, 2633, 1040, 1435
list, 2634, 1864, 2207
list, 2635, 3577, 3228
list, 2636, 1521, 2136
list, 2637, 2340, 2603
list, 2638, 4281, 3625
list, 2639, 2452, 2415
list, 2640, 4623, 3356
list, 2641, 1515, 3203
list, 2642, 1801, 2881
list, 2643, 1349, 2227
list, 2644, 1519, 594
list, 2645, 1904, 3071
list, 2646, 2297, 2573
list, 2647, 1808, 2266
list, 2648, 3600, 1912
list, 2649, 679, 1997
list, 2650, 3412, 3510
list, 2651, 5055, 4002
list, 2652, 5225, 3854
list, 2653, 1396, 2918
list, 2654, 3591, 3232
list, 2655, 2131, 1755
list, 2656, 2988, 2440
list, 2657, 4344, 3487
list, 2658, 3741, 3997
list, 2659, 2962, 2231
list, 2660, 3748, 3247
list, 2661, 803, 2485
list, 2662, 2575, 3133
list, 2663, 1756, 2140
list, 2664, 1704, 2465
list, 2665, 2056, 1737
list, 2666, 3403, 3574
list, 2667, 3112, 2952
list, 2668, 2840, 2487
list, 2669, 3069, 2556
list, 2670, 3165, 2682
list, 2671, 1796, 1923
list, 2672, 2877, 3093
list, 2673, 2439, 2632
list, 2674, 219, 831
list, 2675, 5038, 4017
list, 2676, 3096, 1731
list, 2677, 837, 1616
list, 2678, 4367, 3359
list, 2679, 2420, 2403
list, 2680, 2882, 3096
list, 2681, 2467, 2240
list, 2682, 2092, 1807
list, 2683, 2195, 2018
list, 2684, 3140, 2248
list, 2685, 572, 962
list, 2686, 3919, 2105
list, 2687, 6750, 4859
list, 2688, 502, 1085
list, 2689, 3107, 2949
list, 2690, 3497, 2816
list, 2691, 3731, 3851
list, 2692, 199, 7
list, 2693, 1758, 1742
list, 2694, 4034, 3631
list, 2695, 5610, 3311
list, 2696, 3242, 3268
list, 2697, 3305, 4513
list, 2698, 1360, 2076
list, 2699, 3568, 3399
list, 2700, 4798, 4625
list, 2701, 2400, 2479
list, 2702, 3121, 2745
list, 2703, 1397, 1559
list, 2704, 3143, 3011
list, 2705, 2046, 2443
list, 2706, 2210, 2695
list, 2707, 612, 2148
list, 2708, 2100, 3153
list, 2709, 3174, 3412
list, 2710, 1919, 1139
list, 2711, 2908, 3277
list, 2712, 2739, 2670
list, 2713, 3336, 3294
list, 2714, 3129, 3728
list, 2715, 2959, 2943
list, 2716, 2880, 1800
list, 2717, 2244, 2026
list, 2718, 1487, 1313
list, 2719, 1661, 2582
list, 2720, 2008, 2955
list, 2721, 413, 1247
list, 2722, 4035, 3546
list, 2723, 3037, 3623
list, 2724, 3043, 2394
list, 2725, 3307, 2734
list, 2726, 1721, 2260
list, 2727, 3841, 4220
list, 2728, 2852, 2097
list, 2729, 3124, 3538
list, 2730, 4112, 4090
list, 2731, 4394, 4393
list, 2732, 2574, 2813
list, 2733, 3010, 3109
list, 2734, 2368, 2251
list, 2735, 2345, 2610
list, 2736, 3330, 2945
list, 2737, 3239, 4205
list, 2738, 5777, 2211
list, 2739, 3128, 2669
list, 2740, 1183, 1909
list, 2741, 4012, 3273
list, 2742, 2964, 2928
list, 2743, 4192, 4234
list, 2744, 2930, 2595
list, 2745, 1687, 1989
list, 2746, 2612, 1659
list, 2747, 2225, 2845
list, 2748, 2738, 2212
list, 2749, 3275, 3119
list, 2750, 3339, 3980
list, 2751, 1506, 1676
list, 2752, 3672, 3526
list, 2753, 3334, 3578
list, 2754, 1444, 2693
list, 2755, 2097, 1214
list, 2756, 2307, 2794
list, 2757, 3561, 3460
list, 2758, 2481, 2216
list, 2759, 4285, 2872
list, 2760, 1727, 2427
list, 2761, 3800, 3313
list, 2762, 5741, 4678
list, 2763, 735, 477
list, 2764, 4219, 2462
list, 2765, 3845, 2685
list, 2766, 2778, 3015
list, 2767, 188, 1045
list, 2768, 3304, 3738
list, 2769, 2242, 3456
list, 2770, 7585, 6194
list, 2771, 4199, 3289
list, 2772, 3211, 2544
list, 2773, 1714, 1880
list, 2774, 2851, 2761
list, 2775, 2392, 3046
list, 2776, 1031, 829
list, 2777, 3691, 3452
list, 2778, 3519, 3014
list, 2779, 2410, 2897
list, 2780, 1170, 2220
list, 2781, 3816, 3417
list, 2782, 2357, 2865
list, 2783, 1476, 1448
list, 2784, 3521, 3443
list, 2785, 900, 2522
list, 2786, 2235, 3369
list, 2787, 1034, 3066
list, 2788, 5223, 4019
list, 2789, 583, 1935
list, 2790, 3354, 4264
list, 2791, 3308, 2913
list, 2792, 1155, 2447
list, 2793, 2997, 2445
list, 2794, 2130, 2412
list, 2795, 2947, 2994
list, 2796, 1849, 1395
list, 2797, 1897, 2622
list, 2798, 3009, 2904
list, 2799, 4392, 4127
list, 2800, 2751, 1677
list, 2801, 3935, 3365
list, 2802, 2387, 3431
list, 2803, 4898, 4973
list, 2804, 1899, 4585
list, 2805, 1834, 1168
list, 2806, 2223, 2646
list, 2807, 3379, 2957
list, 2808, 2729, 3539
list, 2809, 3744, 3329
list, 2810, 261, 803
list, 2811, 3710, 3062
list, 2812, 2431, 2614
list, 2813, 2742, 2929
list, 2814, 3114, 2704
list, 2815, 2969, 4044
list, 2816, 739, 1162
list, 2817, 1595, 1577
list, 2818, 2987, 2384
list, 2819, 3506, 3241
list, 2820, 1921, 2776
list, 2821, 4163, 3789
list, 2822, 3813, 3176
list, 2823, 3968, 3425
list, 2824, 585, 1146
list, 2825, 4517, 3502
list, 2826, 4501, 3821
list, 2827, 2749, 3120
list, 2828, 3302, 3621
list, 2829, 2247, 2650
list, 2830, 3050, 1929
list, 2831, 2124, 3666
list, 2832, 3208, 3791
list, 2833, 1830, 2868
list, 2834, 4489, 3500
list, 2835, 3113, 2021
list, 2836, 3269, 2617
list, 2837, 3757, 2982
list, 2838, 1782, 2626
list, 2839, 2865, 2630
list, 2840, 2661, 2486
list, 2841, 2515, 2963
list, 2842, 4368, 4175
list, 2843, 4543, 3309
list, 2844, 2547, 2673
list, 2845, 78, 1224
list, 2846, 1651, 2405
list, 2847, 3088, 3271
list, 2848, 3779, 2973
list, 2849, 1679, 2863
list, 2850, 3991, 3563
list, 2851, 2154, 2760
list, 2852, 1385, 2096
list, 2853, 4455, 3929
list, 2854, 3169, 2365
list, 2855, 3708, 2820
list, 2856, 1016, 1994
list, 2857, 2979, 3090
list, 2858, 2437, 3286
list, 2859, 3861, 2786
list, 2860, 2369, 3105
list, 2861, 114, 140
list, 2862, 2890, 3281
list, 2863, 1646, 2173
list, 2864, 1892, 2072
list, 2865, 2350, 2629
list, 2866, 2734, 2252
list, 2867, 3360, 2960
list, 2868, 4183, 3803
list, 2869, 5661, 4114
list, 2870, 3396, 2728
list, 2871, 4906, 5484
list, 2872, 2000, 1056
list, 2873, 1263, 3782
list, 2874, 3177, 3557
list, 2875, 3416, 3813
list, 2876, 2721, 1248
list, 2877, 4030, 3092
list, 2878, 969, 1700
list, 2879, 3250, 2970
list, 2880, 568, 1799
list, 2881, 3473, 3296
list, 2882, 4152, 3095
list, 2883, 5892, 4294
list, 2884, 2168, 2888
list, 2885, 4148, 3610
list, 2886, 1752, 177
list, 2887, 2019, 3086
list, 2888, 3265, 3048
list, 2889, 2568, 2640
list, 2890, 3887, 3280
list, 2891, 1525, 2374
list, 2892, 2181, 3021
list, 2893, 3704, 2989
list, 2894, 2580, 2967
list, 2895, 3055, 3166
list, 2896, 3409, 2568
list, 2897, 3066, 3446
list, 2898, 1925, 2008
list, 2899, 2858, 3287
list, 2900, 3136, 2664
list, 2901, 4762, 4758
list, 2902, 3430, 3439
list, 2903, 5012, 3137
list, 2904, 3738, 2494
list, 2905, 2194, 2342
list, 2906, 966, 1726
list, 2907, 3044, 2987
list, 2908, 3681, 3276
list, 2909, 4500, 3495
list, 2910, 4635, 3946
list, 2911, 4454, 4238
list, 2912, 2271, 2358
list, 2913, 4235, 2921
list, 2914, 2965, 2658
list, 2915, 2996, 2859
list, 2916, 2615, 2585
list, 2917, 2331, 3170
list, 2918, 4761, 3817
list, 2919, 3286, 3878
list, 2920, 4257, 4116
list, 2921, 2293, 2322
list, 2922, 2870, 2729
list, 2923, 3160, 3863
list, 2924, 3317, 2381
list, 2925, 1130, 2184
list, 2926, 3772, 3690
list, 2927, 2664, 2466
list, 2928, 2457, 2258
list, 2929, 2143, 2799
list, 2930, 813, 2594
list, 2931, 4032, 3873
list, 2932, 2560, 3347
list, 2933, 548, 1853
list, 2934, 2323, 3377
list, 2935, 3574, 2892
list, 2936, 5129, 4137
list, 2937, 2072, 2354
list, 2938, 2995, 3415
list, 2939, 2654, 3233
list, 2940, 2468, 1964
list, 2941, 3505, 4531
list, 2942, 2079, 2256
list, 2943, 237, 1776
list, 2944, 4303, 4026
list, 2945, 4826, 4840
list, 2946, 2916, 2586
list, 2947, 3028, 2993
list, 2948, 3074, 3025
list, 2949, 3444, 2689
list, 2950, 2957, 3245
list, 2951, 5619, 4754
list, 2952, 3732, 2579
list, 2953, 2523, 2312
list, 2954, 2914, 2659
list, 2955, 1928, 3681
list, 2956, 5527, 4063
list, 2957, 4422, 3244
list, 2958, 2031, 1758
list, 2959, 4459, 2942
list, 2960, 4072, 3263
list, 2961, 3899, 4246
list, 2962, 2220, 2230
list, 2963, 4509, 3982
list, 2964, 4212, 2927
list, 2965, 3296, 2657
list, 2966, 3805, 2773
list, 2967, 1483, 1385
list, 2968, 2768, 3739
list, 2969, 4288, 4043
list, 2970, 3959, 3114
list, 2971, 4239, 4563
list, 2972, 3858, 3375
list, 2973, 3146, 2741
list, 2974, 3793, 3531
list, 2975, 3546, 3194
list, 2976, 1383, 2455
list, 2977, 2126, 2513
list, 2978, 2765, 2686
list, 2979, 3712, 3089
list, 2980, 1755, 2608
list, 2981, 3455, 4058
list, 2982, 3659, 3301
list, 2983, 3372, 2262
list, 2984, 3825, 3657
list, 2985, 2757, 3461
list, 2986, 2588, 2874
list, 2987, 1358, 2383
list, 2988, 1286, 2439
list, 2989, 3188, 3435
list, 2990, 3342, 4006
list, 2991, 3149, 3659
list, 2992, 1742, 2345
list, 2993, 4358, 4714
list, 2994, 1654, 2201
list, 2995, 3780, 3414
list, 2996, 2359, 2858
list, 2997, 2705, 2444
list, 2998, 1955, 2791
list, 2999, 2892, 3022
list, 3000, 4365, 4102
list, 3001, 3225, 3100
list, 3002, 323, 931
list, 3003, 3894, 3127
list, 3004, 3154, 2654
list, 3005, 2666, 3575
list, 3006, 5446, 4475
list, 3007, 2343, 2838
list, 3008, 2774, 2762
list, 3009, 3495, 2903
list, 3010, 2621, 3108
list, 3011, 2375, 3236
list, 3012, 4741, 3343
list, 3013, 3669, 3942
list, 3014, 4424, 3388
list, 3015, 2440, 2879
list, 3016, 5165, 4008
list, 3017, 3347, 3192
list, 3018, 2428, 2320
list, 3019, 3301, 3392
list, 3020, 2780, 2221
list, 3021, 4891, 3711
list, 3022, 1973, 1591
list, 3023, 217, 1127
list, 3024, 2142, 3076
list, 3025, 1137, 2504
list, 3026, 2576, 3591
list, 3027, 3047, 3542
list, 3028, 1907, 2992
list, 3029, 2218, 2339
list, 3030, 4581, 3351
list, 3031, 5019, 3498
list, 3032, 2444, 3211
list, 3033, 3883, 2861
list, 3034, 3827, 4767
list, 3035, 4477, 4193
list, 3036, 3491, 3102
list, 3037, 2828, 3622
list, 3038, 3448, 2676
list, 3039, 3498, 3361
list, 3040, 4373, 3639
list, 3041, 2668, 2488
list, 3042, 3525, 3117
list, 3043, 2470, 2393
list, 3044, 2465, 2986
list, 3045, 1968, 2309
list, 3046, 5628, 5244
list, 3047, 3643, 3541
list, 3048, 1715, 1375
list, 3049, 2895, 3167
list, 3050, 2620, 1928
list, 3051, 2157, 2548
list, 3052, 4268, 4034
list, 3053, 4730, 3465
list, 3054, 2466, 2755
list, 3055, 3867, 3165
list, 3056, 3652, 3560
list, 3057, 4135, 3030
list, 3058, 2502, 1872
list, 3059, 613, 2336
list, 3060, 2836, 2618
list, 3061, 3737, 3463
list, 3062, 2443, 4681
list, 3063, 4170, 3956
list, 3064, 4127, 4129
list, 3065, 1939, 2080
list, 3066, 4640, 3445
list, 3067, 1826, 1389
list, 3068, 3424, 3588
list, 3069, 3933, 2555
list, 3070, 2862, 3282
list, 3071, 5390, 3867
list, 3072, 4252, 3224
list, 3073, 4916, 4582
list, 3074, 3182, 3024
list, 3075, 1627, 2711
list, 3076, 3746, 3404
list, 3077, 5072, 4037
list, 3078, 3844, 3668
list, 3079, 1567, 2103
list, 3080, 4810, 3260
list, 3081, 3718, 3040
list, 3082, 2812, 2615
list, 3083, 3370, 3688
list, 3084, 3987, 3489
list, 3085, 2859, 2787
list, 3086, 2206, 3307
list, 3087, 2129, 2107
list, 3088, 3727, 3270
list, 3089, 2052, 2901
list, 3090, 4017, 2752
list, 3091, 1409, 2552
list, 3092, 2221, 3402
list, 3093, 1253, 1687
list, 3094, 3517, 2998
list, 3095, 2797, 2623
list, 3096, 1224, 1730
list, 3097, 2879, 2971
list, 3098, 4136, 3742
list, 3099, 3721, 2510
list, 3100, 4249, 3999
list, 3101, 2617, 3952
list, 3102, 2268, 3695
list, 3103, 3289, 2534
list, 3104, 3150, 4311
list, 3105, 3142, 2935
list, 3106, 2047, 1840
list, 3107, 2394, 2948
list, 3108, 4453, 4083
list, 3109, 3876, 2824
list, 3110, 5009, 4862
list, 3111, 2360, 2379
list, 3112, 3468, 2951
list, 3113, 1969, 2020
list, 3114, 2425, 2703
list, 3115, 3914, 4359
list, 3116, 4175, 3607
list, 3117, 2085, 3291
list, 3118, 2310, 2477
list, 3119, 2786, 3370
list, 3120, 3992, 4354
list, 3121, 2290, 2744
list, 3122, 5306, 4885
list, 3123, 4628, 3924
list, 3124, 4452, 3537
list, 3125, 3148, 2802
list, 3126, 1404, 2292
list, 3127, 4100, 3771
list, 3128, 936, 2668
list, 3129, 2461, 3727
list, 3130, 2955, 3682
list, 3131, 5703, 4200
list, 3132, 3849, 3842
list, 3133, 4893, 4351
list, 3134, 3080, 3261
list, 3135, 4538, 4067
list, 3136, 3219, 2663
list, 3137, 1151, 1060
list, 3138, 1701, 3057
list, 3139, 2243, 1810
list, 3140, 1083, 2247
list, 3141, 220, 148
list, 3142, 3267, 2934
list, 3143, 2522, 3010
list, 3144, 2868, 3804
list, 3145, 3726, 3255
list, 3146, 1552, 2740
list, 3147, 2441, 2419
list, 3148, 1819, 2801
list, 3149, 2984, 3658
list, 3150, 4690, 4310
list, 3151, 3019, 3393
list, 3152, 4444, 3725
list, 3153, 2837, 2983
list, 3154, 1442, 2653
list, 3155, 3668, 3042
list, 3156, 608, 2223
list, 3157, 4589, 4387
list, 3158, 2492, 2852
list, 3159, 2819, 3242
list, 3160, 4118, 3862
list, 3161, 5298, 5027
list, 3162, 3170, 3037
list, 3163, 3911, 3410
list, 3164, 3563, 3149
list, 3165, 1599, 2681
list, 3166, 2722, 3547
list, 3167, 6253, 4417
list, 3168, 4544, 2855
list, 3169, 1932, 2364
list, 3170, 2509, 3036
list, 3171, 3706, 3731
list, 3172, 2245, 2847
list, 3173, 4860, 4783
list, 3174, 3163, 3411
list, 3175, 4999, 3384
list, 3176, 4114, 3319
list, 3177, 2534, 3556
list, 3178, 2366, 2830
list, 3179, 3166, 3548
list, 3180, 3257, 3338
list, 3181, 3011, 3237
list, 3182, 2999, 3023
list, 3183, 4079, 4012
list, 3184, 3406, 3450
list, 3185, 4366, 4260
list, 3186, 2556, 2701
list, 3187, 2922, 2730
list, 3188, 2397, 3434
list, 3189, 5744, 3324
list, 3190, 2956, 4064
list, 3191, 43, 228
list, 3192, 4041, 3197
list, 3193, 2656, 2441
list, 3194, 3665, 3673
list, 3195, 3024, 3077
list, 3196, 3246, 3074
list, 3197, 1357, 1605
list, 3198, 4639, 3949
list, 3199, 2853, 3930
list, 3200, 2744, 2596
list, 3201, 2108, 2779
list, 3202, 1507, 1957
list, 3203, 2063, 2254
list, 3204, 4559, 4377
list, 3205, 4942, 3890
list, 3206, 2766, 3016
list, 3207, 2976, 2456
list, 3208, 2821, 3790
list, 3209, 2913, 2922
list, 3210, 3195, 3078
list, 3211, 2200, 2543
list, 3212, 4957, 3468
list, 3213, 2794, 2413
list, 3214, 1516, 2818
list, 3215, 3110, 4863
list, 3216, 3270, 3483
list, 3217, 3378, 2369
list, 3218, 3557, 3745
list, 3219, 2593, 2662
list, 3220, 2625, 4460
list, 3221, 4681, 3213
list, 3222, 2144, 2356
list, 3223, 4250, 4231
list, 3224, 2349, 3603
list, 3225, 4379, 3099
list, 3226, 4073, 3429
list, 3227, 2253, 2907
list, 3228, 1417, 2377
list, 3229, 2105, 3382
list, 3230, 1560, 3322
list, 3231, 2238, 2939
list, 3232, 3194, 3674
list, 3233, 1774, 2131
list, 3234, 2041, 3480
list, 3235, 3343, 3059
list, 3236, 3414, 3913
list, 3237, 2860, 3106
list, 3238, 5186, 3641
list, 3239, 4610, 4204
list, 3240, 2727, 4221
list, 3241, 2667, 2953
list, 3242, 3809, 3267
list, 3243, 3441, 3184
list, 3244, 3095, 2624
list, 3245, 3904, 3911
list, 3246, 4704, 3073
list, 3247, 5064, 4785
list, 3248, 4577, 4984
list, 3249, 4720, 3963
list, 3250, 4121, 2969
list, 3251, 2532, 2326
list, 3252, 3350, 3580
list, 3253, 2801, 3366
list, 3254, 3053, 3466
list, 3255, 3504, 2724
list, 3256, 2276, 2736
list, 3257, 3524, 3337
list, 3258, 4164, 3215
list, 3259, 4508, 4642
list, 3260, 2490, 2840
list, 3261, 4679, 4707
list, 3262, 3579, 3145
list, 3263, 3512, 2648
list, 3264, 3990, 3353
list, 3265, 2775, 3047
list, 3266, 2228, 4164
list, 3267, 4055, 2933
list, 3268, 2197, 2497
list, 3269, 3082, 2616
list, 3270, 3278, 3482
list, 3271, 4346, 4087
list, 3272, 4188, 3529
list, 3273, 4021, 3055
list, 3274, 2708, 3154
list, 3275, 3042, 3118
list, 3276, 2610, 2909
list, 3277, 2963, 3983
list, 3278, 3234, 3481
list, 3279, 2222, 2289
list, 3280, 1624, 2280
list, 3281, 2635, 3229
list, 3282, 2354, 3734
list, 3283, 4503, 2811
list, 3284, 4788, 4340
list, 3285, 3853, 3709
list, 3286, 3619, 3877
list, 3287, 5325, 6294
list, 3288, 1749, 2850
list, 3289, 3415, 2533
list, 3290, 3464, 3753
list, 3291, 2518, 3205
list, 3292, 3108, 4084
list, 3293, 1768, 3380
list, 3294, 3076, 3405
list, 3295, 2607, 2423
list, 3296, 3655, 2656
list, 3297, 4561, 4278
list, 3298, 1312, 1900
list, 3299, 3815, 3716
list, 3300, 2581, 2638
list, 3301, 3417, 3391
list, 3302, 4973, 3620
list, 3303, 3889, 3751
list, 3304, 4082, 3737
list, 3305, 3945, 4512
list, 3306, 3072, 3225
list, 3307, 2427, 2733
list, 3308, 4134, 2912
list, 3309, 2554, 2460
list, 3310, 4095, 3827
list, 3311, 2717, 2027
list, 3312, 3335, 3651
list, 3313, 3075, 2712
list, 3314, 3799, 4488
list, 3315, 2309, 2093
list, 3316, 3292, 4085
list, 3317, 3111, 2380
list, 3318, 8672, 6784
list, 3319, 4419, 4177
list, 3320, 1550, 2500
list, 3321, 5866, 4905
list, 3322, 3716, 4181
list, 3323, 3548, 2333
list, 3324, 5258, 4492
list, 3325, 1533, 1442
list, 3326, 2638, 3626
list, 3327, 835, 1582
list, 3328, 3054, 2756
list, 3329, 1050, 3372
list, 3330, 2715, 2944
list, 3331, 4794, 3993
list, 3332, 3617, 3033
list, 3333, 4620, 3836
list, 3334, 4158, 3577
list, 3335, 1014, 3650
list, 3336, 3447, 3293
list, 3337, 2241, 2143
list, 3338, 3105, 2936
list, 3339, 3516, 3979
list, 3340, 2779, 2898
list, 3341, 1490, 1977
list, 3342, 4078, 4005
list, 3343, 3138, 3058
list, 3344, 3553, 3686
list, 3345, 5420, 4542
list, 3346, 3789, 4291
list, 3347, 4684, 3191
list, 3348, 3555, 3643
list, 3349, 1956, 2158
list, 3350, 2753, 3579
list, 3351, 2925, 2185
list, 3352, 4766, 4781
list, 3353, 3912, 2931
list, 3354, 4412, 4263
list, 3355, 3348, 3644
list, 3356, 2986, 2875
list, 3357, 5125, 5330
list, 3358, 4426, 4269
list, 3359, 2758, 2217
list, 3360, 3513, 2959
list, 3361, 1455, 2877
list, 3362, 4172, 3719
list, 3363, 967, 1907
list, 3364, 2761, 3314
list, 3365, 5070, 3593
list, 3366, 4063, 4161
list, 3367, 1486, 1551
list, 3368, 2294, 1939
list, 3369, 6498, 4702
list, 3370, 3344, 3687
list, 3371, 1306, 2243
list, 3372, 2726, 2261
list, 3373, 4854, 3986
list, 3374, 2285, 2925
list, 3375, 3502, 3454
list, 3376, 3838, 3702
list, 3377, 740, 3027
list, 3378, 1659, 2368
list, 3379, 2720, 2956
list, 3380, 5130, 3887
list, 3381, 3850, 3081
list, 3382, 3903, 3808
list, 3383, 3256, 2737
list, 3384, 5826, 4196
list, 3385, 3953, 3566
list, 3386, 4811, 3523
list, 3387, 1305, 2748
list, 3388, 4447, 3571
list, 3389, 3860, 3187
list, 3390, 6686, 6035
list, 3391, 3294, 3406
list, 3392, 4321, 3181
list, 3393, 3612, 3122
list, 3394, 2040, 2827
list, 3395, 4047, 3476
list, 3396, 3451, 2727
list, 3397, 1597, 2155
list, 3398, 3313, 2713
list, 3399, 4776, 3760
list, 3400, 3735, 3303
list, 3401, 3232, 3675
list, 3402, 3206, 3017
list, 3403, 4334, 3573
list, 3404, 4932, 3670
list, 3405, 3036, 3103
list, 3406, 3463, 3449
list, 3407, 4008, 4040
list, 3408, 5047, 4851
list, 3409, 2409, 2567
list, 3410, 3358, 4270
list, 3411, 2147, 3069
list, 3412, 3614, 3509
list, 3413, 3395, 3477
list, 3414, 3245, 3912
list, 3415, 1628, 2532
list, 3416, 3690, 3812
list, 3417, 3944, 3390
list, 3418, 4206, 3704
list, 3419, 5766, 6369
list, 3420, 1138, 2965
list, 3421, 3693, 3492
list, 3422, 3155, 3043
list, 3423, 3978, 3857
list, 3424, 4276, 3587
list, 3425, 3822, 3598
list, 3426, 5530, 4303
list, 3427, 3310, 3828
list, 3428, 5189, 3601
list, 3429, 3594, 2750
list, 3430, 2505, 3438
list, 3431, 3407, 4041
list, 3432, 6109, 4847
list, 3433, 5469, 4889
list, 3434, 2655, 1756
list, 3435, 5392, 3989
list, 3436, 4137, 2453
list, 3437, 5675, 3637
list, 3438, 2263, 3217
list, 3439, 629, 1628
list, 3440, 1877, 3916
list, 3441, 1630, 3183
list, 3442, 5978, 5094
list, 3443, 2901, 4759
list, 3444, 2207, 2688
list, 3445, 2018, 3663
list, 3446, 4813, 4118
list, 3447, 3117, 3292
list, 3448, 2463, 2675
list, 3449, 6170, 5399
list, 3450, 4399, 4663
list, 3451, 1609, 2726
list, 3452, 3445, 3664
list, 3453, 2557, 3613
list, 3454, 3607, 3940
list, 3455, 4473, 4057
list, 3456, 1508, 2193
list, 3457, 1699, 2975
list, 3458, 4940, 4427
list, 3459, 4085, 3535
list, 3460, 3421, 3493
list, 3461, 5082, 4047
list, 3462, 781, 2307
list, 3463, 4943, 3448
list, 3464, 3303, 3752
list, 3465, 1847, 2153
list, 3466, 5412, 4870
list, 3467, 3189, 3325
list, 3468, 2689, 2950
list, 3469, 4104, 2915
list, 3470, 3369, 4703
list, 3471, 3467, 3326
list, 3472, 4231, 3647
list, 3473, 2713, 3295
list, 3474, 4669, 3568
list, 3475, 1717, 1931
list, 3476, 6108, 5214
list, 3477, 2769, 3457
list, 3478, 6025, 4485
list, 3479, 1636, 2162
list, 3480, 5563, 5208
list, 3481, 2039, 3162
list, 3482, 3187, 2731
list, 3483, 3533, 3628
list, 3484, 4031, 3919
list, 3485, 4298, 4242
list, 3486, 3450, 4664
list, 3487, 2240, 3129
list, 3488, 3670, 5138
list, 3489, 2531, 3249
list, 3490, 4294, 5110
list, 3491, 3001, 3101
list, 3492, 3035, 4194
list, 3493, 3012, 3344
list, 3494, 5386, 4802
list, 3495, 3089, 2902
list, 3496, 5485, 3900
list, 3497, 1930, 2815
list, 3498, 2678, 3360
list, 3499, 2408, 2721
list, 3500, 3997, 4023
list, 3501, 5088, 4684
list, 3502, 2777, 3453
list, 3503, 1994, 2066
list, 3504, 3582, 2723
list, 3505, 5443, 4530
list, 3506, 2415, 3240
list, 3507, 1753, 1831
list, 3508, 3027, 3543
list, 3509, 4834, 4054
list, 3510, 2213, 3661
list, 3511, 4437, 4147
list, 3512, 2806, 2647
list, 3513, 2807, 2958
list, 3514, 4664, 3845
list, 3515, 1610, 2387
list, 3516, 2411, 3978
list, 3517, 1196, 2997
list, 3518, 3792, 3002
list, 3519, 3790, 3013
list, 3520, 4622, 4179
list, 3521, 4033, 3442
list, 3522, 3373, 3987
list, 3523, 3673, 2482
list, 3524, 3986, 3336
list, 3525, 1475, 3116
list, 3526, 3686, 3521
list, 3527, 4948, 3713
list, 3528, 5462, 3533
list, 3529, 6670, 6685
list, 3530, 2128, 2679
list, 3531, 4496, 2636
list, 3532, 3299, 3717
list, 3533, 3326, 3627
list, 3534, 4061, 3778
list, 3535, 2691, 3852
list, 3536, 3658, 4952
list, 3537, 3694, 3756
list, 3538, 5205, 4216
list, 3539, 3599, 3823
list, 3540, 3634, 3006
list, 3541, 3249, 3964
list, 3542, 5309, 4105
list, 3543, 5440, 4555
list, 3544, 2653, 2919
list, 3545, 3873, 3679
list, 3546, 3017, 3193
list, 3547, 2998, 2792
list, 3548, 3890, 2332
list, 3549, 3039, 3362
list, 3550, 94, 20
list, 3551, 4560, 3515
list, 3552, 2269, 3159
list, 3553, 3749, 3685
list, 3554, 6226, 5868
list, 3555, 3238, 3642
list, 3556, 3306, 3226
list, 3557, 3836, 3744
list, 3558, 1180, 1750
list, 3559, 5473, 4749
list, 3560, 4410, 4537
list, 3561, 3618, 3459
list, 3562, 1807, 2055
list, 3563, 2035, 3148
list, 3564, 4527, 3869
list, 3565, 3094, 2999
list, 3566, 2900, 2665
list, 3567, 2524, 2391
list, 3568, 2115, 3398
list, 3569, 4350, 3849
list, 3570, 4696, 5107
list, 3571, 6751, 3474
list, 3572, 4467, 3471
list, 3573, 4051, 3513
list, 3574, 3698, 2891
list, 3575, 3179, 3549
list, 3576, 3201, 2780
list, 3577, 3556, 3227
list, 3578, 926, 780
list, 3579, 2311, 3144
list, 3580, 2347, 2470
list, 3581, 4166, 3896
list, 3582, 3499, 2722
list, 3583, 2261, 2718
list, 3584, 2459, 2822
list, 3585, 2850, 3564
list, 3586, 3164, 3150
list, 3587, 2918, 3818
list, 3588, 5323, 4244
list, 3589, 4808, 3902
list, 3590, 4105, 4288
list, 3591, 4062, 3231
list, 3592, 3199, 3931
list, 3593, 2107, 3156
list, 3594, 3387, 2749
list, 3595, 2260, 3349
list, 3596, 3855, 3832
list, 3597, 3651, 2506
list, 3598, 3063, 3957
list, 3599, 2826, 3822
list, 3600, 1336, 1911
list, 3601, 4354, 4257
list, 3602, 3209, 2923
list, 3603, 3636, 3507
list, 3604, 3384, 4197
list, 3605, 2885, 3611
list, 3606, 3778, 4569
list, 3607, 4190, 3939
list, 3608, 4515, 3693
list, 3609, 3380, 3888
list, 3610, 4107, 4110
list, 3611, 3423, 3858
list, 3612, 2827, 3121
list, 3613, 4591, 4998
list, 3614, 3603, 3508
list, 3615, 2714, 3729
list, 3616, 2549, 2709
list, 3617, 2292, 3032
list, 3618, 3477, 3458
list, 3619, 4429, 3876
list, 3620, 4551, 4517
list, 3621, 5594, 5086
list, 3622, 3178, 2831
list, 3623, 2570, 3178
list, 3624, 4307, 4031
list, 3625, 2034, 3173
list, 3626, 5089, 6060
list, 3627, 4504, 4622
list, 3628, 3382, 3809
list, 3629, 6353, 5102
list, 3630, 3331, 3994
list, 3631, 3276, 2910
list, 3632, 4907, 3922
list, 3633, 5481, 4520
list, 3634, 2091, 3005
list, 3635, 4468, 3934
list, 3636, 4201, 3506
list, 3637, 3418, 3705
list, 3638, 4434, 4121
list, 3639, 3740, 3333
list, 3640, 2946, 2587
list, 3641, 3880, 4347
list, 3642, 313, 2576
list, 3643, 2808, 3540
list, 3644, 3539, 3824
list, 3645, 2596, 3700
list, 3646, 4324, 4482
list, 3647, 4472, 4226
list, 3648, 4117, 3655
list, 3649, 2966, 2774
list, 3650, 2011, 2330
list, 3651, 3025, 2505
list, 3652, 4111, 3559
list, 3653, 3564, 3870
list, 3654, 3243, 3185
list, 3655, 3004, 2655
list, 3656, 2935, 2893
list, 3657, 2472, 3596
list, 3658, 5369, 4951
list, 3659, 4409, 3300
list, 3660, 6611, 5441
list, 3661, 4693, 3834
list, 3662, 2469, 2349
list, 3663, 4355, 4363
list, 3664, 3639, 3334
list, 3665, 4246, 3672
list, 3666, 3580, 2471
list, 3667, 3709, 3518
list, 3668, 3081, 3041
list, 3669, 3454, 3941
list, 3670, 4726, 5137
list, 3671, 3427, 3829
list, 3672, 4337, 3525
list, 3673, 2116, 2481
list, 3674, 3236, 3914
list, 3675, 3049, 3168
list, 3676, 1649, 2699
list, 3677, 5808, 5130
list, 3678, 4139, 3111
list, 3679, 2873, 3783
list, 3680, 998, 1277
list, 3681, 5993, 3275
list, 3682, 1447, 2145
list, 3683, 3362, 3720
list, 3684, 3084, 3490
list, 3685, 512, 508
list, 3686, 2429, 3520
list, 3687, 3802, 4800
list, 3688, 3013, 3943
list, 3689, 2546, 2303
list, 3690, 4191, 3811
list, 3691, 3184, 3451
list, 3692, 2917, 3171
list, 3693, 3684, 3491
list, 3694, 3955, 3755
list, 3695, 5595, 4737
list, 3696, 4592, 4010
list, 3697, 3264, 3354
list, 3698, 1862, 2890
list, 3699, 3812, 3892
list, 3700, 3364, 3315
list, 3701, 4149, 3847
list, 3702, 3637, 3706
list, 3703, 4619, 2516
list, 3704, 2907, 2988
list, 3705, 2248, 2315
list, 3706, 3615, 3730
list, 3707, 3764, 3141
list, 3708, 3214, 2819
list, 3709, 4911, 3517
list, 3710, 3808, 3061
list, 3711, 4471, 3635
list, 3712, 4007, 3088
list, 3713, 5492, 4567
list, 3714, 1672, 4732
list, 3715, 3965, 2558
list, 3716, 3520, 4180
list, 3717, 4225, 4097
list, 3718, 1783, 3039
list, 3719, 1535, 2490
list, 3720, 3190, 4065
list, 3721, 2371, 2509
list, 3722, 4182, 4072
list, 3723, 4445, 4447
list, 3724, 809, 2436
list, 3725, 7049, 4724
list, 3726, 4330, 3254
list, 3727, 2696, 3269
list, 3728, 4025, 3305
list, 3729, 3947, 4787
list, 3730, 3115, 4360
list, 3731, 3569, 3850
list, 3732, 2391, 2578
list, 3733, 3102, 3696
list, 3734, 3888, 3747
list, 3735, 2982, 3302
list, 3736, 3408, 4852
list, 3737, 2985, 3462
list, 3738, 1857, 2493
list, 3739, 4461, 3880
list, 3740, 1328, 3332
list, 3741, 4171, 3996
list, 3742, 3960, 4275
list, 3743, 3542, 4106
list, 3744, 2038, 3328
list, 3745, 2809, 3330
list, 3746, 3092, 3403
list, 3747, 3068, 3589
list, 3748, 2950, 3246
list, 3749, 1443, 3684
list, 3750, 6171, 4534
list, 3751, 3977, 4049
list, 3752, 4093, 4627
list, 3753, 4941, 4422
list, 3754, 3394, 2828
list, 3755, 4770, 4809
list, 3756, 3624, 4032
list, 3757, 1558, 2981
list, 3758, 2446, 3583
list, 3759, 4115, 4313
list, 3760, 2327, 2789
list, 3761, 3282, 3735
list, 3762, 3981, 3927
list, 3763, 3941, 3894
list, 3764, 2204, 3140
list, 3765, 3171, 3732
list, 3766, 3262, 3146
list, 3767, 4295, 4879
list, 3768, 4708, 4696
list, 3769, 3056, 3561
list, 3770, 4278, 3799
list, 3771, 1165, 1983
list, 3772, 3083, 3689
list, 3773, 5184, 4825
list, 3774, 4862, 3762
list, 3775, 4919, 3615
list, 3776, 3796, 4909
list, 3777, 6046, 4452
list, 3778, 3713, 4568
list, 3779, 3097, 2972
list, 3780, 2709, 3413
list, 3781, 5883, 5223
list, 3782, 4850, 4764
list, 3783, 3717, 4098
list, 3784, 3974, 4390
list, 3785, 3902, 3220
list, 3786, 3967, 2808
list, 3787, 4927, 5144
list, 3788, 4236, 3251
list, 3789, 4064, 4290
list, 3790, 2704, 3012
list, 3791, 2016, 3420
list, 3792, 4214, 3001
list, 3793, 3272, 3530
list, 3794, 4224, 4153
list, 3795, 4853, 4384
list, 3796, 4197, 4908
list, 3797, 3983, 3882
list, 3798, 5360, 3884
list, 3799, 5008, 4487
list, 3800, 2695, 3312
list, 3801, 2944, 4027
list, 3802, 5096, 4799
list, 3803, 4967, 3653
list, 3804, 4655, 5794
list, 3805, 2136, 2772
list, 3806, 4641, 5182
list, 3807, 2180, 3284
list, 3808, 3235, 3060
list, 3809, 2316, 3266
list, 3810, 4259, 4170
list, 3811, 2773, 1881
list, 3812, 3205, 3891
list, 3813, 2512, 3175
list, 3814, 5154, 4186
list, 3815, 4689, 3715
list, 3816, 2938, 3416
list, 3817, 2781, 3418
list, 3818, 3871, 3796
list, 3819, 4387, 4317
list, 3820, 5641, 4955
list, 3821, 3907, 3767
list, 3822, 3657, 3597
list, 3823, 4615, 4730
list, 3824, 5224, 4633
list, 3825, 3648, 3656
list, 3826, 4351, 4132
list, 3827, 6586, 4766
list, 3828, 3994, 4150
list, 3829, 2545, 3618
list, 3830, 4994, 5098
list, 3831, 5965, 4694
list, 3832, 4098, 4370
list, 3833, 3277, 3984
list, 3834, 1237, 2643
list, 3835, 4881, 5118
list, 3836, 3098, 3743
list, 3837, 3172, 2848
list, 3838, 3645, 3701
list, 3839, 3703, 2517
list, 3840, 1734, 2767
list, 3841, 4264, 4219
list, 3842, 4803, 4560
list, 3843, 3220, 4461
list, 3844, 2831, 3667
list, 3845, 4735, 2684
list, 3846, 4901, 4719
list, 3847, 3952, 3865
list, 3848, 4576, 4834
list, 3849, 4427, 3841
list, 3850, 2272, 3080
list, 3851, 4120, 5031
list, 3852, 3791, 3421
list, 3853, 6232, 3708
list, 3854, 4045, 4651
list, 3855, 3980, 3831
list, 3856, 4377, 3959
list, 3857, 4534, 4373
list, 3858, 2178, 3374
list, 3859, 2662, 3134
list, 3860, 3654, 3186
list, 3861, 2455, 2785
list, 3862, 3742, 4276
list, 3863, 5135, 4375
list, 3864, 3644, 3825
list, 3865, 4984, 4842
list, 3866, 4831, 5061
list, 3867, 4649, 3164
list, 3868, 4005, 3860
list, 3869, 3622, 2832
list, 3870, 5792, 5582
list, 3871, 4094, 3795
list, 3872, 4841, 4812
list, 3873, 4423, 3678
list, 3874, 3961, 3769
list, 3875, 5305, 4576
list, 3876, 3584, 2823
list, 3877, 4091, 4546
list, 3878, 3323, 2334
list, 3879, 4297, 4076
list, 3880, 3881, 4346
list, 3881, 4599, 4345
list, 3882, 4650, 3972
list, 3883, 2915, 2860
list, 3884, 4899, 4381
list, 3885, 4965, 4125
list, 3886, 3518, 3003
list, 3887, 2590, 3279
list, 3888, 3218, 3746
list, 3889, 4133, 3750
list, 3890, 3650, 2331
list, 3891, 2376, 3966
list, 3892, 2737, 4206
list, 3893, 5933, 4599
list, 3894, 2328, 3126
list, 3895, 4312, 4051
list, 3896, 654, 1667
list, 3897, 2450, 3427
list, 3898, 2881, 3297
list, 3899, 3588, 4245
list, 3900, 4742, 5189
list, 3901, 4751, 4969
list, 3902, 4768, 3219
list, 3903, 1786, 3807
list, 3904, 4491, 3910
list, 3905, 5389, 4190
list, 3906, 5278, 5586
list, 3907, 4425, 3766
list, 3908, 2341, 2978
list, 3909, 2163, 2715
list, 3910, 3151, 3394
list, 3911, 2591, 3409
list, 3912, 2813, 2930
list, 3913, 1673, 1797
list, 3914, 4352, 4358
list, 3915, 5433, 4649
list, 3916, 3333, 3837
list, 3917, 4946, 4854
list, 3918, 4512, 3976
list, 3919, 3079, 2104
list, 3920, 5020, 4401
list, 3921, 4969, 4266
list, 3922, 2934, 3378
list, 3923, 3440, 3917
list, 3924, 4084, 4337
list, 3925, 5180, 4687
list, 3926, 4666, 4436
list, 3927, 4578, 6718
list, 3928, 3854, 4652
list, 3929, 4588, 3968
list, 3930, 3869, 2833
list, 3931, 3240, 4222
list, 3932, 5483, 5175
list, 3933, 5051, 2554
list, 3934, 5830, 4949
list, 3935, 4141, 3364
list, 3936, 4308, 4925
list, 3937, 3734, 3748
list, 3938, 5238, 4356
list, 3939, 5745, 4183
list, 3940, 5363, 4865
list, 3941, 3699, 3893
list, 3942, 4686, 4280
list, 3943, 4266, 4629
list, 3944, 3014, 3389
list, 3945, 4814, 4511
list, 3946, 4128, 4299
list, 3947, 3247, 4786
list, 3948, 3534, 3779
list, 3949, 3635, 3935
list, 3950, 4687, 5132
list, 3951, 3946, 4300
list, 3952, 2923, 3864
list, 3953, 3585, 3565
list, 3954, 5268, 5327
list, 3955, 3290, 3754
list, 3956, 4799, 4672
list, 3957, 2332, 2536
list, 3958, 1731, 3485
list, 3959, 4029, 3113
list, 3960, 5780, 4274
list, 3961, 3821, 3768
list, 3962, 2301, 2198
list, 3963, 5817, 5202
list, 3964, 3073, 4583
list, 3965, 2669, 2557
list, 3966, 2312, 3131
list, 3967, 1793, 2807
list, 3968, 4470, 3424
list, 3969, 4612, 4343
list, 3970, 3116, 3608
list, 3971, 3920, 4402
list, 3972, 3795, 4385
list, 3973, 3774, 3763
list, 3974, 4465, 4389
list, 3975, 4241, 4728
list, 3976, 2125, 4250
list, 3977, 3461, 4048
list, 3978, 4642, 3856
list, 3979, 5564, 4699
list, 3980, 3671, 3830
list, 3981, 5208, 3926
list, 3982, 2954, 2660
list, 3983, 3739, 3881
list, 3984, 5247, 4912
list, 3985, 3181, 3238
list, 3986, 3664, 3335
list, 3987, 2657, 3488
list, 3988, 4953, 4306
list, 3989, 5521, 6147
list, 3990, 3030, 3352
list, 3991, 3769, 3562
list, 3992, 5445, 4353
list, 3993, 6206, 5282
list, 3994, 4403, 4149
list, 3995, 5187, 4740
list, 3996, 2537, 2883
list, 3997, 6144, 4022
list, 3998, 3979, 4700
list, 3999, 3593, 3157
list, 4000, 3425, 3599
list, 4001, 4874, 5033
list, 4002, 4678, 3908
list, 4003, 4902, 4996
list, 4004, 4652, 3815
list, 4005, 3611, 3859
list, 4006, 2756, 2795
list, 4007, 2887, 3087
list, 4008, 4825, 4039
list, 4009, 4918, 5334
list, 4010, 5252, 4772
list, 4011, 4284, 3775
list, 4012, 2847, 3272
list, 4013, 2173, 2560
list, 4014, 4271, 4470
list, 4015, 4180, 4093
list, 4016, 4406, 4467
list, 4017, 3429, 2751
list, 4018, 3826, 4133
list, 4019, 4038, 3698
list, 4020, 5418, 4439
list, 4021, 4129, 3054
list, 4022, 4600, 4971
list, 4023, 4195, 4157
list, 4024, 1927, 4069
list, 4025, 3400, 3304
list, 4026, 2214, 2598
list, 4027, 3391, 3407
list, 4028, 6712, 6562
list, 4029, 3678, 3112
list, 4030, 2857, 3091
list, 4031, 3923, 3918
list, 4032, 4273, 3872
list, 4033, 4318, 3441
list, 4034, 5402, 3630
list, 4035, 4131, 3545
list, 4036, 4745, 4443
list, 4037, 4039, 4081
list, 4038, 3733, 3697
list, 4039, 4616, 4080
list, 4040, 4733, 5361
list, 4041, 4456, 3196
list, 4042, 4658, 5112
list, 4043, 3785, 3221
list, 4044, 5085, 5089
list, 4045, 3915, 4650
list, 4046, 5279, 5529
list, 4047, 3571, 3475
list, 4048, 4774, 3974
list, 4049, 4382, 4322
list, 4050, 3446, 4119
list, 4051, 5270, 3512
list, 4052, 3954, 5328
list, 4053, 4204, 3396
list, 4054, 4011, 3776
list, 4055, 3353, 2932
list, 4056, 5054, 4408
list, 4057, 4680, 4674
list, 4058, 2941, 4532
list, 4059, 4638, 4410
list, 4060, 4178, 3585
list, 4061, 4054, 3777
list, 4062, 3281, 3230
list, 4063, 4703, 4160
list, 4064, 3590, 4289
list, 4065, 4222, 4499
list, 4066, 3058, 1873
list, 4067, 5463, 4108
list, 4068, 5071, 4603
list, 4069, 3943, 4630
list, 4070, 4763, 4959
list, 4071, 5403, 5194
list, 4072, 3134, 3262
list, 4073, 3897, 3428
list, 4074, 4871, 4791
list, 4075, 5482, 5588
list, 4076, 3175, 3385
list, 4077, 2989, 3436
list, 4078, 4596, 4004
list, 4079, 3696, 4011
list, 4080, 2474, 3257
list, 4081, 1372, 2120
list, 4082, 3761, 3736
list, 4083, 6539, 5339
list, 4084, 4547, 4336
list, 4085, 3528, 3534
list, 4086, 3132, 3843
list, 4087, 5455, 5901
list, 4088, 3683, 3721
list, 4089, 3663, 4364
list, 4090, 5303, 4420
list, 4091, 4836, 4545
list, 4092, 3253, 3367
list, 4093, 2700, 4626
list, 4094, 2336, 3794
list, 4095, 3864, 3826
list, 4096, 4376, 3906
list, 4097, 5884, 5622
list, 4098, 4634, 4369
list, 4099, 5091, 4248
list, 4100, 3874, 3770
list, 4101, 4478, 3633
list, 4102, 5352, 6113
list, 4103, 4245, 4061
list, 4104, 2791, 2914
list, 4105, 5964, 4287
list, 4106, 5262, 5048
list, 4107, 4067, 4109
list, 4108, 3153, 2984
list, 4109, 3798, 3885
list, 4110, 3931, 4223
list, 4111, 2874, 3558
list, 4112, 4624, 4089
list, 4113, 3828, 4151
list, 4114, 2587, 3318
list, 4115, 3104, 4312
list, 4116, 5159, 5806
list, 4117, 3803, 3654
list, 4118, 3868, 3861
list, 4119, 2971, 4564
list, 4120, 4929, 5030
list, 4121, 2894, 2968
list, 4122, 1169, 3504
list, 4123, 5592, 4816
list, 4124, 6260, 6336
list, 4125, 4807, 4490
list, 4126, 3627, 4623
list, 4127, 2799, 4128
list, 4128, 4417, 4298
list, 4129, 2281, 3053
list, 4130, 4573, 3083
list, 4131, 3508, 3544
list, 4132, 4668, 4572
list, 4133, 3937, 3749
list, 4134, 3631, 2911
list, 4135, 4396, 3029
list, 4136, 2322, 3741
list, 4137, 2231, 2452
list, 4138, 3393, 3123
list, 4139, 2733, 3110
list, 4140, 5080, 4145
list, 4141, 3549, 3363
list, 4142, 5056, 4989
list, 4143, 2889, 2641
list, 4144, 4169, 3970
list, 4145, 5897, 5163
list, 4146, 2730, 4091
list, 4147, 7297, 5780
list, 4148, 3970, 3609
list, 4149, 3514, 3846
list, 4150, 4485, 6303
list, 4151, 3814, 4187
list, 4152, 2672, 3094
list, 4153, 5419, 5006
list, 4154, 2973, 2742
list, 4155, 6846, 6471
list, 4156, 6047, 4793
list, 4157, 4315, 4591
list, 4158, 3005, 3576
list, 4159, 7544, 6613
list, 4160, 3942, 4281
list, 4161, 2603, 3340
list, 4162, 4585, 5003
list, 4163, 4985, 3788
list, 4164, 3221, 3214
list, 4165, 5358, 4074
list, 4166, 3763, 3895
list, 4167, 5060, 5930
list, 4168, 7208, 4614
list, 4169, 3929, 3969
list, 4170, 4536, 3955
list, 4171, 3630, 3995
list, 4172, 3532, 3718
list, 4173, 4889, 4876
list, 4174, 5235, 4445
list, 4175, 5646, 3606
list, 4176, 3770, 3800
list, 4177, 4466, 4646
list, 4178, 3758, 3584
list, 4179, 4637, 4398
list, 4180, 4146, 4092
list, 4181, 5859, 5435
list, 4182, 5041, 4071
list, 4183, 5856, 3802
list, 4184, 3476, 5215
list, 4185, 424, 2475
list, 4186, 4202, 4211
list, 4187, 4292, 4415
list, 4188, 4329, 3528
list, 4189, 4020, 4440
list, 4190, 4207, 3938
list, 4191, 3628, 3810
list, 4192, 4998, 4233
list, 4193, 4785, 4139
list, 4194, 2259, 3551
list, 4195, 4756, 4156
list, 4196, 3971, 4403
list, 4197, 5517, 4907
list, 4198, 5057, 4872
list, 4199, 2899, 3288
list, 4200, 4764, 4496
list, 4201, 4122, 3505
list, 4202, 4313, 4210
list, 4203, 3474, 3569
list, 4204, 3910, 3395
list, 4205, 4533, 5168
list, 4206, 3376, 3703
list, 4207, 4497, 3937
list, 4208, 4706, 4502
list, 4209, 2548, 1812
list, 4210, 2010, 3199
list, 4211, 4869, 4818
list, 4212, 3374, 2926
list, 4213, 5058, 4579
list, 4214, 3565, 3000
list, 4215, 6268, 5451
list, 4216, 3984, 4913
list, 4217, 3000, 4103
list, 4218, 5053, 4743
list, 4219, 3309, 2461
list, 4220, 4873, 4526
list, 4221, 3794, 4154
list, 4222, 4450, 4498
list, 4223, 4977, 4734
list, 4224, 4113, 4152
list, 4225, 4335, 4096
list, 4226, 4014, 4471
list, 4227, 3801, 4028
list, 4228, 5788, 5315
list, 4229, 6121, 5566
list, 4230, 3204, 4378
list, 4231, 4780, 3646
list, 4232, 3948, 3780
list, 4233, 3647, 4227
list, 4234, 5285, 5124
list, 4235, 3544, 2920
list, 4236, 3489, 3250
list, 4237, 5307, 4367
list, 4238, 5152, 4166
list, 4239, 5084, 4562
list, 4240, 1785, 2697
list, 4241, 5199, 4727
list, 4242, 4089, 4365
list, 4243, 4583, 4208
list, 4244, 7131, 5354
list, 4245, 4630, 4060
list, 4246, 3404, 3671
list, 4247, 4161, 3341
list, 4248, 3509, 4055
list, 4249, 2658, 3998
list, 4250, 4380, 4230
list, 4251, 8426, 7367
list, 4252, 4402, 3223
list, 4253, 4752, 4325
list, 4254, 3806, 5183
list, 4255, 4524, 4333
list, 4256, 5475, 5000
list, 4257, 2869, 4115
list, 4258, 3818, 3797
list, 4259, 4830, 4169
list, 4260, 3859, 3135
list, 4261, 3261, 4708
list, 4262, 3995, 4741
list, 4263, 5076, 4349
list, 4264, 4283, 4218
list, 4265, 4725, 4553
list, 4266, 3752, 4628
list, 4267, 5565, 4857
list, 4268, 3756, 4033
list, 4269, 5436, 4456
list, 4270, 2697, 4514
list, 4271, 4502, 4469
list, 4272, 5050, 3758
list, 4273, 3653, 3871
list, 4274, 5810, 5819
list, 4275, 5029, 4982
list, 4276, 4060, 3586
list, 4277, 6017, 5501
list, 4278, 4258, 3798
list, 4279, 6068, 4806
list, 4280, 5045, 4413
list, 4281, 2723, 3624
list, 4282, 5153, 4692
list, 4283, 3538, 4217
list, 4284, 1791, 3774
list, 4285, 2255, 2871
list, 4286, 6831, 6537
list, 4287, 3064, 4130
list, 4288, 3431, 4042
list, 4289, 5289, 5277
list, 4290, 6133, 4745
list, 4291, 4386, 4821
list, 4292, 4280, 4414
list, 4293, 4157, 4592
list, 4294, 4717, 5109
list, 4295, 6317, 4878
list, 4296, 5707, 5658
list, 4297, 4165, 4075
list, 4298, 5171, 4241
list, 4299, 4682, 4141
list, 4300, 4558, 4425
list, 4301, 6222, 5301
list, 4302, 4746, 4014
list, 4303, 4499, 4025
list, 4304, 3366, 4162
list, 4305, 6744, 5725
list, 4306, 5559, 4823
list, 4307, 4393, 4030
list, 4308, 4529, 4924
list, 4309, 5535, 5291
list, 4310, 4044, 5090
list, 4311, 4525, 4721
list, 4312, 3751, 4050
list, 4313, 4243, 4209
list, 4314, 4362, 4202
list, 4315, 5249, 4590
list, 4316, 4408, 4607
list, 4317, 1836, 2541
list, 4318, 2902, 3440
list, 4319, 4238, 4167
list, 4320, 3052, 4035
list, 4321, 2435, 3180
list, 4322, 2911, 4239
list, 4323, 5875, 5356
list, 4324, 4481, 4481
list, 4325, 3832, 4371
list, 4326, 2249, 3554
list, 4327, 5026, 3961
list, 4328, 4647, 4173
list, 4329, 2752, 3527
list, 4330, 2088, 3253
list, 4331, 6486, 5871
list, 4332, 4564, 5015
list, 4333, 2814, 2705
list, 4334, 3388, 3572
list, 4335, 4949, 4095
list, 4336, 4981, 4548
list, 4337, 3386, 3524
list, 4338, 5753, 5367
list, 4339, 4769, 4319
list, 4340, 6198, 4612
list, 4341, 3988, 4307
list, 4342, 5969, 4827
list, 4343, 5624, 5524
list, 4344, 3958, 3486
list, 4345, 3587, 3819
list, 4346, 3316, 4086
list, 4347, 5557, 5247
list, 4348, 3559, 4750
list, 4349, 5845, 4596
list, 4350, 3701, 3848
list, 4351, 4287, 4131
list, 4352, 3938, 4357
list, 4353, 7699, 6528
list, 4354, 5046, 4256
list, 4355, 5625, 4362
list, 4356, 3866, 5062
list, 4357, 7765, 4891
list, 4358, 6083, 4713
list, 4359, 4490, 3991
list, 4360, 4987, 4927
list, 4361, 3552, 3160
list, 4362, 3131, 4201
list, 4363, 6052, 5877
list, 4364, 5501, 4454
list, 4365, 4605, 4101
list, 4366, 4933, 4259
list, 4367, 4978, 3358
list, 4368, 4328, 4174
list, 4369, 3233, 2132
list, 4370, 6384, 4640
list, 4371, 5103, 5770
list, 4372, 2326, 1823
list, 4373, 3437, 3638
list, 4374, 3501, 4685
list, 4375, 3572, 3472
list, 4376, 1551, 3905
list, 4377, 3598, 3958
list, 4378, 6372, 5152
list, 4379, 1640, 3098
list, 4380, 5341, 4229
list, 4381, 3529, 6686
list, 4382, 6183, 4321
list, 4383, 2788, 4020
list, 4384, 4068, 4604
list, 4385, 5350, 5490
list, 4386, 5813, 4820
list, 4387, 4570, 4316
list, 4388, 4532, 5391
list, 4389, 3916, 3838
list, 4390, 3783, 4099
list, 4391, 4801, 4747
list, 4392, 3885, 4126
list, 4393, 4227, 4029
list, 4394, 5664, 4392
list, 4395, 5887, 5527
list, 4396, 3377, 3028
list, 4397, 3610, 4111
list, 4398, 3930, 2834
list, 4399, 5450, 4662
list, 4400, 5929, 5742
list, 4401, 4049, 4323
list, 4402, 4043, 3222
list, 4403, 3511, 4148
list, 4404, 4269, 4457
list, 4405, 1908, 4331
list, 4406, 4629, 4466
list, 4407, 2731, 4394
list, 4408, 5300, 4606
list, 4409, 2304, 3299
list, 4410, 4910, 4536
list, 4411, 3101, 3953
list, 4412, 5131, 4262
list, 4413, 5028, 5512
list, 4414, 4909, 4328
list, 4415, 5142, 4669
list, 4416, 285, 1186
list, 4417, 6647, 4297
list, 4418, 4432, 4236
list, 4419, 2842, 4176
list, 4420, 6087, 5729
list, 4421, 4997, 5758
list, 4422, 3159, 3243
list, 4423, 2302, 3677
list, 4424, 4800, 3387
list, 4425, 4482, 3765
list, 4426, 4651, 4268
list, 4427, 4557, 3840
list, 4428, 2804, 4586
list, 4429, 4556, 3875
list, 4430, 4528, 4915
list, 4431, 4674, 5019
list, 4432, 2743, 4235
list, 4433, 5013, 4901
list, 4434, 4050, 4120
list, 4435, 7603, 6673
list, 4436, 5487, 5173
list, 4437, 4140, 4146
list, 4438, 4656, 4123
list, 4439, 5295, 5323
list, 4440, 5304, 4774
list, 4441, 3940, 4866
list, 4442, 5819, 4135
list, 4443, 5281, 5654
list, 4444, 5015, 3724
list, 4445, 4174, 4446
list, 4446, 6465, 5385
list, 4447, 4203, 3570
list, 4448, 5598, 5325
list, 4449, 4160, 4282
list, 4450, 4200, 4497
list, 4451, 5083, 5560
list, 4452, 3459, 3536
list, 4453, 4037, 4082
list, 4454, 4418, 4237
list, 4455, 3762, 3928
list, 4456, 2975, 3195
list, 4457, 4613, 4617
list, 4458, 6807, 6056
list, 4459, 2055, 2941
list, 4460, 5327, 5054
list, 4461, 2919, 3879
list, 4462, 6741, 5383
list, 4463, 5618, 5343
list, 4464, 5454, 5578
list, 4465, 3157, 4388
list, 4466, 4604, 4645
list, 4467, 2062, 3470
list, 4468, 5548, 3933
list, 4469, 3870, 5583
list, 4470, 2179, 3423
list, 4471, 4101, 3634
list, 4472, 4574, 4225
list, 4473, 4248, 4056
list, 4474, 5332, 5633
list, 4475, 6157, 6128
list, 4476, 4132, 4573
list, 4477, 4494, 4192
list, 4478, 2694, 3632
list, 4479, 4475, 6129
list, 4480, 3581, 3897
list, 4481, 4487, 4480
list, 4482, 3973, 3764
list, 4483, 5602, 5122
list, 4484, 4196, 4404
list, 4485, 6991, 6302
list, 4486, 7324, 5318
list, 4487, 5134, 4479
list, 4488, 4875, 5226
list, 4489, 3031, 3499
list, 4490, 3435, 3990
list, 4491, 4002, 3909
list, 4492, 3679, 3784
list, 4493, 4654, 4254
list, 4494, 3905, 4191
list, 4495, 6959, 6444
list, 4496, 2155, 2635
list, 4497, 3949, 3936
list, 4498, 4632, 4710
list, 4499, 3500, 4024
list, 4500, 3460, 3494
list, 4501, 4345, 3820
list, 4502, 4016, 4468
list, 4503, 2122, 2810
list, 4504, 4783, 4621
list, 4505, 6298, 4797
list, 4506, 4177, 4647
list, 4507, 6231, 5810
list, 4508, 4370, 4641
list, 4509, 2750, 3981
list, 4510, 6192, 5074
list, 4511, 4428, 4587
list, 4512, 4048, 3975
list, 4513, 4087, 5902
list, 4514, 4792, 5627
list, 4515, 2215, 3692
list, 4516, 1177, 2410
list, 4517, 2834, 3501
list, 4518, 4835, 4660
list, 4519, 3872, 4813
list, 4520, 5144, 4508
list, 4521, 3402, 3018
list, 4522, 4843, 4550
list, 4523, 8483, 8046
list, 4524, 4405, 4332
list, 4525, 3846, 4720
list, 4526, 3843, 4462
list, 4527, 3071, 3868
list, 4528, 4216, 4914
list, 4529, 4584, 4923
list, 4530, 2951, 4755
list, 4531, 7136, 5550
list, 4532, 5505, 5390
list, 4533, 5319, 5167
list, 4534, 4325, 4372
list, 4535, 3723, 4448
list, 4536, 4411, 3954
list, 4537, 5430, 4540
list, 4538, 3720, 4066
list, 4539, 8074, 6819
list, 4540, 6161, 5170
list, 4541, 6118, 4658
list, 4542, 5217, 5673
list, 4543, 3086, 3308
list, 4544, 2017, 2854
list, 4545, 5136, 4078
list, 4546, 4938, 5050
list, 4547, 5942, 4335
list, 4548, 4787, 4477
list, 4549, 4186, 4212
list, 4550, 4270, 4515
list, 4551, 4550, 4516
list, 4552, 2939, 3234
list, 4553, 3834, 2644
list, 4554, 5426, 4941
list, 4555, 3127, 3772
list, 4556, 2931, 3874
list, 4557, 4389, 3839
list, 4558, 5017, 4424
list, 4559, 3863, 4376
list, 4560, 3573, 3514
list, 4561, 3862, 4277
list, 4562, 6478, 5268
list, 4563, 5052, 5349
list, 4564, 4691, 5014
list, 4565, 3620, 4518
list, 4566, 5124, 4506
list, 4567, 4996, 5251
list, 4568, 5807, 4430
list, 4569, 3224, 3604
list, 4570, 5197, 4315
list, 4571, 4492, 3785
list, 4572, 4845, 5286
list, 4573, 3381, 3082
list, 4574, 4110, 4224
list, 4575, 4198, 4873
list, 4576, 5179, 4833
list, 4577, 4275, 4983
list, 4578, 4959, 6717
list, 4579, 4046, 5530
list, 4580, 4760, 5021
list, 4581, 3595, 3350
list, 4582, 4603, 4528
list, 4583, 3892, 4207
list, 4584, 4920, 4922
list, 4585, 5192, 5002
list, 4586, 4069, 4631
list, 4587, 4414, 4329
list, 4588, 3891, 3967
list, 4589, 3972, 4386
list, 4590, 6471, 5458
list, 4591, 4003, 4997
list, 4592, 3016, 4009
list, 4593, 4293, 4593
list, 4594, 4602, 5217
list, 4595, 5590, 6197
list, 4596, 2651, 4003
list, 4597, 5422, 5082
list, 4598, 5672, 5693
list, 4599, 3969, 4344
list, 4600, 3901, 4970
list, 4601, 4378, 5153
list, 4602, 4184, 5216
list, 4603, 4220, 4527
list, 4604, 5781, 4644
list, 4605, 4390, 4100
list, 4606, 4116, 5807
list, 4607, 3365, 3594
list, 4608, 5214, 5541
list, 4609, 5098, 5827
list, 4610, 4314, 4203
list, 4611, 6905, 6201
list, 4612, 4749, 4342
list, 4613, 4867, 4616
list, 4614, 4701, 4933
list, 4615, 3975, 4729
list, 4616, 4545, 4079
list, 4617, 5297, 4654
list, 4618, 5434, 5084
list, 4619, 1491, 2515
list, 4620, 3661, 3835
list, 4621, 6915, 5985
list, 4622, 3319, 4178
list, 4623, 3697, 3355
list, 4624, 3271, 4088
list, 4625, 5073, 5257
list, 4626, 5240, 4976
list, 4627, 5236, 4947
list, 4628, 3632, 3923
list, 4629, 4719, 4465
list, 4630, 2981, 4059
list, 4631, 4930, 5043
list, 4632, 4261, 4709
list, 4633, 3458, 4428
list, 4634, 4237, 4368
list, 4635, 5039, 3945
list, 4636, 6141, 5716
list, 4637, 5668, 4397
list, 4638, 4056, 4409
list, 4639, 4828, 3948
list, 4640, 2784, 3444
list, 4641, 4683, 5181
list, 4642, 2652, 3855
list, 4643, 2494, 2401
list, 4644, 5704, 4929
list, 4645, 5163, 5376
list, 4646, 5065, 4937
list, 4647, 4713, 4172
list, 4648, 5346, 4143
list, 4649, 3481, 3163
list, 4650, 4144, 3971
list, 4651, 3921, 4267
list, 4652, 2875, 3814
list, 4653, 4498, 4711
list, 4654, 1583, 4253
list, 4655, 5504, 5793
list, 4656, 3638, 4122
list, 4657, 5569, 5308
list, 4658, 3490, 5111
list, 4659, 5615, 5663
list, 4660, 4755, 4881
list, 4661, 6346, 4931
list, 4662, 3345, 4543
list, 4663, 5580, 6425
list, 4664, 4086, 3844
list, 4665, 5035, 5158
list, 4666, 5927, 4435
list, 4667, 5002, 4406
list, 4668, 6484, 4571
list, 4669, 3385, 3567
list, 4670, 3646, 4483
list, 4671, 3062, 4682
list, 4672, 2303, 3051
list, 4673, 4951, 4986
list, 4674, 5216, 5018
list, 4675, 4023, 4158
list, 4676, 6631, 6382
list, 4677, 5005, 5011
list, 4678, 4096, 3907
list, 4679, 4822, 4706
list, 4680, 3956, 4673
list, 4681, 3032, 3212
list, 4682, 4193, 4140
list, 4683, 5471, 5180
list, 4684, 5032, 3190
list, 4685, 4145, 5164
list, 4686, 3297, 4279
list, 4687, 3677, 5131
list, 4688, 3976, 4251
list, 4689, 3527, 3714
list, 4690, 5765, 4309
list, 4691, 4887, 5013
list, 4692, 3493, 3345
list, 4693, 3596, 3833
list, 4694, 6063, 5545
list, 4695, 3486, 4665
list, 4696, 4866, 5106
list, 4697, 5107, 4895
list, 4698, 6599, 6876
list, 4699, 5229, 5206
list, 4700, 3951, 4301
list, 4701, 4661, 4932
list, 4702, 5105, 4285
list, 4703, 4675, 4159
list, 4704, 2645, 3072
list, 4705, 6049, 5949
list, 4706, 4778, 4501
list, 4707, 4407, 4395
list, 4708, 3831, 4695
list, 4709, 4347, 5248
list, 4710, 3963, 5203
list, 4711, 5351, 4829
list, 4712, 5021, 5259
list, 4713, 3810, 4171
list, 4714, 2993, 4715
list, 4715, 3034, 4768
list, 4716, 5467, 4473
list, 4717, 3570, 5108
list, 4718, 3875, 4577
list, 4719, 5339, 4464
list, 4720, 4327, 3962
list, 4721, 5354, 4993
list, 4722, 5477, 5197
list, 4723, 6164, 5402
list, 4724, 4731, 4601
list, 4725, 5379, 4552
list, 4726, 5930, 5136
list, 4727, 3536, 4953
list, 4728, 5609, 5615
list, 4729, 6036, 5408
list, 4730, 3061, 3464
list, 4731, 3893, 4600
list, 4732, 5523, 4899
list, 4733, 6166, 5360
list, 4734, 4861, 5069
list, 4735, 2670, 2683
list, 4736, 2883, 4295
list, 4737, 3484, 3920
list, 4738, 7743, 6637
list, 4739, 5949, 5519
list, 4740, 4097, 5623
list, 4741, 4247, 3342
list, 4742, 6283, 5188
list, 4743, 7565, 7089
list, 4744, 6285, 4450
list, 4745, 5078, 4442
list, 4746, 3183, 4013
list, 4747, 3895, 4052
list, 4748, 4469, 5584
list, 4749, 3284, 4341
list, 4750, 4848, 5296
list, 4751, 4753, 4968
list, 4752, 4401, 4324
list, 4753, 5715, 4967
list, 4754, 4554, 4942
list, 4755, 3767, 4880
list, 4756, 4221, 4155
list, 4757, 6172, 5713
list, 4758, 3144, 3805
list, 4759, 5660, 4557
list, 4760, 4431, 5020
list, 4761, 4004, 3816
list, 4762, 4963, 4757
list, 4763, 5691, 4958
list, 4764, 6028, 4495
list, 4765, 6596, 5851
list, 4766, 4935, 4780
list, 4767, 4433, 4902
list, 4768, 3438, 3218
list, 4769, 3819, 4318
list, 4770, 5801, 4808
list, 4771, 5087, 5680
list, 4772, 5132, 6225
list, 4773, 3324, 4493
list, 4774, 3882, 3973
list, 4775, 4356, 5063
list, 4776, 4272, 3759
list, 4777, 5913, 6214
list, 4778, 4065, 4500
list, 4779, 4430, 4916
list, 4780, 3355, 3645
list, 4781, 5695, 4837
list, 4782, 2639, 2416
list, 4783, 2344, 4620
list, 4784, 2519, 2005
list, 4785, 2936, 4138
list, 4786, 6929, 6080
list, 4787, 3006, 4476
list, 4788, 4885, 4339
list, 4789, 4962, 6706
list, 4790, 6352, 5233
list, 4791, 3804, 5795
list, 4792, 5126, 5626
list, 4793, 5342, 5303
list, 4794, 4359, 3992
list, 4795, 3775, 3616
list, 4796, 5639, 5539
list, 4797, 5921, 5921
list, 4798, 4126, 4624
list, 4799, 4817, 4671
list, 4800, 4076, 3386
list, 4801, 4290, 4746
list, 4802, 6568, 6592
list, 4803, 5581, 4559
list, 4804, 5947, 6136
list, 4805, 5155, 5371
list, 4806, 2158, 2797
list, 4807, 3314, 4489
list, 4808, 3496, 3901
list, 4809, 5647, 4944
list, 4810, 284, 3259
list, 4811, 3526, 3522
list, 4812, 6201, 5740
list, 4813, 2920, 4117
list, 4814, 5642, 4510
list, 4815, 6404, 5642
list, 4816, 5670, 4963
list, 4817, 4415, 4670
list, 4818, 6879, 5880
list, 4819, 3176, 3320
list, 4820, 3100, 4000
list, 4821, 4896, 5469
list, 4822, 5828, 4705
list, 4823, 3167, 4418
list, 4824, 4507, 5811
list, 4825, 3077, 4038
list, 4826, 4934, 4839
list, 4827, 4059, 4411
list, 4828, 2910, 3947
list, 4829, 5997, 5306
list, 4830, 4319, 4168
list, 4831, 6153, 5060
list, 4832, 5343, 5036
list, 4833, 4617, 4655
list, 4834, 4747, 4053
list, 4835, 4541, 4659
list, 4836, 4662, 4544
list, 4837, 5127, 5563
list, 4838, 6086, 6416
list, 4839, 4883, 5369
list, 4840, 5031, 5288
list, 4841, 4876, 4811
list, 4842, 3820, 4956
list, 4843, 4336, 4549
list, 4844, 6894, 6821
list, 4845, 5472, 5285
list, 4846, 5783, 5191
list, 4847, 4150, 6304
list, 4848, 6289, 5295
list, 4849, 4208, 4503
list, 4850, 4915, 4763
list, 4851, 7412, 7283
list, 4852, 5634, 4761
list, 4853, 5016, 4383
list, 4854, 3833, 3985
list, 4855, 2160, 5185
list, 4856, 4877, 5873
list, 4857, 5233, 5273
list, 4858, 4357, 4892
list, 4859, 4884, 4920
list, 4860, 3352, 4782
list, 4861, 5570, 5068
list, 4862, 3399, 3761
list, 4863, 6662, 5933
list, 4864, 4892, 4770
list, 4865, 6439, 5675
list, 4866, 5383, 5105
list, 4867, 4168, 4615
list, 4868, 3122, 4886
list, 4869, 4123, 4817
list, 4870, 4923, 5229
list, 4871, 4879, 4790
list, 4872, 5516, 5494
list, 4873, 5552, 4525
list, 4874, 3851, 5032
list, 4875, 6093, 5225
list, 4876, 3755, 4810
list, 4877, 4331, 5872
list, 4878, 3426, 4304
list, 4879, 5357, 4789
list, 4880, 4348, 4751
list, 4881, 4954, 5117
list, 4882, 6683, 6582
list, 4883, 4338, 5368
list, 4884, 6406, 4919
list, 4885, 3924, 4338
list, 4886, 8411, 7959
list, 4887, 4677, 5012
list, 4888, 6514, 6917
list, 4889, 5321, 4875
list, 4890, 4071, 5195
list, 4891, 3285, 3710
list, 4892, 4715, 4769
list, 4893, 4263, 4350
list, 4894, 6615, 5220
list, 4895, 6272, 6140
list, 4896, 6124, 5468
list, 4897, 5375, 6024
list, 4898, 4022, 4972
list, 4899, 6602, 4380
list, 4900, 4936, 4523
list, 4901, 5344, 4718
list, 4902, 5018, 4995
list, 4903, 6160, 6568
list, 4904, 6649, 6001
list, 4905, 2802, 3432
list, 4906, 5553, 5483
list, 4907, 4737, 3921
list, 4908, 4480, 3898
list, 4909, 5364, 4327
list, 4910, 3750, 4535
list, 4911, 3551, 3516
list, 4912, 3656, 2894
list, 4913, 6400, 6170
list, 4914, 5547, 5114
list, 4915, 4852, 4762
list, 4916, 5145, 4581
list, 4917, 4832, 5037
list, 4918, 6690, 5333
list, 4919, 3453, 3614
list, 4920, 4859, 4921
list, 4921, 7339, 5774
list, 4922, 5024, 5254
list, 4923, 5290, 5228
list, 4924, 4162, 5004
list, 4925, 6967, 6353
list, 4926, 7090, 6454
list, 4927, 5589, 5143
list, 4928, 4601, 5154
list, 4929, 5848, 5029
list, 4930, 5234, 5042
list, 4931, 4540, 5171
list, 4932, 3078, 3669
list, 4933, 3601, 4258
list, 4934, 4781, 4838
list, 4935, 5201, 4779
list, 4936, 5001, 4522
list, 4937, 5571, 5237
list, 4938, 4106, 5049
list, 4939, 5631, 6411
list, 4940, 4300, 4426
list, 4941, 4090, 4421
list, 4942, 3609, 3889
list, 4943, 2897, 3447
list, 4944, 2762, 4679
list, 4945, 4645, 5377
list, 4946, 3736, 4853
list, 4947, 6840, 6576
list, 4948, 3021, 3712
list, 4949, 4015, 4094
list, 4950, 7104, 6040
list, 4951, 3248, 4985
list, 4952, 4821, 5470
list, 4953, 4878, 4305
list, 4954, 5382, 5116
list, 4955, 6842, 5720
list, 4956, 3488, 5139
list, 4957, 3254, 3467
list, 4958, 5666, 4849
list, 4959, 7383, 6716
list, 4960, 5874, 5815
list, 4961, 4316, 4608
list, 4962, 7088, 6705
list, 4963, 4530, 4756
list, 4964, 5806, 4935
list, 4965, 4438, 4124
list, 4966, 4567, 5252
list, 4967, 3312, 3652
list, 4968, 3824, 4634
list, 4969, 2790, 4265
list, 4970, 5406, 5161
list, 4971, 5269, 5405
list, 4972, 3926, 4437
list, 4973, 3829, 3619
list, 4974, 5831, 5454
list, 4975, 4568, 4431
list, 4976, 4514, 5628
list, 4977, 3714, 4733
list, 4978, 2640, 3357
list, 4979, 6696, 5638
list, 4980, 6925, 5509
list, 4981, 3877, 4547
list, 4982, 3695, 4738
list, 4983, 4476, 4574
list, 4984, 2945, 4841
list, 4985, 4989, 3787
list, 4986, 5411, 5609
list, 4987, 3936, 4926
list, 4988, 7211, 5823
list, 4989, 4571, 3786
list, 4990, 4310, 5091
list, 4991, 4598, 5694
list, 4992, 5493, 6063
list, 4993, 6907, 6082
list, 4994, 5873, 5097
list, 4995, 5750, 6073
list, 4996, 5621, 5250
list, 4997, 5714, 5757
list, 4998, 3223, 4232
list, 4999, 3229, 3383
list, 5000, 6688, 5572
list, 5001, 3633, 4521
list, 5002, 4484, 4405
list, 5003, 5551, 5439
list, 5004, 6666, 6265
list, 5005, 5387, 5010
list, 5006, 5431, 5312
list, 5007, 5210, 5320
list, 5008, 3478, 4486
list, 5009, 5688, 4861
list, 5010, 6135, 5536
list, 5011, 5758, 5008
list, 5012, 4260, 3136
list, 5013, 4732, 4900
list, 5014, 3917, 4855
list, 5015, 6901, 3723
list, 5016, 3884, 4382
list, 5017, 3753, 4423
list, 5018, 4721, 4994
list, 5019, 2627, 3497
list, 5020, 5338, 4400
list, 5021, 4625, 5258
list, 5022, 5761, 5421
list, 5023, 5684, 5937
list, 5024, 4966, 5253
list, 5025, 7232, 6221
list, 5026, 3856, 3960
list, 5027, 6752, 6091
list, 5028, 5764, 5511
list, 5029, 5141, 4981
list, 5030, 5220, 6289
list, 5031, 4572, 5287
list, 5032, 2528, 3189
list, 5033, 6196, 6913
list, 5034, 5030, 6290
list, 5035, 5311, 5157
list, 5036, 6385, 5100
list, 5037, 5149, 5733
list, 5038, 5890, 4016
list, 5039, 3688, 3944
list, 5040, 4711, 4830
list, 5041, 4024, 4070
list, 5042, 5006, 5313
list, 5043, 6604, 5772
list, 5044, 4979, 5639
list, 5045, 4827, 4412
list, 5046, 4493, 4255
list, 5047, 4958, 4850
list, 5048, 6726, 4637
list, 5049, 2960, 3264
list, 5050, 3537, 3757
list, 5051, 3091, 2553
list, 5052, 5349, 5348
list, 5053, 4262, 4742
list, 5054, 4667, 4407
list, 5055, 4820, 4001
list, 5056, 6421, 4988
list, 5057, 3466, 4871
list, 5058, 4718, 4578
list, 5059, 4816, 4964
list, 5060, 5992, 5929
list, 5061, 7345, 6724
list, 5062, 5742, 5842
list, 5063, 5156, 5078
list, 5064, 3173, 4784
list, 5065, 4964, 4936
list, 5066, 8694, 8936
list, 5067, 5782, 5394
list, 5068, 5706, 5475
list, 5069, 4956, 5140
list, 5070, 3026, 3592
list, 5071, 4724, 4602
list, 5072, 4320, 4036
list, 5073, 6032, 5256
list, 5074, 4223, 4735
list, 5075, 5790, 5620
list, 5076, 3641, 4348
list, 5077, 6419, 5866
list, 5078, 4189, 4441
list, 5079, 6282, 5599
list, 5080, 4648, 4144
list, 5081, 5228, 5071
list, 5082, 5200, 4046
list, 5083, 6414, 5559
list, 5084, 3842, 4561
list, 5085, 5488, 5088
list, 5086, 4215, 5452
list, 5087, 5669, 5679
list, 5088, 4671, 4683
list, 5089, 5751, 6059
list, 5090, 4815, 5643
list, 5091, 2961, 4247
list, 5092, 3472, 3648
list, 5093, 4549, 4213
list, 5094, 6654, 5731
list, 5095, 3932, 5176
list, 5096, 4505, 4798
list, 5097, 3835, 5119
list, 5098, 6557, 5826
list, 5099, 5188, 5066
list, 5100, 5093, 4214
list, 5101, 4449, 4283
list, 5102, 5701, 6030
list, 5103, 6039, 5769
list, 5104, 6127, 4804
list, 5105, 5101, 4284
list, 5106, 5620, 5669
list, 5107, 6176, 4894
list, 5108, 6278, 6015
list, 5109, 3927, 6719
list, 5110, 6367, 5478
list, 5111, 5815, 6610
list, 5112, 5204, 4777
list, 5113, 9450, 5834
list, 5114, 6999, 6497
list, 5115, 4750, 5297
list, 5116, 5716, 5798
list, 5117, 4818, 5881
list, 5118, 5827, 5235
list, 5119, 5640, 5148
list, 5120, 5755, 5414
list, 5121, 4805, 5372
list, 5122, 5095, 5177
list, 5123, 4833, 4656
list, 5124, 5169, 4505
list, 5125, 4052, 5329
list, 5126, 6644, 5625
list, 5127, 5378, 5562
list, 5128, 6165, 5431
list, 5129, 4442, 4136
list, 5130, 4109, 3886
list, 5131, 3185, 4261
list, 5132, 6312, 6224
list, 5133, 7806, 5959
list, 5134, 4548, 4478
list, 5135, 3857, 4374
list, 5136, 3879, 4077
list, 5137, 4695, 4666
list, 5138, 6742, 6133
list, 5139, 4349, 4597
list, 5140, 5317, 4690
list, 5141, 5500, 4980
list, 5142, 5414, 4668
list, 5143, 4928, 5155
list, 5144, 4566, 4507
list, 5145, 4213, 4580
list, 5146, 5191, 6028
list, 5147, 4102, 6114
list, 5148, 5331, 6003
list, 5149, 5094, 5732
list, 5150, 5952, 5423
list, 5151, 6370, 5128
list, 5152, 3266, 4165
list, 5153, 5140, 4691
list, 5154, 2506, 4185
list, 5155, 4839, 5370
list, 5156, 5771, 5077
list, 5157, 3198, 3950
list, 5158, 3725, 4725
list, 5159, 5415, 5805
list, 5160, 6598, 5859
list, 5161, 5242, 5701
list, 5162, 4937, 5238
list, 5163, 5310, 5375
list, 5164, 6863, 6258
list, 5165, 2990, 4007
list, 5166, 4001, 5034
list, 5167, 6580, 5570
list, 5168, 6060, 5736
list, 5169, 4849, 4504
list, 5170, 5555, 5336
list, 5171, 4322, 4240
list, 5172, 5769, 6144
list, 5173, 4880, 4752
list, 5174, 6938, 5416
list, 5175, 5287, 5396
list, 5176, 4646, 4938
list, 5177, 5842, 5666
list, 5178, 6296, 5683
list, 5179, 6066, 4832
list, 5180, 4374, 4686
list, 5181, 6270, 5786
list, 5182, 4697, 4896
list, 5183, 5511, 5703
list, 5184, 4306, 4824
list, 5185, 4714, 4716
list, 5186, 3040, 3640
list, 5187, 4982, 4739
list, 5188, 5795, 5065
list, 5189, 4000, 3600
list, 5190, 7395, 5507
list, 5191, 7089, 6027
list, 5192, 4256, 5001
list, 5193, 5746, 5265
list, 5194, 3480, 5209
list, 5195, 6223, 5444
list, 5196, 6366, 5418
list, 5197, 3759, 4314
list, 5198, 5160, 5860
list, 5199, 5158, 4726
list, 5200, 2815, 4045
list, 5201, 5112, 4778
list, 5202, 4070, 4960
list, 5203, 6276, 6380
list, 5204, 5717, 4776
list, 5205, 5100, 4215
list, 5206, 5468, 5718
list, 5207, 3660, 5442
list, 5208, 3123, 3925
list, 5209, 5545, 5919
list, 5210, 4486, 5319
list, 5211, 6371, 5696
list, 5212, 2832, 3792
list, 5213, 5435, 6013
list, 5214, 4796, 5540
list, 5215, 5732, 5543
list, 5216, 5353, 5017
list, 5217, 5896, 5672
list, 5218, 5484, 5534
list, 5219, 4311, 4722
list, 5220, 6308, 6288
list, 5221, 5882, 5685
list, 5222, 5170, 5337
list, 5223, 2675, 4018
list, 5224, 4586, 4632
list, 5225, 3535, 3853
list, 5226, 6389, 5652
list, 5227, 4847, 6305
list, 5228, 4734, 5070
list, 5229, 7731, 5205
list, 5230, 5283, 5410
list, 5231, 8324, 7990
list, 5232, 6572, 5024
list, 5233, 5401, 5272
list, 5234, 5248, 5041
list, 5235, 4036, 4444
list, 5236, 5776, 4946
list, 5237, 6228, 6108
list, 5238, 3120, 4355
list, 5239, 5648, 5514
list, 5240, 5372, 4975
list, 5241, 5833, 5242
list, 5242, 7028, 5700
list, 5243, 5377, 5722
list, 5244, 5417, 5381
list, 5245, 5162, 5239
list, 5246, 5429, 6068
list, 5247, 5760, 4911
list, 5248, 5340, 5040
list, 5249, 5322, 4589
list, 5250, 5712, 5365
list, 5251, 5528, 5428
list, 5252, 4864, 4771
list, 5253, 6021, 5426
list, 5254, 6980, 6103
list, 5255, 5829, 5862
list, 5256, 6684, 6539
list, 5257, 3252, 3581
list, 5258, 4125, 4491
list, 5259, 6545, 5803
list, 5260, 4657, 5309
list, 5261, 5726, 6679
list, 5262, 5593, 5047
list, 5263, 4156, 4794
list, 5264, 5451, 4845
list, 5265, 4952, 5471
list, 5266, 4660, 4882
list, 5267, 5275, 5607
list, 5268, 4448, 5326
list, 5269, 6006, 5404
list, 5270, 2650, 3511
list, 5271, 6168, 7150
list, 5272, 5916, 5891
list, 5273, 5480, 5813
list, 5274, 3390, 6036
list, 5275, 6520, 5606
list, 5276, 4289, 5278
list, 5277, 4124, 6337
list, 5278, 4748, 5585
list, 5279, 4395, 5528
list, 5280, 5211, 5697
list, 5281, 5226, 5653
list, 5282, 6504, 6903
list, 5283, 4729, 5409
list, 5284, 3925, 4688
list, 5285, 4483, 5123
list, 5286, 6014, 5517
list, 5287, 5067, 5395
list, 5288, 8239, 5592
list, 5289, 5690, 5276
list, 5290, 4488, 5227
list, 5291, 6102, 5134
list, 5292, 4840, 5289
list, 5293, 5861, 5789
list, 5294, 6490, 6626
list, 5295, 6212, 5322
list, 5296, 2867, 2961
list, 5297, 3928, 4653
list, 5298, 5384, 5026
list, 5299, 5276, 5279
list, 5300, 4384, 4605
list, 5301, 3442, 5095
list, 5302, 5872, 5691
list, 5303, 4823, 4419
list, 5304, 4010, 4773
list, 5305, 4983, 4575
list, 5306, 5531, 4884
list, 5307, 4242, 4366
list, 5308, 5959, 6070
list, 5309, 4217, 4104
list, 5310, 6074, 5374
list, 5311, 5143, 5156
list, 5312, 5606, 5744
list, 5313, 2871, 5485
list, 5314, 5937, 5846
list, 5315, 5237, 6109
list, 5316, 6665, 7036
list, 5317, 5284, 4689
list, 5318, 6412, 6780
list, 5319, 5613, 5166
list, 5320, 7166, 6703
list, 5321, 4575, 4874
list, 5322, 4511, 4588
list, 5323, 3485, 4243
list, 5324, 5059, 4965
list, 5325, 6664, 6293
list, 5326, 6239, 5648
list, 5327, 5911, 5053
list, 5328, 4457, 4618
list, 5329, 6554, 5503
list, 5330, 6220, 6413
list, 5331, 4904, 6002
list, 5332, 6724, 5632
list, 5333, 5938, 5776
list, 5334, 5582, 5146
list, 5335, 7377, 4991
list, 5336, 9352, 6446
list, 5337, 6200, 5552
list, 5338, 4179, 4399
list, 5339, 4526, 4463
list, 5340, 6423, 5039
list, 5341, 4233, 4228
list, 5342, 4301, 5302
list, 5343, 5166, 5035
list, 5344, 5185, 4717
list, 5345, 6438, 7059
list, 5346, 4299, 4142
list, 5347, 6261, 5555
list, 5348, 5779, 5270
list, 5349, 7096, 5347
list, 5350, 5520, 5489
list, 5351, 4342, 4828
list, 5352, 6334, 6112
list, 5353, 4332, 5016
list, 5354, 5335, 4992
list, 5355, 5811, 4610
list, 5356, 4894, 5221
list, 5357, 3729, 4788
list, 5358, 3722, 4073
list, 5359, 5183, 5704
list, 5360, 3797, 3883
list, 5361, 6876, 6557
list, 5362, 6195, 5778
list, 5363, 3215, 4864
list, 5364, 4253, 4326
list, 5365, 6364, 6010
list, 5366, 6737, 6405
list, 5367, 6656, 6387
list, 5368, 5804, 5883
list, 5369, 3934, 4950
list, 5370, 6287, 6186
list, 5371, 6107, 5967
list, 5372, 2803, 4974
list, 5373, 6010, 5200
list, 5374, 5886, 6051
list, 5375, 5674, 6023
list, 5376, 5168, 5737
list, 5377, 4955, 5721
list, 5378, 4451, 5561
list, 5379, 4522, 4551
list, 5380, 5812, 5299
list, 5381, 5068, 5476
list, 5382, 4914, 5115
list, 5383, 5787, 5104
list, 5384, 5232, 5025
list, 5385, 5280, 5698
list, 5386, 3687, 4801
list, 5387, 5011, 5009
list, 5388, 7014, 7111
list, 5389, 5407, 4189
list, 5390, 3847, 3866
list, 5391, 5116, 5799
list, 5392, 3522, 3988
list, 5393, 6766, 6243
list, 5394, 6089, 5498
list, 5395, 4857, 5274
list, 5396, 5600, 5293
list, 5397, 6329, 6138
list, 5398, 4739, 5520
list, 5399, 5175, 5397
list, 5400, 6225, 6586
list, 5401, 5348, 5271
list, 5402, 3483, 3629
list, 5403, 6589, 5193
list, 5404, 5854, 5460
list, 5405, 6525, 5907
list, 5406, 5629, 5160
list, 5407, 4151, 4188
list, 5408, 4057, 4675
list, 5409, 6499, 6089
list, 5410, 4474, 5634
list, 5411, 5267, 5608
list, 5412, 5693, 4869
list, 5413, 3768, 4697
list, 5414, 5137, 4667
list, 5415, 5259, 5804
list, 5416, 6532, 6463
list, 5417, 5920, 5380
list, 5418, 4972, 4438
list, 5419, 4924, 5005
list, 5420, 4537, 4541
list, 5421, 5584, 5765
list, 5422, 5652, 5081
list, 5423, 5394, 5499
list, 5424, 7336, 6810
list, 5425, 5617, 5412
list, 5426, 5961, 4940
list, 5427, 4305, 5726
list, 5428, 4513, 5903
list, 5429, 6125, 6067
list, 5430, 5759, 4539
list, 5431, 6134, 5311
list, 5432, 4913, 6171
list, 5433, 4506, 4648
list, 5434, 4597, 5083
list, 5435, 5534, 6012
list, 5436, 4364, 4455
list, 5437, 4779, 4917
list, 5438, 5713, 5045
list, 5439, 6719, 5463
list, 5440, 4265, 4554
list, 5441, 7072, 7029
list, 5442, 4404, 4458
list, 5443, 4582, 4529
list, 5444, 6307, 6403
list, 5445, 3133, 4352
list, 5446, 4716, 4474
list, 5447, 4694, 5546
list, 5448, 5616, 6564
list, 5449, 7729, 6619
list, 5450, 4518, 4661
list, 5451, 2356, 4844
list, 5452, 3413, 3478
list, 5453, 6655, 6834
list, 5454, 6250, 5577
list, 5455, 5885, 5900
list, 5456, 6316, 6101
list, 5457, 4995, 6074
list, 5458, 6293, 5854
list, 5459, 5537, 5840
list, 5460, 6035, 5923
list, 5461, 5227, 6306
list, 5462, 2974, 3532
list, 5463, 3743, 4107
list, 5464, 5318, 6781
list, 5465, 5299, 5280
list, 5466, 4663, 6426
list, 5467, 4226, 4472
list, 5468, 4636, 5717
list, 5469, 6374, 4888
list, 5470, 3700, 3316
list, 5471, 5834, 5179
list, 5472, 5924, 5284
list, 5473, 4391, 4748
list, 5474, 4992, 6064
list, 5475, 3613, 4999
list, 5476, 7588, 6617
list, 5477, 4890, 5196
list, 5478, 3996, 2884
list, 5479, 6005, 5446
list, 5480, 4824, 5812
list, 5481, 4565, 4519
list, 5482, 3906, 5587
list, 5483, 4436, 5174
list, 5484, 6246, 5533
list, 5485, 4908, 3899
list, 5486, 7779, 7904
list, 5487, 4931, 5172
list, 5488, 3621, 5087
list, 5489, 4705, 5950
list, 5490, 7103, 6688
list, 5491, 5265, 5472
list, 5492, 5836, 4566
list, 5493, 6492, 6062
list, 5494, 7022, 7311
list, 5495, 4897, 6025
list, 5496, 4837, 5564
list, 5497, 6530, 7478
list, 5498, 6877, 6854
list, 5499, 7056, 6260
list, 5500, 5786, 4979
list, 5501, 3777, 4453
list, 5502, 5627, 6178
list, 5503, 5193, 5266
list, 5504, 5705, 5792
list, 5505, 5622, 5389
list, 5506, 6564, 6357
list, 5507, 5182, 4897
list, 5508, 5090, 5644
list, 5509, 7561, 7083
list, 5510, 3604, 4198
list, 5511, 5161, 5702
list, 5512, 2770, 6195
list, 5513, 6264, 6249
list, 5514, 4563, 5350
list, 5515, 6152, 5056
list, 5516, 5614, 5493
list, 5517, 3321, 4906
list, 5518, 5632, 5363
list, 5519, 7129, 6713
list, 5520, 5583, 5488
list, 5521, 7098, 6146
list, 5522, 6507, 7011
list, 5523, 5507, 4898
list, 5524, 4083, 5340
list, 5525, 4757, 5714
list, 5526, 5138, 6134
list, 5527, 4103, 4062
list, 5528, 5253, 5427
list, 5529, 6556, 5465
list, 5530, 4700, 4302
list, 5531, 5266, 4883
list, 5532, 6418, 5688
list, 5533, 3046, 5245
list, 5534, 5365, 6011
list, 5535, 5292, 5290
list, 5536, 6931, 5126
list, 5537, 5943, 5839
list, 5538, 6413, 6317
list, 5539, 5538, 6318
list, 5540, 6443, 5893
list, 5541, 6884, 6976
list, 5542, 5540, 5894
list, 5543, 5037, 5734
list, 5544, 5655, 5345
list, 5545, 5748, 5918
list, 5546, 6319, 6941
list, 5547, 4042, 5113
list, 5548, 3592, 3932
list, 5549, 5682, 5708
list, 5550, 5775, 5650
list, 5551, 6441, 5438
list, 5552, 4900, 4524
list, 5553, 7622, 5482
list, 5554, 5850, 6006
list, 5555, 4009, 5335
list, 5556, 6333, 5856
list, 5557, 5533, 5246
list, 5558, 7026, 6505
list, 5559, 4291, 4822
list, 5560, 6265, 6340
list, 5561, 6926, 6479
list, 5562, 4767, 4903
list, 5563, 4699, 5207
list, 5564, 5413, 4698
list, 5565, 5014, 4856
list, 5566, 5752, 6126
list, 5567, 6731, 6843
list, 5568, 4771, 5681
list, 5569, 4829, 5307
list, 5570, 5099, 5067
list, 5571, 5118, 5236
list, 5572, 6856, 6530
list, 5573, 4793, 5304
list, 5574, 4446, 5386
list, 5575, 6826, 5991
list, 5576, 6447, 6389
list, 5577, 5915, 5830
list, 5578, 6978, 6795
list, 5579, 6667, 6268
list, 5580, 6204, 6424
list, 5581, 4759, 4558
list, 5582, 3787, 5145
list, 5583, 6698, 5487
list, 5584, 6290, 5764
list, 5585, 6454, 6524
list, 5586, 5308, 6071
list, 5587, 6469, 6966
list, 5588, 5995, 6574
list, 5589, 5636, 5142
list, 5590, 5512, 6196
list, 5591, 6016, 6492
list, 5592, 5737, 4815
list, 5593, 5438, 5046
list, 5594, 4618, 5085
list, 5595, 5074, 4736
list, 5596, 8802, 8573
list, 5597, 7797, 7300
list, 5598, 4439, 5324
list, 5599, 5699, 6086
list, 5600, 4309, 5292
list, 5601, 8012, 6188
list, 5602, 6567, 5121
list, 5603, 6947, 6395
list, 5604, 5945, 6032
list, 5605, 7285, 7410
list, 5606, 4400, 5743
list, 5607, 6868, 5747
list, 5608, 5554, 6007
list, 5609, 6800, 5614
list, 5610, 2843, 3310
list, 5611, 4621, 5986
list, 5612, 7577, 5636
list, 5613, 4685, 5165
list, 5614, 6461, 5492
list, 5615, 5908, 5662
list, 5616, 4028, 6563
list, 5617, 5230, 5411
list, 5618, 6463, 5342
list, 5619, 5173, 4753
list, 5620, 6343, 5668
list, 5621, 4709, 5249
list, 5622, 5981, 5388
list, 5623, 4945, 5378
list, 5624, 6351, 5523
list, 5625, 3730, 4361
list, 5626, 7182, 5762
list, 5627, 7684, 6177
list, 5628, 5241, 5243
list, 5629, 4665, 5159
list, 5630, 5128, 5432
list, 5631, 6271, 6410
list, 5632, 4040, 5362
list, 5633, 4343, 5525
list, 5634, 3443, 4760
list, 5635, 5479, 5447
list, 5636, 5069, 5141
list, 5637, 4777, 6215
list, 5638, 5835, 5989
list, 5639, 7817, 5538
list, 5640, 5334, 5147
list, 5641, 4727, 4954
list, 5642, 4520, 4509
list, 5643, 7394, 7441
list, 5644, 5919, 6078
list, 5645, 4791, 5796
list, 5646, 4569, 3605
list, 5647, 4754, 4943
list, 5648, 4413, 5513
list, 5649, 5635, 5448
list, 5650, 6184, 6554
list, 5651, 6207, 6150
list, 5652, 5847, 5080
list, 5653, 6871, 7221
list, 5654, 6784, 6363
list, 5655, 4463, 5344
list, 5656, 6601, 5912
list, 5657, 6050, 5580
list, 5658, 5871, 5496
list, 5659, 6092, 5574
list, 5660, 3543, 4556
list, 5661, 1811, 4113
list, 5662, 5863, 5801
list, 5663, 6297, 5784
list, 5664, 3784, 4391
list, 5665, 6749, 5603
list, 5666, 3432, 4848
list, 5667, 6946, 4433
list, 5668, 4707, 4396
list, 5669, 5681, 5678
list, 5670, 5864, 4962
list, 5671, 4986, 5610
list, 5672, 5302, 5692
list, 5673, 5941, 5864
list, 5674, 6219, 6022
list, 5675, 3711, 3636
list, 5676, 3357, 5331
list, 5677, 6100, 6018
list, 5678, 8845, 7113
list, 5679, 5857, 6601
list, 5680, 3589, 3903
list, 5681, 5956, 5677
list, 5682, 6493, 5707
list, 5683, 7139, 6665
list, 5684, 5869, 5936
list, 5685, 4323, 5357
list, 5686, 6071, 5596
list, 5687, 5747, 6691
list, 5688, 2687, 4860
list, 5689, 8717, 8398
list, 5690, 5395, 5275
list, 5691, 4842, 4957
list, 5692, 6301, 5352
list, 5693, 6163, 4868
list, 5694, 5816, 6207
list, 5695, 6111, 4836
list, 5696, 5432, 6172
list, 5697, 5491, 5473
list, 5698, 6149, 6520
list, 5699, 6048, 6085
list, 5700, 5656, 5913
list, 5701, 5146, 6029
list, 5702, 6812, 6608
list, 5703, 5510, 4199
list, 5704, 4360, 4928
list, 5705, 6252, 5791
list, 5706, 5697, 5474
list, 5707, 6011, 5657
list, 5708, 5891, 6651
list, 5709, 6820, 6502
list, 5710, 5416, 6464
list, 5711, 6357, 5505
list, 5712, 5518, 5364
list, 5713, 4631, 5044
list, 5714, 6142, 5756
list, 5715, 5324, 4966
list, 5716, 5645, 5797
list, 5717, 4440, 4775
list, 5718, 5196, 5419
list, 5719, 4990, 5092
list, 5720, 5048, 4638
list, 5721, 5079, 5600
list, 5722, 6521, 6861
list, 5723, 5917, 5612
list, 5724, 6754, 7291
list, 5725, 5110, 5479
list, 5726, 6982, 6678
list, 5727, 3346, 4292
list, 5728, 6235, 6605
list, 5729, 6009, 5886
list, 5730, 4510, 5075
list, 5731, 5954, 6631
list, 5732, 4608, 5542
list, 5733, 8366, 7106
list, 5734, 6681, 6762
list, 5735, 6802, 6517
list, 5736, 5119, 5149
list, 5737, 4519, 4814
list, 5738, 7392, 6218
list, 5739, 5421, 5766
list, 5740, 6799, 6231
list, 5741, 6533, 4677
list, 5742, 5459, 5841
list, 5743, 7074, 7155
list, 5744, 3230, 3323
list, 5745, 3322, 4182
list, 5746, 6051, 5264
list, 5747, 5971, 6690
list, 5748, 6214, 5917
list, 5749, 5789, 5548
list, 5750, 5586, 6072
list, 5751, 6350, 6058
list, 5752, 6075, 6125
list, 5753, 5250, 5366
list, 5754, 8116, 6888
list, 5755, 5425, 5413
list, 5756, 5825, 6053
list, 5757, 6341, 7178
list, 5758, 4153, 5007
list, 5759, 3560, 4538
list, 5760, 3776, 4910
list, 5761, 5718, 5420
list, 5762, 7869, 6598
list, 5763, 7237, 7130
list, 5764, 4980, 5510
list, 5765, 4341, 4308
list, 5766, 6730, 6368
list, 5767, 7521, 6118
list, 5768, 7224, 6489
list, 5769, 8311, 6143
list, 5770, 5314, 5847
list, 5771, 5730, 5076
list, 5772, 4579, 5531
list, 5773, 7016, 6046
list, 5774, 6417, 6430
list, 5775, 5326, 5649
list, 5776, 4809, 4945
list, 5777, 2211, 2210
list, 5778, 4855, 5186
list, 5779, 4562, 5269
list, 5780, 5809, 4273
list, 5781, 3259, 4643
list, 5782, 6054, 5393
list, 5783, 3900, 5190
list, 5784, 7274, 6440
list, 5785, 5851, 6547
list, 5786, 5994, 4978
list, 5787, 3629, 5103
list, 5788, 5042, 5314
list, 5789, 5447, 5547
list, 5790, 5973, 5619
list, 5791, 5743, 7156
list, 5792, 5657, 5581
list, 5793, 5762, 6599
list, 5794, 8196, 7578
list, 5795, 4775, 5064
list, 5796, 5922, 5262
list, 5797, 7912, 7817
list, 5798, 5508, 5645
list, 5799, 6860, 7189
list, 5800, 6221, 6099
list, 5801, 4279, 4807
list, 5802, 7041, 6911
list, 5803, 6522, 6329
list, 5804, 5117, 5882
list, 5805, 5457, 6075
list, 5806, 4614, 4934
list, 5807, 4633, 4429
list, 5808, 5151, 5129
list, 5809, 6470, 4272
list, 5810, 6941, 5818
list, 5811, 4961, 4609
list, 5812, 5115, 5298
list, 5813, 4211, 4819
list, 5814, 6327, 7016
list, 5815, 5702, 6609
list, 5816, 6563, 6206
list, 5817, 5373, 5201
list, 5818, 5696, 6173
list, 5819, 4018, 4134
list, 5820, 6442, 6721
list, 5821, 5393, 6244
list, 5822, 6178, 6281
list, 5823, 4974, 5455
list, 5824, 5686, 5597
list, 5825, 5374, 6052
list, 5826, 3492, 4195
list, 5827, 4790, 5234
list, 5828, 3470, 4704
list, 5829, 5198, 5861
list, 5830, 4627, 4948
list, 5831, 5086, 5453
list, 5832, 5733, 7107
list, 5833, 6213, 5241
list, 5834, 5122, 5178
list, 5835, 5903, 5988
list, 5836, 4119, 4565
list, 5837, 9248, 8729
list, 5838, 9167, 8155
list, 5839, 5940, 5955
list, 5840, 6004, 6157
list, 5841, 6678, 5896
list, 5842, 5988, 5665
list, 5843, 6105, 5952
list, 5844, 7233, 6469
list, 5845, 5951, 4595
list, 5846, 7238, 6323
list, 5847, 5063, 5079
list, 5848, 3161, 5028
list, 5849, 8149, 7436
list, 5850, 6777, 6005
list, 5851, 6636, 6546
list, 5852, 4228, 5316
list, 5853, 7396, 6928
list, 5854, 4590, 5459
list, 5855, 7428, 6590
list, 5856, 4176, 3801
list, 5857, 5793, 6600
list, 5858, 4722, 5198
list, 5859, 6354, 5434
list, 5860, 4181, 5436
list, 5861, 7200, 5788
list, 5862, 6304, 6817
list, 5863, 5391, 5800
list, 5864, 5202, 4961
list, 5865, 6850, 7354
list, 5866, 5562, 4904
list, 5867, 6182, 6385
list, 5868, 6156, 6667
list, 5869, 6291, 5935
list, 5870, 6825, 6473
list, 5871, 4872, 5495
list, 5872, 6162, 5690
list, 5873, 5301, 5096
list, 5874, 5273, 5814
list, 5875, 4244, 5355
list, 5876, 6716, 6277
list, 5877, 6984, 6239
list, 5878, 6727, 6165
list, 5879, 6485, 6311
list, 5880, 4274, 5820
list, 5881, 5529, 5466
list, 5882, 5178, 5684
list, 5883, 5356, 5222
list, 5884, 5075, 5621
list, 5885, 7617, 5899
list, 5886, 6588, 6050
list, 5887, 5633, 5526
list, 5888, 7117, 7241
list, 5889, 4968, 4635
list, 5890, 4302, 4015
list, 5891, 6517, 6650
list, 5892, 5727, 4293
list, 5893, 4728, 5616
list, 5894, 5251, 5429
list, 5895, 7834, 5965
list, 5896, 6675, 5671
list, 5897, 4970, 5162
list, 5898, 4712, 5260
list, 5899, 5608, 6008
list, 5900, 6031, 6661
list, 5901, 6216, 6475
list, 5902, 5133, 5960
list, 5903, 5611, 5987
list, 5904, 5849, 7437
list, 5905, 6300, 6894
list, 5906, 6679, 5231
list, 5907, 5928, 6315
list, 5908, 6794, 5661
list, 5909, 5738, 6219
list, 5910, 6819, 6456
list, 5911, 6503, 5052
list, 5912, 8914, 7553
list, 5913, 7199, 6213
list, 5914, 6159, 6729
list, 5915, 6286, 5829
list, 5916, 6642, 5890
list, 5917, 5671, 5611
list, 5918, 7438, 6974
list, 5919, 6380, 6077
list, 5920, 5623, 5379
list, 5921, 5209, 5920
list, 5922, 5898, 5261
list, 5923, 6113, 7350
list, 5924, 3993, 5283
list, 5925, 5398, 5521
list, 5926, 6928, 7198
list, 5927, 5667, 4434
list, 5928, 6467, 6314
list, 5929, 4812, 5741
list, 5930, 5291, 5135
list, 5931, 6774, 6038
list, 5932, 7382, 6500
list, 5933, 5139, 4598
list, 5934, 6673, 7181
list, 5935, 7792, 5998
list, 5936, 8329, 6901
list, 5937, 6131, 5845
list, 5938, 4921, 5775
list, 5939, 5405, 5908
list, 5940, 7038, 5954
list, 5941, 5255, 5863
list, 5942, 4255, 4334
list, 5943, 6605, 5838
list, 5944, 4363, 5878
list, 5945, 5102, 6031
list, 5946, 4075, 5589
list, 5947, 5526, 6135
list, 5948, 5946, 5590
list, 5949, 5286, 5518
list, 5950, 5575, 5992
list, 5951, 4593, 4594
list, 5952, 5022, 5422
list, 5953, 7221, 6262
list, 5954, 7586, 6630
list, 5955, 5607, 5748
list, 5956, 4865, 5676
list, 5957, 6429, 6043
list, 5958, 5549, 5709
list, 5959, 5246, 6069
list, 5960, 6199, 6419
list, 5961, 5176, 4939
list, 5962, 5150, 5424
list, 5963, 9001, 8509
list, 5964, 4702, 4286
list, 5965, 4282, 4693
list, 5966, 6832, 5594
list, 5967, 5939, 5909
list, 5968, 6838, 6190
list, 5969, 3773, 4826
list, 5970, 7130, 6345
list, 5971, 5490, 6689
list, 5972, 5773, 6047
list, 5973, 6085, 5618
list, 5974, 6309, 5983
list, 5975, 5315, 6110
list, 5976, 5023, 5938
list, 5977, 5312, 5745
list, 5978, 5719, 5093
list, 5979, 6625, 6308
list, 5980, 5803, 6330
list, 5981, 5574, 5387
list, 5982, 7045, 6634
list, 5983, 6238, 7073
list, 5984, 6247, 6392
list, 5985, 5221, 5686
list, 5986, 7101, 6401
list, 5987, 6869, 6283
list, 5988, 4659, 5664
list, 5989, 5999, 6485
list, 5990, 6115, 6183
list, 5991, 5768, 6490
list, 5992, 6614, 5928
list, 5993, 2741, 3274
list, 5994, 4626, 4977
list, 5995, 7153, 6573
list, 5996, 7262, 7395
list, 5997, 5573, 5305
list, 5998, 6541, 6097
list, 5999, 8023, 6484
list, 6000, 5366, 6406
list, 6001, 4421, 5759
list, 6002, 8126, 7899
list, 6003, 6591, 5995
list, 6004, 6129, 6156
list, 6005, 5195, 5445
list, 6006, 4723, 5403
list, 6007, 6084, 6234
list, 6008, 5263, 4795
list, 6009, 6037, 5885
list, 6010, 5858, 5199
list, 6011, 6756, 5656
list, 6012, 5376, 5738
list, 6013, 8255, 7096
list, 6014, 6070, 5516
list, 6015, 5910, 6457
list, 6016, 5991, 6491
list, 6017, 5423, 5500
list, 6018, 5846, 6324
list, 6019, 7474, 6320
list, 6020, 4765, 5852
list, 6021, 5962, 5425
list, 6022, 6064, 6256
list, 6023, 6645, 5568
list, 6024, 7946, 6738
list, 6025, 4670, 4484
list, 6026, 6007, 6235
list, 6027, 6180, 5978
list, 6028, 4773, 4494
list, 6029, 7503, 7542
list, 6030, 7906, 6603
list, 6031, 6288, 6660
list, 6032, 4922, 5255
list, 6033, 6735, 6812
list, 6034, 6330, 6869
list, 6035, 4797, 5922
list, 6036, 6396, 5407
list, 6037, 5368, 5884
list, 6038, 5025, 6222
list, 6039, 6998, 5768
list, 6040, 5147, 6115
list, 6041, 6772, 6227
list, 6042, 6331, 6566
list, 6043, 5650, 6555
list, 6044, 5960, 6420
list, 6045, 6921, 6695
list, 6046, 4744, 4451
list, 6047, 4074, 4792
list, 6048, 6080, 6084
list, 6049, 7497, 5948
list, 6050, 4464, 5579
list, 6051, 5796, 5263
list, 6052, 6806, 5876
list, 6053, 8130, 7174
list, 6054, 4388, 5392
list, 6055, 5519, 6714
list, 6056, 7025, 6347
list, 6057, 8042, 7583
list, 6058, 6873, 6366
list, 6059, 8644, 8586
list, 6060, 5543, 5735
list, 6061, 7290, 6864
list, 6062, 5799, 7190
list, 6063, 5215, 5544
list, 6064, 6708, 6255
list, 6065, 6658, 6123
list, 6066, 5040, 4831
list, 6067, 7384, 7054
list, 6068, 5104, 4805
list, 6069, 8804, 8854
list, 6070, 5239, 5515
list, 6071, 5966, 5595
list, 6072, 6723, 5976
list, 6073, 4479, 6130
list, 6074, 5121, 5373
list, 6075, 6065, 6124
list, 6076, 6844, 7171
list, 6077, 6347, 5752
list, 6078, 5987, 6284
list, 6079, 6482, 6623
list, 6080, 4993, 6083
list, 6081, 7275, 6247
list, 6082, 5685, 5358
list, 6083, 4653, 4712
list, 6084, 6729, 6233
list, 6085, 5893, 5617
list, 6086, 6950, 6415
list, 6087, 6428, 5728
list, 6088, 8018, 7819
list, 6089, 5658, 5497
list, 6090, 3989, 6148
list, 6091, 4838, 6417
list, 6092, 5000, 5573
list, 6093, 3781, 5224
list, 6094, 7061, 6595
list, 6095, 8418, 6701
list, 6096, 6281, 6698
list, 6097, 5345, 7060
list, 6098, 4976, 5629
list, 6099, 7539, 7945
list, 6100, 6332, 6017
list, 6101, 7110, 6823
list, 6102, 3950, 5133
list, 6103, 6717, 6921
list, 6104, 5784, 6441
list, 6105, 5489, 5951
list, 6106, 5756, 6054
list, 6107, 5895, 5966
list, 6108, 6728, 5213
list, 6109, 5264, 4846
list, 6110, 7559, 7518
list, 6111, 3848, 4835
list, 6112, 4988, 5824
list, 6113, 8616, 7349
list, 6114, 7295, 6377
list, 6115, 6771, 6182
list, 6116, 6652, 6371
list, 6117, 7007, 6272
list, 6118, 5123, 4657
list, 6119, 5404, 5461
list, 6120, 6392, 6507
list, 6121, 5496, 5565
list, 6122, 6643, 7320
list, 6123, 6824, 6355
list, 6124, 5881, 5467
list, 6125, 6823, 6066
list, 6126, 7429, 7572
list, 6127, 3494, 4803
list, 6128, 6627, 6433
list, 6129, 6362, 6155
list, 6130, 5282, 6904
list, 6131, 6227, 5844
list, 6132, 6890, 7386
list, 6133, 4218, 4744
list, 6134, 5260, 5310
list, 6135, 5218, 5535
list, 6136, 7546, 6932
list, 6137, 7518, 7506
list, 6138, 7269, 7599
list, 6139, 6416, 6494
list, 6140, 6816, 6544
list, 6141, 5525, 5715
list, 6142, 6464, 5755
list, 6143, 7692, 7526
list, 6144, 4383, 4021
list, 6145, 8111, 8255
list, 6146, 6487, 6093
list, 6147, 7116, 7416
list, 6148, 7989, 7308
list, 6149, 7256, 6519
list, 6150, 8536, 7176
list, 6151, 5578, 6796
list, 6152, 4460, 5055
list, 6153, 6256, 5059
list, 6154, 6841, 7067
list, 6155, 8250, 8013
list, 6156, 5683, 6666
list, 6157, 5566, 6127
list, 6158, 6738, 6237
list, 6159, 6543, 6728
list, 6160, 6042, 6567
list, 6161, 4205, 5169
list, 6162, 5532, 5689
list, 6163, 4441, 4867
list, 6164, 6415, 5401
list, 6165, 5894, 5430
list, 6166, 6082, 5359
list, 6167, 7017, 6845
list, 6168, 6804, 7149
list, 6169, 5243, 5723
list, 6170, 5399, 5398
list, 6171, 4058, 4533
list, 6172, 6971, 5712
list, 6173, 6305, 6628
list, 6174, 7468, 6768
list, 6175, 7080, 6792
list, 6176, 4858, 4893
list, 6177, 7219, 6971
list, 6178, 6956, 6280
list, 6179, 6257, 6105
list, 6180, 6072, 5977
list, 6181, 7537, 7052
list, 6182, 7184, 6384
list, 6183, 4339, 4320
list, 6184, 7435, 6553
list, 6185, 6248, 5211
list, 6186, 5798, 5646
list, 6187, 7304, 7047
list, 6188, 6849, 5962
list, 6189, 7283, 6252
list, 6190, 7144, 5836
list, 6191, 5587, 6967
list, 6192, 6702, 5073
list, 6193, 6701, 5974
list, 6194, 6981, 6787
list, 6195, 5333, 5777
list, 6196, 5802, 6912
list, 6197, 6736, 6512
list, 6198, 5355, 4611
list, 6199, 6091, 6418
list, 6200, 4531, 5551
list, 6201, 6012, 5739
list, 6202, 6510, 6296
list, 6203, 5694, 6208
list, 6204, 7294, 6423
list, 6205, 7042, 7146
list, 6206, 5465, 5281
list, 6207, 6090, 6149
list, 6208, 7822, 8007
list, 6209, 6229, 6161
list, 6210, 7872, 6935
list, 6211, 6197, 6513
list, 6212, 5007, 5321
list, 6213, 5245, 5240
list, 6214, 6369, 5916
list, 6215, 6629, 7165
list, 6216, 5870, 6474
list, 6217, 6565, 6806
list, 6218, 5659, 5575
list, 6219, 6466, 6021
list, 6220, 4939, 6412
list, 6221, 5998, 6098
list, 6222, 5380, 5300
list, 6223, 5207, 5443
list, 6224, 5651, 6151
list, 6225, 6900, 6585
list, 6226, 5077, 5867
list, 6227, 5062, 5843
list, 6228, 7889, 6107
list, 6229, 6993, 6160
list, 6230, 7122, 6541
list, 6231, 6386, 5809
list, 6232, 3702, 3707
list, 6233, 7472, 6776
list, 6234, 4580, 5022
list, 6235, 6030, 6604
list, 6236, 6033, 6813
list, 6237, 5561, 6480
list, 6238, 6867, 7072
list, 6239, 6186, 5647
list, 6240, 6874, 7094
list, 6241, 7762, 7462
list, 6242, 5649, 5449
list, 6243, 7816, 6658
list, 6244, 6476, 7313
list, 6245, 6810, 7204
list, 6246, 5772, 5532
list, 6247, 6762, 6391
list, 6248, 5194, 5210
list, 6249, 5868, 6668
list, 6250, 6218, 5576
list, 6251, 6906, 6648
list, 6252, 5293, 5790
list, 6253, 4187, 4416
list, 6254, 5878, 6166
list, 6255, 5522, 7012
list, 6256, 6733, 5058
list, 6257, 5254, 6104
list, 6258, 6398, 7246
list, 6259, 6098, 5630
list, 6260, 6668, 6335
list, 6261, 6295, 5554
list, 6262, 7143, 6759
list, 6263, 5818, 6174
list, 6264, 6081, 6248
list, 6265, 7534, 6339
list, 6266, 6695, 6375
list, 6267, 5876, 6278
list, 6268, 6242, 5450
list, 6269, 5731, 6632
list, 6270, 5663, 5785
list, 6271, 7446, 6409
list, 6272, 5397, 6139
list, 6273, 7907, 7492
list, 6274, 6018, 6325
list, 6275, 7649, 6754
list, 6276, 8241, 6379
list, 6277, 6497, 6241
list, 6278, 5213, 6014
list, 6279, 9133, 8383
list, 6280, 5498, 6855
list, 6281, 7442, 6697
list, 6282, 5824, 5598
list, 6283, 5778, 5187
list, 6284, 5577, 5831
list, 6285, 4535, 4449
list, 6286, 4609, 5828
list, 6287, 6427, 6185
list, 6288, 6243, 6659
list, 6289, 5396, 5294
list, 6290, 5626, 5763
list, 6291, 4863, 5934
list, 6292, 5687, 6692
list, 6293, 6020, 5853
list, 6294, 7355, 5888
list, 6295, 5337, 5553
list, 6296, 5568, 5682
list, 6297, 7001, 5783
list, 6298, 6008, 4796
list, 6299, 6040, 6116
list, 6300, 6653, 6893
list, 6301, 5514, 5351
list, 6302, 8963, 6450
list, 6303, 7902, 6880
list, 6304, 6368, 6816
list, 6305, 5294, 6627
list, 6306, 8259, 7339
list, 6307, 5986, 6402
list, 6308, 7084, 6287
list, 6309, 6411, 5982
list, 6310, 6027, 5979
list, 6311, 4947, 6577
list, 6312, 6038, 6223
list, 6313, 6263, 6175
list, 6314, 7545, 5972
list, 6315, 6805, 6333
list, 6316, 5800, 6100
list, 6317, 4173, 4877
list, 6318, 7541, 7750
list, 6319, 7255, 6940
list, 6320, 7125, 6790
list, 6321, 7972, 7530
list, 6322, 6244, 7314
list, 6323, 6697, 6745
list, 6324, 6202, 6297
list, 6325, 4960, 5816
list, 6326, 4167, 5931
list, 6327, 6881, 7015
list, 6328, 5316, 7037
list, 6329, 4804, 6137
list, 6330, 7347, 6868
list, 6331, 5448, 6565
list, 6332, 5108, 6016
list, 6333, 5458, 5855
list, 6334, 5975, 6111
list, 6335, 4595, 6198
list, 6336, 7362, 7361
list, 6337, 7837, 7230
list, 6338, 6324, 6298
list, 6339, 7911, 6743
list, 6340, 7254, 6956
list, 6341, 6150, 7177
list, 6342, 4856, 5874
list, 6343, 5177, 5667
list, 6344, 5841, 5897
list, 6345, 6558, 6962
list, 6346, 4644, 4930
list, 6347, 6519, 5751
list, 6348, 6518, 6944
list, 6349, 6450, 5944
list, 6350, 4458, 6057
list, 6351, 5925, 5522
list, 6352, 5906, 5232
list, 6353, 5036, 5101
list, 6354, 5630, 5433
list, 6355, 8511, 8108
list, 6356, 5710, 6465
list, 6357, 5329, 5504
list, 6358, 6401, 6559
list, 6359, 7923, 7636
list, 6360, 6349, 5945
list, 6361, 7680, 6908
list, 6362, 7034, 6154
list, 6363, 5823, 5456
list, 6364, 5899, 6009
list, 6365, 6839, 6676
list, 6366, 5174, 5417
list, 6367, 5381, 5477
list, 6368, 6502, 6815
list, 6369, 6387, 5915
list, 6370, 5536, 5127
list, 6371, 4991, 5695
list, 6372, 6792, 5151
list, 6373, 7764, 7135
list, 6374, 4868, 4887
list, 6375, 7062, 8452
list, 6376, 7963, 7515
list, 6377, 5957, 6044
list, 6378, 8124, 7794
list, 6379, 6209, 6162
list, 6380, 5805, 6076
list, 6381, 6120, 6508
list, 6382, 7279, 5926
list, 6383, 6024, 6739
list, 6384, 5720, 4639
list, 6385, 3830, 5099
list, 6386, 4606, 5808
list, 6387, 5700, 5914
list, 6388, 5572, 6531
list, 6389, 5550, 5651
list, 6390, 3554, 5869
list, 6391, 6639, 6749
list, 6392, 5558, 6506
list, 6393, 6634, 6832
list, 6394, 6773, 7103
list, 6395, 7323, 7586
list, 6396, 4971, 5406
list, 6397, 6917, 7272
list, 6398, 7922, 7245
list, 6399, 7478, 7864
list, 6400, 6757, 6169
list, 6401, 5361, 6558
list, 6402, 6019, 6321
list, 6403, 7485, 7645
list, 6404, 6985, 5641
list, 6405, 7632, 6095
list, 6406, 5437, 4918
list, 6407, 6459, 6437
list, 6408, 6552, 6349
list, 6409, 4698, 6877
list, 6410, 6663, 7470
list, 6411, 7368, 5981
list, 6412, 6989, 6779
list, 6413, 5907, 6316
list, 6414, 6437, 5558
list, 6415, 3449, 5400
list, 6416, 5591, 6493
list, 6417, 7766, 6429
list, 6418, 5985, 5687
list, 6419, 5673, 5865
list, 6420, 7379, 7193
list, 6421, 4673, 4987
list, 6422, 6302, 6451
list, 6423, 4917, 5038
list, 6424, 7009, 7234
list, 6425, 5336, 6447
list, 6426, 7167, 7087
list, 6427, 5990, 6184
list, 6428, 5427, 5727
list, 6429, 6853, 6042
list, 6430, 5114, 6498
list, 6431, 6932, 6774
list, 6432, 5453, 6835
list, 6433, 9053, 7329
list, 6434, 5677, 6019
list, 6435, 8040, 7468
list, 6436, 5955, 5749
list, 6437, 7051, 5557
list, 6438, 6540, 7058
list, 6439, 4542, 5674
list, 6440, 7784, 7034
list, 6441, 5860, 5437
list, 6442, 5109, 6720
list, 6443, 5272, 5892
list, 6444, 8198, 7266
list, 6445, 7193, 7168
list, 6446, 7636, 7623
list, 6447, 5367, 6388
list, 6448, 6815, 6570
list, 6449, 7746, 7139
list, 6450, 6878, 5943
list, 6451, 6345, 6963
list, 6452, 7717, 7422
list, 6453, 7242, 7044
list, 6454, 8422, 6523
list, 6455, 6001, 5760
list, 6456, 6358, 6560
list, 6457, 6883, 6851
list, 6458, 5653, 7222
list, 6459, 7326, 6436
list, 6460, 6979, 7503
list, 6461, 4385, 5491
list, 6462, 5901, 6476
list, 6463, 5524, 5341
list, 6464, 6544, 5754
list, 6465, 4462, 5384
list, 6466, 6434, 6020
list, 6467, 6990, 6313
list, 6468, 6561, 6840
list, 6469, 7829, 6965
list, 6470, 3410, 4271
list, 6471, 6363, 5457
list, 6472, 7156, 6534
list, 6473, 4802, 6593
list, 6474, 6000, 6407
list, 6475, 5774, 6431
list, 6476, 5494, 7312
list, 6477, 6044, 6421
list, 6478, 5503, 5267
list, 6479, 6996, 6771
list, 6480, 6548, 7372
list, 6481, 7260, 7391
list, 6482, 6672, 6622
list, 6483, 7733, 7446
list, 6484, 3606, 4570
list, 6485, 7939, 6310
list, 6486, 6390, 5870
list, 6487, 5027, 6092
list, 6488, 4895, 6141
list, 6489, 8518, 7930
list, 6490, 7092, 6625
list, 6491, 6215, 7166
list, 6492, 3626, 6061
list, 6493, 7346, 5706
list, 6494, 6188, 5963
list, 6495, 8288, 8405
list, 6496, 7496, 6997
list, 6497, 5877, 6240
list, 6498, 3998, 4701
list, 6499, 6549, 6088
list, 6500, 8351, 8043
list, 6501, 7705, 6847
list, 6502, 6236, 6814
list, 6503, 4546, 5051
list, 6504, 5936, 6902
list, 6505, 6233, 6777
list, 6506, 6951, 6482
list, 6507, 7830, 7010
list, 6508, 6911, 6343
list, 6509, 7941, 7237
list, 6510, 3287, 6295
list, 6511, 7287, 7213
list, 6512, 6957, 6615
list, 6513, 7501, 6938
list, 6514, 7174, 6916
list, 6515, 6923, 7078
list, 6516, 6843, 7004
list, 6517, 6251, 6649
list, 6518, 7476, 6943
list, 6519, 6436, 5750
list, 6520, 7032, 5605
list, 6521, 7538, 6860
list, 6522, 6862, 6328
list, 6523, 7071, 7458
list, 6524, 5460, 5924
list, 6525, 6781, 5906
list, 6526, 5721, 5601
list, 6527, 6646, 6949
list, 6528, 6292, 6693
list, 6529, 5556, 5857
list, 6530, 7216, 7477
list, 6531, 7140, 6203
list, 6532, 6933, 6462
list, 6533, 5408, 4676
list, 6534, 7643, 7153
list, 6535, 5449, 6620
list, 6536, 8838, 8482
list, 6537, 6531, 6204
list, 6538, 6078, 6285
list, 6539, 5222, 5338
list, 6540, 7933, 7057
list, 6541, 6405, 6096
list, 6542, 7257, 7209
list, 6543, 6606, 6727
list, 6544, 6077, 5753
list, 6545, 5662, 5802
list, 6546, 6189, 6253
list, 6547, 5950, 5993
list, 6548, 8967, 7371
list, 6549, 5599, 6087
list, 6550, 6241, 7463
list, 6551, 7774, 6828
list, 6552, 6056, 6348
list, 6553, 9200, 8244
list, 6554, 4277, 5502
list, 6555, 8920, 7880
list, 6556, 5439, 5464
list, 6557, 6112, 5825
list, 6558, 7794, 6961
list, 6559, 6378, 7795
list, 6560, 6566, 6397
list, 6561, 7118, 6839
list, 6562, 7888, 7589
list, 6563, 6537, 6205
list, 6564, 6123, 6356
list, 6565, 6595, 6805
list, 6566, 5603, 6396
list, 6567, 5097, 5120
list, 6568, 5855, 6591
list, 6569, 7397, 6639
list, 6570, 6136, 6933
list, 6571, 7630, 7510
list, 6572, 6234, 5023
list, 6573, 7514, 6898
list, 6574, 6230, 6542
list, 6575, 7276, 7122
list, 6576, 6117, 6273
list, 6577, 7846, 8141
list, 6578, 6711, 6551
list, 6579, 7601, 6802
list, 6580, 6023, 5569
list, 6581, 8374, 9064
list, 6582, 7387, 7672
list, 6583, 5400, 6587
list, 6584, 7893, 5970
list, 6585, 6501, 6848
list, 6586, 3782, 4765
list, 6587, 6147, 7417
list, 6588, 6626, 6049
list, 6589, 4846, 5192
list, 6590, 8214, 7325
list, 6591, 6547, 5994
list, 6592, 7389, 7001
list, 6593, 8304, 7076
list, 6594, 8056, 7359
list, 6595, 6857, 6804
list, 6596, 6986, 5850
list, 6597, 6575, 7123
list, 6598, 6529, 5858
list, 6599, 7372, 6875
list, 6600, 8438, 7846
list, 6601, 6630, 5911
list, 6602, 4230, 4379
list, 6603, 8294, 7594
list, 6604, 4371, 5771
list, 6605, 6190, 5837
list, 6606, 7704, 6726
list, 6607, 7470, 7662
list, 6608, 6619, 6360
list, 6609, 7081, 7007
list, 6610, 5034, 6291
list, 6611, 5003, 5440
list, 6612, 6983, 6959
list, 6613, 8610, 7374
list, 6614, 6382, 5927
list, 6615, 7459, 5219
list, 6616, 4147, 5781
list, 6617, 6747, 7496
list, 6618, 6837, 6487
list, 6619, 7608, 6359
list, 6620, 6746, 5957
list, 6621, 6356, 6466
list, 6622, 8361, 8301
list, 6623, 6942, 7807
list, 6624, 7509, 8097
list, 6625, 5461, 6307
list, 6626, 5972, 6048
list, 6627, 6475, 6432
list, 6628, 6617, 7497
list, 6629, 7513, 7164
list, 6630, 5967, 5910
list, 6631, 5203, 6381
list, 6632, 7628, 6642
list, 6633, 5984, 6393
list, 6634, 7761, 6831
list, 6635, 7204, 6549
list, 6636, 6140, 6545
list, 6637, 6955, 6764
list, 6638, 5709, 6503
list, 6639, 8083, 6748
list, 6640, 7376, 7269
list, 6641, 6338, 6299
list, 6642, 6294, 5889
list, 6643, 8045, 7319
list, 6644, 4740, 5624
list, 6645, 4229, 5567
list, 6646, 8077, 6948
list, 6647, 4736, 4296
list, 6648, 7665, 7688
list, 6649, 7252, 6000
list, 6650, 7239, 6837
list, 6651, 6274, 6326
list, 6652, 3419, 6370
list, 6653, 6657, 6892
list, 6654, 4420, 5730
list, 6655, 6393, 6833
list, 6656, 5867, 6386
list, 6657, 7073, 6891
list, 6658, 6779, 6122
list, 6659, 8188, 7928
list, 6660, 9443, 7913
list, 6661, 6778, 6752
list, 6662, 6326, 5932
list, 6663, 6435, 7469
list, 6664, 6610, 6292
list, 6665, 6440, 7035
list, 6666, 6798, 6264
list, 6667, 6866, 6267
list, 6668, 6315, 6334
list, 6669, 8395, 8258
list, 6670, 7564, 6684
list, 6671, 6597, 7124
list, 6672, 6535, 6621
list, 6673, 9644, 7180
list, 6674, 5904, 7438
list, 6675, 5106, 5670
list, 6676, 7741, 8298
list, 6677, 6448, 6571
list, 6678, 5542, 5895
list, 6679, 4870, 5230
list, 6680, 7115, 6644
list, 6681, 8224, 6761
list, 6682, 7968, 7342
list, 6683, 7196, 6581
list, 6684, 4286, 6538
list, 6685, 6944, 6993
list, 6686, 6889, 6034
list, 6687, 6073, 6131
list, 6688, 5167, 5571
list, 6689, 6609, 7008
list, 6690, 5676, 5332
list, 6691, 8829, 7753
list, 6692, 7349, 6655
list, 6693, 7018, 6373
list, 6694, 9599, 8601
list, 6695, 6693, 6374
list, 6696, 5612, 5637
list, 6697, 6339, 6744
list, 6698, 5313, 5486
list, 6699, 6899, 7766
list, 6700, 6067, 7055
list, 6701, 6314, 5973
list, 6702, 5081, 5072
list, 6703, 6449, 7140
list, 6704, 7615, 6946
list, 6705, 5725, 5480
list, 6706, 6608, 6361
list, 6707, 6391, 6750
list, 6708, 6546, 6254
list, 6709, 5637, 6216
list, 6710, 6148, 7309
list, 6711, 6635, 6550
list, 6712, 6456, 6561
list, 6713, 5982, 6635
list, 6714, 6914, 7027
list, 6715, 6755, 7069
list, 6716, 6887, 6276
list, 6717, 7452, 6920
list, 6718, 5983, 7074
list, 6719, 6119, 5462
list, 6720, 7105, 7563
list, 6721, 8575, 7887
list, 6722, 5698, 6521
list, 6723, 6193, 5975
list, 6724, 6259, 5631
list, 6725, 8089, 7694
list, 6726, 5889, 4636
list, 6727, 6775, 6164
list, 6728, 6185, 5212
list, 6729, 5740, 6232
list, 6730, 6058, 6367
list, 6731, 7148, 6842
list, 6732, 7133, 7286
list, 6733, 5515, 5057
list, 6734, 7747, 6579
list, 6735, 5424, 6811
list, 6736, 7634, 6511
list, 6737, 5444, 6404
list, 6738, 6026, 6236
list, 6739, 7677, 7259
list, 6740, 7012, 6180
list, 6741, 5244, 5382
list, 6742, 6687, 6132
list, 6743, 8657, 6990
list, 6744, 6169, 5724
list, 6745, 8252, 6953
list, 6746, 5839, 5956
list, 6747, 7171, 7495
list, 6748, 5708, 6652
list, 6749, 6526, 5602
list, 6750, 4267, 4858
list, 6751, 4375, 3473
list, 6752, 5409, 6090
list, 6753, 6013, 7097
list, 6754, 7380, 7290
list, 6755, 6154, 7068
list, 6756, 4443, 5655
list, 6757, 7154, 6168
list, 6758, 6767, 6270
list, 6759, 8577, 8203
list, 6760, 7409, 7380
list, 6761, 5763, 7131
list, 6762, 5576, 6390
list, 6763, 6827, 6896
list, 6764, 8235, 8332
list, 6765, 8109, 8074
list, 6766, 6277, 6242
list, 6767, 5579, 6269
list, 6768, 8220, 7949
list, 6769, 7796, 6988
list, 6770, 8607, 8375
list, 6771, 6740, 6181
list, 6772, 4772, 6226
list, 6773, 7046, 7102
list, 6774, 5274, 6037
list, 6775, 6379, 6163
list, 6776, 7350, 7825
list, 6777, 5148, 6004
list, 6778, 6707, 6751
list, 6779, 7137, 6121
list, 6780, 8757, 8828
list, 6781, 6829, 5905
list, 6782, 8096, 6986
list, 6783, 7169, 7481
list, 6784, 6706, 6362
list, 6785, 6511, 7214
list, 6786, 8502, 7786
list, 6787, 7433, 7251
list, 6788, 6335, 6199
list, 6789, 5968, 6191
list, 6790, 7445, 7196
list, 6791, 6628, 7498
list, 6792, 5736, 5150
list, 6793, 8097, 7910
list, 6794, 6930, 5660
list, 6795, 6076, 7172
list, 6796, 6203, 6209
list, 6797, 8014, 7664
list, 6798, 5953, 6263
list, 6799, 6897, 6230
list, 6800, 5723, 5613
list, 6801, 8179, 6741
list, 6802, 7161, 6516
list, 6803, 6177, 6972
list, 6804, 6845, 7148
list, 6805, 7029, 6332
list, 6806, 6342, 5875
list, 6807, 6106, 6055
list, 6808, 5814, 7017
list, 6809, 8654, 7832
list, 6810, 7682, 7203
list, 6811, 5791, 7157
list, 6812, 7570, 6607
list, 6813, 7899, 7347
list, 6814, 7932, 8149
list, 6815, 4903, 6569
list, 6816, 6574, 6543
list, 6817, 7328, 6980
list, 6818, 6094, 6596
list, 6819, 4926, 6455
list, 6820, 5932, 6501
list, 6821, 7401, 7538
list, 6822, 6787, 7252
list, 6823, 5474, 6065
list, 6824, 4925, 6354
list, 6825, 4155, 6472
list, 6826, 5638, 5990
list, 6827, 5905, 6895
list, 6828, 7065, 7454
list, 6829, 5428, 5904
list, 6830, 7823, 7264
list, 6831, 7775, 6536
list, 6832, 5288, 5593
list, 6833, 5767, 6119
list, 6834, 6965, 7065
list, 6835, 7440, 7980
list, 6836, 6909, 6951
list, 6837, 5989, 6486
list, 6838, 5601, 6189
list, 6839, 7064, 6675
list, 6840, 5588, 6575
list, 6841, 6834, 7066
list, 6842, 5206, 5719
list, 6843, 7623, 7003
list, 6844, 7066, 7170
list, 6845, 6205, 7147
list, 6846, 5844, 6470
list, 6847, 7672, 7700
list, 6848, 7316, 7337
list, 6849, 5902, 5961
list, 6850, 8286, 7353
list, 6851, 7737, 7870
list, 6852, 9517, 9204
list, 6853, 4950, 6041
list, 6854, 6587, 7418
list, 6855, 7121, 7428
list, 6856, 4353, 6529
list, 6857, 6579, 6803
list, 6858, 6110, 7519
list, 6859, 7162, 7116
list, 6860, 7037, 7188
list, 6861, 9468, 8020
list, 6862, 6651, 6327
list, 6863, 6022, 6257
list, 6864, 8866, 8173
list, 6865, 4882, 6583
list, 6866, 5004, 6266
list, 6867, 6885, 7071
list, 6868, 5977, 5746
list, 6869, 5822, 6282
list, 6870, 5722, 6862
list, 6871, 7191, 7220
list, 6872, 6621, 6467
list, 6873, 6891, 6365
list, 6874, 7351, 7093
list, 6875, 8000, 8722
list, 6876, 6043, 6556
list, 6877, 7532, 6853
list, 6878, 7956, 5942
list, 6879, 5944, 5879
list, 6880, 6381, 6509
list, 6881, 9042, 7014
list, 6882, 6245, 7205
list, 6883, 6948, 6850
list, 6884, 5918, 6975
list, 6885, 6715, 7070
list, 6886, 7138, 7050
list, 6887, 7020, 6275
list, 6888, 9270, 7559
list, 6889, 5604, 6033
list, 6890, 7471, 7385
list, 6891, 5654, 6364
list, 6892, 6407, 6438
list, 6893, 7609, 7472
list, 6894, 4539, 6820
list, 6895, 8007, 7789
list, 6896, 8586, 8699
list, 6897, 8882, 6229
list, 6898, 8142, 7630
list, 6899, 8381, 7765
list, 6900, 6865, 6584
list, 6901, 4088, 3722
list, 6902, 8269, 8027
list, 6903, 6739, 7260
list, 6904, 8036, 7939
list, 6905, 6788, 6200
list, 6906, 6919, 6647
list, 6907, 4786, 6081
list, 6908, 6210, 6936
list, 6909, 6527, 6950
list, 6910, 7348, 7063
list, 6911, 8535, 6342
list, 6912, 7212, 7021
list, 6913, 9284, 7126
list, 6914, 7681, 7026
list, 6915, 5974, 5984
list, 6916, 7086, 7120
list, 6917, 8145, 7271
list, 6918, 6551, 6829
list, 6919, 7134, 6646
list, 6920, 7314, 7400
list, 6921, 6528, 6694
list, 6922, 8317, 7932
list, 6923, 6593, 7077
list, 6924, 8170, 6926
list, 6925, 5190, 5508
list, 6926, 7235, 6478
list, 6927, 7815, 8111
list, 6928, 6790, 7197
list, 6929, 5644, 6079
list, 6930, 4296, 5659
list, 6931, 4234, 5125
list, 6932, 7013, 6773
list, 6933, 7281, 6461
list, 6934, 7405, 7257
list, 6935, 6962, 6923
list, 6936, 7690, 7334
list, 6937, 6559, 7796
list, 6938, 5120, 5415
list, 6939, 6388, 6532
list, 6940, 8396, 7780
list, 6941, 6325, 5817
list, 6942, 7332, 7806
list, 6943, 6760, 7381
list, 6944, 8368, 6992
list, 6945, 8797, 6351
list, 6946, 4975, 4432
list, 6947, 6633, 6394
list, 6948, 6585, 6849
list, 6949, 7543, 7615
list, 6950, 5330, 6414
list, 6951, 6237, 6481
list, 6952, 6104, 6442
list, 6953, 4888, 6918
list, 6954, 7625, 7523
list, 6955, 5734, 6763
list, 6956, 6267, 6279
list, 6957, 4159, 6614
list, 6958, 9168, 8981
list, 6959, 6952, 6443
list, 6960, 8092, 7545
list, 6961, 6453, 7045
list, 6962, 6103, 6922
list, 6963, 6034, 6870
list, 6964, 6096, 6699
list, 6965, 6910, 7064
list, 6966, 6603, 7595
list, 6967, 6945, 6352
list, 6968, 6097, 7061
list, 6969, 6699, 7767
list, 6970, 9760, 9077
list, 6971, 7819, 5711
list, 6972, 7572, 7024
list, 6973, 5513, 6250
list, 6974, 6029, 7543
list, 6975, 7940, 7276
list, 6976, 9650, 8753
list, 6977, 7695, 7254
list, 6978, 8081, 6794
list, 6979, 7271, 7502
list, 6980, 5456, 6102
list, 6981, 7015, 6786
list, 6982, 6365, 6677
list, 6983, 8140, 6958
list, 6984, 6158, 6238
list, 6985, 5044, 5640
list, 6986, 7641, 5849
list, 6987, 6360, 5946
list, 6988, 8206, 7297
list, 6989, 6505, 6778
list, 6990, 5879, 6312
list, 6991, 7983, 6301
list, 6992, 8595, 7232
list, 6993, 7082, 6159
list, 6994, 8152, 7288
list, 6995, 5585, 6525
list, 6996, 7714, 6770
list, 6997, 7793, 8001
list, 6998, 5739, 5767
list, 6999, 7280, 6496
list, 7000, 7758, 7839
list, 7001, 6616, 5782
list, 7002, 6062, 7191
list, 7003, 9897, 8315
list, 7004, 8585, 7654
list, 7005, 6128, 6434
list, 7006, 7160, 7369
list, 7007, 6758, 6271
list, 7008, 7163, 7581
list, 7009, 6992, 7233
list, 7010, 7595, 6978
list, 7011, 7526, 7316
list, 7012, 5502, 6179
list, 7013, 6479, 6772
list, 7014, 8986, 7110
list, 7015, 3318, 6785
list, 7016, 6377, 6045
list, 7017, 5567, 6844
list, 7018, 6116, 6372
list, 7019, 7528, 7099
list, 7020, 6576, 6274
list, 7021, 9830, 8553
list, 7022, 6710, 7310
list, 7023, 7325, 7484
list, 7024, 8071, 8169
list, 7025, 5970, 6346
list, 7026, 6638, 6504
list, 7027, 6847, 7701
list, 7028, 5385, 5699
list, 7029, 5980, 6331
list, 7030, 6912, 7022
list, 7031, 7402, 7456
list, 7032, 5665, 5604
list, 7033, 6002, 7900
list, 7034, 7159, 6153
list, 7035, 8996, 8280
list, 7036, 7227, 7848
list, 7037, 8335, 7187
list, 7038, 5843, 5953
list, 7039, 8878, 8412
list, 7040, 8693, 8581
list, 7041, 8941, 6910
list, 7042, 7158, 7145
list, 7043, 7821, 7715
list, 7044, 7288, 7443
list, 7045, 6269, 6633
list, 7046, 7999, 7101
list, 7047, 9592, 7757
list, 7048, 5371, 5968
list, 7049, 5219, 4723
list, 7050, 8685, 8059
list, 7051, 5347, 5556
list, 7052, 7648, 6735
list, 7053, 8178, 7987
list, 7054, 5111, 6611
list, 7055, 7145, 6798
list, 7056, 5164, 6259
list, 7057, 6280, 6856
list, 7058, 7302, 6681
list, 7059, 6061, 6865
list, 7060, 7155, 7837
list, 7061, 6473, 6594
list, 7062, 8227, 8451
list, 7063, 7373, 7920
list, 7064, 4435, 6674
list, 7065, 7426, 7453
list, 7066, 6445, 7169
list, 7067, 8150, 7274
list, 7068, 8067, 8167
list, 7069, 7209, 7393
list, 7070, 8486, 8904
list, 7071, 7031, 7457
list, 7072, 6714, 7028
list, 7073, 7207, 6890
list, 7074, 6534, 7154
list, 7075, 5912, 7554
list, 7076, 7555, 7143
list, 7077, 6101, 6824
list, 7078, 5821, 6245
list, 7079, 8550, 7834
list, 7080, 6320, 6791
list, 7081, 7249, 7006
list, 7082, 5840, 6158
list, 7083, 8118, 6399
list, 7084, 6538, 6286
list, 7085, 8683, 8353
list, 7086, 7493, 7119
list, 7087, 7808, 7696
list, 7088, 5320, 6704
list, 7089, 5495, 6026
list, 7090, 8292, 6453
list, 7091, 5605, 7411
list, 7092, 6079, 6624
list, 7093, 8711, 8234
list, 7094, 8308, 6670
list, 7095, 9054, 7809
list, 7096, 5544, 5346
list, 7097, 6483, 7447
list, 7098, 5172, 6145
list, 7099, 9862, 9036
list, 7100, 5865, 7355
list, 7101, 7083, 6400
list, 7102, 7579, 8177
list, 7103, 4381, 6687
list, 7104, 5931, 6039
list, 7105, 7525, 7562
list, 7106, 6785, 7215
list, 7107, 9221, 7133
list, 7108, 7291, 7528
list, 7109, 7600, 7032
list, 7110, 4844, 6822
list, 7111, 5832, 7108
list, 7112, 5597, 7301
list, 7113, 7453, 6709
list, 7114, 5880, 5821
list, 7115, 6632, 6643
list, 7116, 7926, 7415
list, 7117, 7185, 7240
list, 7118, 6650, 6838
list, 7119, 7892, 8125
list, 7120, 7358, 7091
list, 7121, 7655, 7427
list, 7122, 5256, 6540
list, 7123, 7750, 7377
list, 7124, 6194, 6788
list, 7125, 7124, 6789
list, 7126, 6569, 6640
list, 7127, 8876, 7042
list, 7128, 8094, 8346
list, 7129, 7146, 6712
list, 7130, 6508, 6344
list, 7131, 5692, 5353
list, 7132, 6284, 5832
list, 7133, 8037, 7285
list, 7134, 6680, 6645
list, 7135, 7607, 7081
list, 7136, 5749, 5549
list, 7137, 6833, 6120
list, 7138, 7393, 7049
list, 7139, 7688, 6664
list, 7140, 4611, 6202
list, 7141, 6433, 7330
list, 7142, 6562, 7590
list, 7143, 7490, 6758
list, 7144, 5113, 5835
list, 7145, 6151, 6797
list, 7146, 7795, 6711
list, 7147, 8282, 7487
list, 7148, 6468, 6841
list, 7149, 6995, 6526
list, 7150, 7360, 8129
list, 7151, 6583, 6588
list, 7152, 5497, 7479
list, 7153, 6677, 6572
list, 7154, 6254, 6167
list, 7155, 7995, 7836
list, 7156, 6939, 6533
list, 7157, 7754, 7970
list, 7158, 7076, 7144
list, 7159, 6224, 6152
list, 7160, 4251, 7368
list, 7161, 7181, 6515
list, 7162, 7366, 7115
list, 7163, 8108, 7580
list, 7164, 7058, 6682
list, 7165, 8837, 8199
list, 7166, 6095, 6702
list, 7167, 8298, 7086
list, 7168, 6776, 7826
list, 7169, 7152, 7480
list, 7170, 7371, 7993
list, 7171, 7997, 7494
list, 7172, 8137, 7403
list, 7173, 7942, 8182
list, 7174, 7715, 6915
list, 7175, 8219, 8765
list, 7176, 9099, 8607
list, 7177, 8421, 7984
list, 7178, 8296, 8284
list, 7179, 8991, 8500
list, 7180, 6966, 7596
list, 7181, 6211, 6514
list, 7182, 6455, 5761
list, 7183, 7801, 7408
list, 7184, 4676, 6383
list, 7185, 7659, 7239
list, 7186, 7548, 7508
list, 7187, 8568, 7293
list, 7188, 7194, 6808
list, 7189, 7611, 7306
list, 7190, 8027, 8273
list, 7191, 8107, 7219
list, 7192, 6748, 6653
list, 7193, 6491, 7167
list, 7194, 6217, 6807
list, 7195, 9744, 8957
list, 7196, 6734, 6580
list, 7197, 7150, 8130
list, 7198, 7951, 8190
list, 7199, 7674, 6212
list, 7200, 5181, 5787
list, 7201, 7213, 7670
list, 7202, 9091, 8342
list, 7203, 9212, 8533
list, 7204, 5785, 6548
list, 7205, 8202, 7954
list, 7206, 6685, 6994
list, 7207, 5754, 6889
list, 7208, 4340, 4613
list, 7209, 6481, 7392
list, 7210, 9063, 7632
list, 7211, 7114, 5822
list, 7212, 7330, 7020
list, 7213, 7638, 7669
list, 7214, 6452, 7423
list, 7215, 6258, 7247
list, 7216, 7809, 7476
list, 7217, 7957, 7574
list, 7218, 7422, 7652
list, 7219, 8153, 6970
list, 7220, 8369, 7211
list, 7221, 5499, 6261
list, 7222, 6355, 8109
list, 7223, 6323, 6746
list, 7224, 6618, 6488
list, 7225, 6789, 6192
list, 7226, 7566, 7137
list, 7227, 6600, 7847
list, 7228, 8183, 8022
list, 7229, 8621, 8545
list, 7230, 7730, 7431
list, 7231, 8498, 7640
list, 7232, 5909, 6220
list, 7233, 6872, 6468
list, 7234, 7500, 8260
list, 7235, 6462, 6477
list, 7236, 7596, 7322
list, 7237, 7813, 7129
list, 7238, 6402, 6322
list, 7239, 6432, 6836
list, 7240, 9831, 8240
list, 7241, 8079, 8033
list, 7242, 7127, 7043
list, 7243, 8047, 7821
list, 7244, 7354, 6826
list, 7245, 7938, 7521
list, 7246, 7423, 7875
list, 7247, 7023, 7485
list, 7248, 8659, 8784
list, 7249, 6516, 7005
list, 7250, 8555, 8187
list, 7251, 7277, 6858
list, 7252, 5935, 5999
list, 7253, 6624, 8098
list, 7254, 7650, 6955
list, 7255, 6513, 6939
list, 7256, 5735, 6518
list, 7257, 8064, 7208
list, 7258, 6613, 7375
list, 7259, 7311, 7569
list, 7260, 7415, 7390
list, 7261, 8022, 7942
list, 7262, 7069, 7394
list, 7263, 5976, 5939
list, 7264, 7094, 6671
list, 7265, 7783, 8102
list, 7266, 7755, 6906
list, 7267, 8057, 6873
list, 7268, 5509, 7084
list, 7269, 7788, 7598
list, 7270, 6590, 7326
list, 7271, 7856, 7501
list, 7272, 8608, 8025
list, 7273, 7241, 8034
list, 7274, 6892, 6439
list, 7275, 7078, 6246
list, 7276, 6916, 7121
list, 7277, 7057, 6857
list, 7278, 8749, 7728
list, 7279, 6524, 5925
list, 7280, 6139, 6495
list, 7281, 7621, 6460
list, 7282, 8192, 8749
list, 7283, 6973, 6251
list, 7284, 6321, 7531
list, 7285, 7183, 7409
list, 7286, 7170, 7994
list, 7287, 7220, 7212
list, 7288, 5643, 7442
list, 7289, 8230, 8092
list, 7290, 6870, 6863
list, 7291, 6143, 7527
list, 7292, 6303, 6881
list, 7293, 6275, 6755
list, 7294, 6477, 6422
list, 7295, 6266, 6376
list, 7296, 6648, 7689
list, 7297, 5362, 5779
list, 7298, 7969, 6733
list, 7299, 7284, 7532
list, 7300, 6703, 7141
list, 7301, 5934, 7182
list, 7302, 5261, 6680
list, 7303, 9678, 8461
list, 7304, 6961, 7046
list, 7305, 7390, 8907
list, 7306, 8191, 8400
list, 7307, 8086, 7966
list, 7308, 7299, 7533
list, 7309, 8313, 7465
list, 7310, 7515, 7536
list, 7311, 7965, 7568
list, 7312, 9122, 8262
list, 7313, 5820, 6722
list, 7314, 7451, 7399
list, 7315, 9827, 9242
list, 7316, 7769, 7336
list, 7317, 8476, 8629
list, 7318, 4523, 8047
list, 7319, 8688, 7228
list, 7320, 6720, 7564
list, 7321, 7043, 7716
list, 7322, 8028, 7617
list, 7323, 7944, 7585
list, 7324, 5852, 5317
list, 7325, 7691, 7483
list, 7326, 7005, 6435
list, 7327, 7897, 9031
list, 7328, 7010, 6979
list, 7329, 8942, 7773
list, 7330, 7803, 7019
list, 7331, 8703, 8598
list, 7332, 8552, 7805
list, 7333, 7177, 7985
list, 7334, 7085, 8354
list, 7335, 8035, 7720
list, 7336, 7188, 6809
list, 7337, 9662, 8057
list, 7338, 6132, 7387
list, 7339, 5043, 5773
list, 7340, 8919, 7449
list, 7341, 7757, 7278
list, 7342, 7604, 8094
list, 7343, 9087, 8222
list, 7344, 6444, 7267
list, 7345, 7313, 6723
list, 7346, 5359, 5705
list, 7347, 7562, 6867
list, 7348, 6968, 7062
list, 7349, 7192, 6654
list, 7350, 8186, 7824
list, 7351, 7120, 7092
list, 7352, 6500, 8044
list, 7353, 6515, 7079
list, 7354, 7077, 6825
list, 7355, 5729, 5887
list, 7356, 8256, 8175
list, 7357, 7411, 8004
list, 7358, 4743, 7090
list, 7359, 7661, 6885
list, 7360, 9210, 8128
list, 7361, 8162, 8775
list, 7362, 6594, 7360
list, 7363, 6851, 7871
list, 7364, 9441, 7397
list, 7365, 9424, 9257
list, 7366, 5678, 7114
list, 7367, 7863, 6800
list, 7368, 6310, 5980
list, 7369, 8466, 8335
list, 7370, 8301, 7698
list, 7371, 8615, 7992
list, 7372, 7267, 6874
list, 7373, 7547, 7919
list, 7374, 5923, 7351
list, 7375, 9382, 9232
list, 7376, 7344, 7268
list, 7377, 4142, 4990
list, 7378, 7938, 7521
list, 7379, 7002, 7192
list, 7380, 6994, 7289
list, 7381, 8189, 8010
list, 7382, 6430, 6499
list, 7383, 6055, 6715
list, 7384, 6181, 7053
list, 7385, 6770, 8376
list, 7386, 9051, 8485
list, 7387, 7201, 7671
list, 7388, 6977, 7255
list, 7389, 8417, 7000
list, 7390, 9434, 8906
list, 7391, 5900, 6662
list, 7392, 6709, 6217
list, 7393, 6187, 7048
list, 7394, 7399, 7440
list, 7395, 5711, 5506
list, 7396, 6924, 6927
list, 7397, 4738, 6638
list, 7398, 8583, 8327
list, 7399, 6674, 7439
list, 7400, 8571, 7576
list, 7401, 7310, 7537
list, 7402, 6828, 7455
list, 7403, 7884, 7815
list, 7404, 8146, 7778
list, 7405, 7388, 7256
list, 7406, 8076, 8050
list, 7407, 6997, 8002
list, 7408, 7598, 7742
list, 7409, 7535, 7379
list, 7410, 8488, 8642
list, 7411, 7407, 8003
list, 7412, 8008, 7282
list, 7413, 9657, 8578
list, 7414, 8875, 8691
list, 7415, 7461, 7389
list, 7416, 7035, 8281
list, 7417, 7825, 7736
list, 7418, 8732, 8542
list, 7419, 7112, 7302
list, 7420, 5837, 8730
list, 7421, 7713, 7730
list, 7422, 8420, 7651
list, 7423, 7666, 7874
list, 7424, 8500, 8065
list, 7425, 7293, 6756
list, 7426, 7540, 7452
list, 7427, 9338, 7738
list, 7428, 7151, 6589
list, 7429, 7519, 7571
list, 7430, 6692, 6656
list, 7431, 7827, 7999
list, 7432, 7753, 7262
list, 7433, 7660, 7250
list, 7434, 7710, 8088
list, 7435, 6578, 6552
list, 7436, 7292, 6882
list, 7437, 6460, 7504
list, 7438, 6803, 6973
list, 7439, 6786, 7787
list, 7440, 8764, 7979
list, 7441, 7749, 8134
list, 7442, 6045, 6696
list, 7443, 9377, 8873
list, 7444, 9592, 7757
list, 7445, 7814, 7195
list, 7446, 6474, 6408
list, 7447, 5914, 6730
list, 7448, 6943, 7382
list, 7449, 5888, 7242
list, 7450, 6904, 7940
list, 7451, 7364, 7398
list, 7452, 6953, 6919
list, 7453, 7807, 6708
list, 7454, 9497, 8472
list, 7455, 7880, 8392
list, 7456, 8482, 7722
list, 7457, 6376, 7516
list, 7458, 7924, 8386
list, 7459, 4594, 5218
list, 7460, 9590, 8702
list, 7461, 7338, 7388
list, 7462, 8275, 8556
list, 7463, 9606, 8618
list, 7464, 8303, 7686
list, 7465, 8509, 8841
list, 7466, 6328, 7038
list, 7467, 9863, 9144
list, 7468, 7744, 6767
list, 7469, 9314, 9181
list, 7470, 9926, 7661
list, 7471, 7966, 7384
list, 7472, 6431, 6775
list, 7473, 8073, 7184
list, 7474, 5539, 6319
list, 7475, 9792, 9161
list, 7476, 5546, 6942
list, 7477, 9735, 9264
list, 7478, 8811, 7863
list, 7479, 7168, 7827
list, 7480, 6954, 7524
list, 7481, 7847, 7159
list, 7482, 8367, 7830
list, 7483, 8049, 7162
list, 7484, 7759, 8395
list, 7485, 7662, 7644
list, 7486, 8851, 8062
list, 7487, 7818, 7962
list, 7488, 7964, 8161
list, 7489, 7263, 5940
list, 7490, 7425, 6757
list, 7491, 7052, 6736
list, 7492, 6573, 6899
list, 7493, 7836, 7118
list, 7494, 8218, 7540
list, 7495, 7675, 7657
list, 7496, 7507, 6996
list, 7497, 6987, 5947
list, 7498, 8409, 7906
list, 7499, 8132, 7812
list, 7500, 9368, 8259
list, 7501, 6908, 6937
list, 7502, 7531, 7547
list, 7503, 7494, 7541
list, 7504, 7935, 8225
list, 7505, 9468, 8020
list, 7506, 8119, 7895
list, 7507, 7206, 6995
list, 7508, 8852, 8293
list, 7509, 8723, 8096
list, 7510, 6336, 7362
list, 7511, 8513, 8660
list, 7512, 7436, 6883
list, 7513, 7483, 7163
list, 7514, 6763, 6897
list, 7515, 7640, 7535
list, 7516, 6920, 7401
list, 7517, 9469, 8055
list, 7518, 7437, 7505
list, 7519, 7259, 7570
list, 7520, 7988, 7602
list, 7521, 6299, 6117
list, 7522, 9160, 8489
list, 7523, 7465, 8842
list, 7524, 8527, 7225
list, 7525, 8401, 7561
list, 7526, 6322, 7315
list, 7527, 7473, 7185
list, 7528, 6753, 7098
list, 7529, 8043, 8512
list, 7530, 7270, 7327
list, 7531, 6960, 7546
list, 7532, 6457, 6852
list, 7533, 8850, 7707
list, 7534, 5277, 6338
list, 7535, 7123, 7378
list, 7536, 9414, 8946
list, 7537, 6886, 7051
list, 7538, 7251, 6859
list, 7539, 9638, 7944
list, 7540, 7851, 7451
list, 7541, 8258, 7749
list, 7542, 8324, 7990
list, 7543, 8533, 7614
list, 7544, 7054, 6612
list, 7545, 6584, 5971
list, 7546, 7948, 6931
list, 7547, 7852, 7918
list, 7548, 6137, 7507
list, 7549, 8766, 8212
list, 7550, 9265, 8325
list, 7551, 8631, 7711
list, 7552, 8860, 8920
list, 7553, 7799, 7691
list, 7554, 8300, 8158
list, 7555, 7300, 7142
list, 7556, 8695, 7935
list, 7557, 7307, 7967
list, 7558, 5466, 6427
list, 7559, 7457, 7517
list, 7560, 6191, 6968
list, 7561, 7135, 7082
list, 7562, 7059, 6866
list, 7563, 8918, 7974
list, 7564, 7164, 6683
list, 7565, 6426, 7088
list, 7566, 6373, 7136
list, 7567, 7557, 7968
list, 7568, 6902, 8028
list, 7569, 7147, 7488
list, 7570, 5728, 6606
list, 7571, 7447, 6731
list, 7572, 7030, 7023
list, 7573, 9170, 8445
list, 7574, 8251, 7782
list, 7575, 8461, 7606
list, 7576, 7044, 7444
list, 7577, 5410, 5635
list, 7578, 7024, 8170
list, 7579, 7356, 8176
list, 7580, 6394, 7104
list, 7581, 8602, 7771
list, 7582, 5853, 6929
list, 7583, 6359, 7637
list, 7584, 5926, 7199
list, 7585, 7225, 6193
list, 7586, 6173, 6629
list, 7587, 7419, 7303
list, 7588, 6512, 6616
list, 7589, 8982, 8741
list, 7590, 9445, 7997
list, 7591, 8370, 7489
list, 7592, 6496, 6998
list, 7593, 7645, 7345
list, 7594, 6458, 7223
list, 7595, 5541, 6977
list, 7596, 6122, 7321
list, 7597, 8115, 8257
list, 7598, 7920, 7741
list, 7599, 7309, 7466
list, 7600, 8507, 7031
list, 7601, 7367, 6801
list, 7602, 5464, 6782
list, 7603, 7264, 6672
list, 7604, 7289, 8093
list, 7605, 8121, 7551
list, 7606, 9038, 7947
list, 7607, 7353, 7080
list, 7608, 5506, 6358
list, 7609, 6410, 7471
list, 7610, 7230, 7432
list, 7611, 8127, 7305
list, 7612, 8187, 8927
list, 7613, 8054, 8132
list, 7614, 7214, 7424
list, 7615, 6348, 6945
list, 7616, 8529, 8566
list, 7617, 6344, 5898
list, 7618, 8138, 8593
list, 7619, 7842, 7217
list, 7620, 7883, 8151
list, 7621, 7820, 6459
list, 7622, 6705, 5481
list, 7623, 6592, 7002
list, 7624, 9151, 9227
list, 7625, 7378, 7522
list, 7626, 7828, 7612
list, 7627, 9040, 8816
list, 7628, 7126, 6641
list, 7629, 8019, 7855
list, 7630, 7186, 7509
list, 7631, 8712, 8193
list, 7632, 6146, 6094
list, 7633, 8323, 7732
list, 7634, 6880, 6510
list, 7635, 8923, 8759
list, 7636, 8622, 7622
list, 7637, 8039, 8433
list, 7638, 8199, 7668
list, 7639, 8273, 8478
list, 7640, 7308, 7534
list, 7641, 5770, 5848
list, 7642, 7960, 8215
list, 7643, 7945, 7152
list, 7644, 8886, 7627
list, 7645, 8393, 7344
list, 7646, 9739, 8409
list, 7647, 7141, 7331
list, 7648, 7298, 6734
list, 7649, 6661, 6753
list, 7650, 6745, 6954
list, 7651, 9796, 8464
list, 7652, 8783, 8084
list, 7653, 8596, 8802
list, 7654, 9867, 9131
list, 7655, 8050, 7426
list, 7656, 9277, 9088
list, 7657, 7563, 7975
list, 7658, 7306, 8401
list, 7659, 6509, 7238
list, 7660, 8310, 7249
list, 7661, 7512, 6884
list, 7662, 7929, 7643
list, 7663, 8477, 8732
list, 7664, 8785, 6983
list, 7665, 7464, 7687
list, 7666, 7961, 7873
list, 7667, 6660, 7914
list, 7668, 7334, 8355
list, 7669, 5838, 8156
list, 7670, 6963, 6871
list, 7671, 8228, 8209
list, 7672, 7370, 7699
list, 7673, 7359, 6886
list, 7674, 7900, 6211
list, 7675, 9393, 7656
list, 7676, 9637, 9234
list, 7677, 6934, 7258
list, 7678, 7499, 7813
list, 7679, 8684, 7853
list, 7680, 7266, 6907
list, 7681, 6972, 7025
list, 7682, 7787, 7202
list, 7683, 8106, 7858
list, 7684, 6313, 6176
list, 7685, 7205, 7955
list, 7686, 7286, 7995
list, 7687, 6854, 7419
list, 7688, 7391, 6663
list, 7689, 8384, 7866
list, 7690, 7953, 7333
list, 7691, 6783, 7482
list, 7692, 7480, 7525
list, 7693, 8544, 8122
list, 7694, 7831, 8369
list, 7695, 6822, 7253
list, 7696, 9281, 8153
list, 7697, 8827, 8080
list, 7698, 8564, 8870
list, 7699, 7149, 6527
list, 7700, 8945, 8363
list, 7701, 7341, 7279
list, 7702, 8983, 9193
list, 7703, 7317, 8630
list, 7704, 5061, 6725
list, 7705, 6167, 6846
list, 7706, 6882, 7206
list, 7707, 9917, 8421
list, 7708, 6403, 7646
list, 7709, 8849, 9202
list, 7710, 9451, 8087
list, 7711, 7850, 7801
list, 7712, 8147, 7746
list, 7713, 7278, 7729
list, 7714, 6174, 6769
list, 7715, 5033, 6914
list, 7716, 8336, 8475
list, 7717, 7772, 7421
list, 7718, 7533, 7708
list, 7719, 7075, 7555
list, 7720, 8599, 8018
list, 7721, 9437, 8359
list, 7722, 7187, 7294
list, 7723, 9336, 8717
list, 7724, 8207, 8100
list, 7725, 8341, 8289
list, 7726, 7410, 8643
list, 7727, 8645, 8038
list, 7728, 8504, 8147
list, 7729, 5476, 6618
list, 7730, 9112, 7430
list, 7731, 4710, 5204
list, 7732, 9782, 8436
list, 7733, 7576, 7445
list, 7734, 9958, 9255
list, 7735, 8017, 7676
list, 7736, 8464, 8526
list, 7737, 8473, 7869
list, 7738, 7848, 7460
list, 7739, 7958, 7592
list, 7740, 8494, 8207
list, 7741, 8066, 8297
list, 7742, 8237, 8309
list, 7743, 6713, 6636
list, 7744, 8425, 6766
list, 7745, 6424, 7235
list, 7746, 7226, 7138
list, 7747, 6311, 6578
list, 7748, 6425, 6448
list, 7749, 7613, 8133
list, 7750, 7258, 7376
list, 7751, 9274, 8676
list, 7752, 8943, 8189
list, 7753, 6903, 7261
list, 7754, 7567, 7969
list, 7755, 6130, 6905
list, 7756, 8034, 8626
list, 7757, 6975, 7277
list, 7758, 7060, 7838
list, 7759, 8522, 8394
list, 7760, 7011, 7317
list, 7761, 6918, 6830
list, 7762, 7738, 7461
list, 7763, 6797, 7665
list, 7764, 7107, 7134
list, 7765, 3433, 4890
list, 7766, 7558, 6428
list, 7767, 7434, 8089
list, 7768, 9102, 8236
list, 7769, 6936, 7335
list, 7770, 7418, 8543
list, 7771, 8091, 7405
list, 7772, 7687, 7420
list, 7773, 8005, 7620
list, 7774, 7244, 6827
list, 7775, 6472, 6535
list, 7776, 9612, 8789
list, 7777, 9080, 7608
list, 7778, 7246, 7876
list, 7779, 8718, 7903
list, 7780, 7449, 7243
list, 7781, 7091, 7412
list, 7782, 8753, 7861
list, 7783, 7724, 8101
list, 7784, 7109, 7033
list, 7785, 8044, 8570
list, 7786, 9158, 8427
list, 7787, 8842, 7201
list, 7788, 7180, 7597
list, 7789, 7727, 8039
list, 7790, 9093, 8291
list, 7791, 8416, 7726
list, 7792, 8451, 5997
list, 7793, 7431, 8000
list, 7794, 6612, 6960
list, 7795, 7113, 6710
list, 7796, 6782, 6987
list, 7797, 7936, 7299
list, 7798, 8772, 7798
list, 7799, 7296, 7690
list, 7800, 7210, 7633
list, 7801, 8478, 7407
list, 7802, 7901, 7679
list, 7803, 6808, 7018
list, 7804, 9611, 8984
list, 7805, 8457, 7724
list, 7806, 6620, 5958
list, 7807, 4789, 6707
list, 7808, 6725, 7695
list, 7809, 9355, 7475
list, 7810, 8612, 8852
list, 7811, 7862, 8205
list, 7812, 8135, 7951
list, 7813, 8090, 7128
list, 7814, 6420, 7194
list, 7815, 7222, 8110
list, 7816, 7430, 6657
list, 7817, 5010, 5537
list, 7818, 8075, 7961
list, 7819, 5958, 5710
list, 7820, 6015, 6458
list, 7821, 8523, 7714
list, 7822, 8072, 8006
list, 7823, 7432, 7263
list, 7824, 7231, 7641
list, 7825, 8427, 7735
list, 7826, 6721, 7888
list, 7827, 7590, 7998
list, 7828, 8006, 7611
list, 7829, 6451, 6964
list, 7830, 6689, 7009
list, 7831, 8182, 8368
list, 7832, 8293, 8286
list, 7833, 8653, 8779
list, 7834, 6494, 5964
list, 7835, 9534, 8866
list, 7836, 6859, 7117
list, 7837, 7319, 7229
list, 7838, 7639, 8479
list, 7839, 7573, 8446
list, 7840, 7100, 7356
list, 7841, 8412, 7892
list, 7842, 7106, 7216
list, 7843, 9019, 8268
list, 7844, 7833, 8780
list, 7845, 7864, 7040
list, 7846, 8279, 8140
list, 7847, 6811, 7158
list, 7848, 6523, 7459
list, 7849, 8676, 8116
list, 7850, 8223, 7800
list, 7851, 7340, 7450
list, 7852, 7982, 7917
list, 7853, 7651, 8465
list, 7854, 8165, 7851
list, 7855, 7708, 7647
list, 7856, 9356, 7500
list, 7857, 8296, 8284
list, 7858, 6817, 6981
list, 7859, 7551, 7712
list, 7860, 7832, 8287
list, 7861, 8105, 7957
list, 7862, 6759, 8204
list, 7863, 7055, 6799
list, 7864, 7466, 7039
list, 7865, 9975, 9028
list, 7866, 8444, 8591
list, 7867, 8915, 8844
list, 7868, 7416, 8282
list, 7869, 6818, 6597
list, 7870, 7874, 7434
list, 7871, 8161, 8734
list, 7872, 6570, 6934
list, 7873, 9392, 8696
list, 7874, 7610, 7433
list, 7875, 9096, 8145
list, 7876, 7826, 7889
list, 7877, 7711, 7802
list, 7878, 7732, 8437
list, 7879, 7463, 8619
list, 7880, 9478, 8391
list, 7881, 8514, 8491
list, 7882, 6395, 7587
list, 7883, 6814, 8150
list, 7884, 7678, 7814
list, 7885, 8921, 8378
list, 7886, 9124, 8468
list, 7887, 8437, 8072
list, 7888, 7882, 7588
list, 7889, 6179, 6106
list, 7890, 6691, 7754
list, 7891, 8266, 7897
list, 7892, 8082, 8124
list, 7893, 7048, 5969
list, 7894, 8175, 7972
list, 7895, 8558, 8231
list, 7896, 8935, 9209
list, 7897, 9131, 9030
list, 7898, 8938, 8305
list, 7899, 7593, 7346
list, 7900, 6796, 6210
list, 7901, 7973, 7678
list, 7902, 8032, 6879
list, 7903, 8939, 8517
list, 7904, 6446, 7624
list, 7905, 8910, 8344
list, 7906, 5679, 6602
list, 7907, 7980, 7491
list, 7908, 7716, 8476
list, 7909, 7664, 6984
list, 7910, 9983, 9223
list, 7911, 6801, 6742
list, 7912, 7403, 7816
list, 7913, 8704, 9012
list, 7914, 9073, 8877
list, 7915, 8819, 8371
list, 7916, 7928, 9234
list, 7917, 7556, 7936
list, 7918, 6495, 8406
list, 7919, 7484, 8396
list, 7920, 7986, 7740
list, 7921, 8465, 8547
list, 7922, 7780, 7244
list, 7923, 8013, 7635
list, 7924, 8796, 8385
list, 7925, 8168, 8106
list, 7926, 8122, 7414
list, 7927, 8510, 7365
list, 7928, 9697, 9233
list, 7929, 7824, 7642
list, 7930, 9041, 8794
list, 7931, 8570, 9151
list, 7932, 7728, 8148
list, 7933, 6700, 7056
list, 7934, 7502, 7548
list, 7935, 7971, 8224
list, 7936, 6988, 7298
list, 7937, 8283, 8320
list, 7938, 6858, 7520
list, 7939, 5979, 6309
list, 7940, 7067, 7275
list, 7941, 7745, 7236
list, 7942, 8001, 8181
list, 7943, 9577, 8799
list, 7944, 6057, 7584
list, 7945, 5271, 7151
list, 7946, 7491, 6737
list, 7947, 7322, 7618
list, 7948, 7582, 6930
list, 7949, 7886, 8469
list, 7950, 9844, 8755
list, 7951, 8194, 8189
list, 7952, 7652, 8085
list, 7953, 7647, 7332
list, 7954, 7198, 8191
list, 7955, 7498, 7907
list, 7956, 7489, 5941
list, 7957, 6126, 7573
list, 7958, 7142, 7591
list, 7959, 8857, 8494
list, 7960, 8446, 8214
list, 7961, 7363, 7872
list, 7962, 7027, 7702
list, 7963, 8236, 7514
list, 7964, 9843, 8160
list, 7965, 8225, 7567
list, 7966, 7448, 7383
list, 7967, 8404, 8623
list, 7968, 7970, 7341
list, 7969, 7571, 6732
list, 7970, 6306, 7340
list, 7971, 7343, 8223
list, 7972, 7108, 7529
list, 7973, 7735, 7677
list, 7974, 8435, 8041
list, 7975, 6318, 7751
list, 7976, 9397, 8958
list, 7977, 7918, 8407
list, 7978, 9153, 8889
list, 7979, 8603, 7884
list, 7980, 7591, 7490
list, 7981, 7767, 8090
list, 7982, 7991, 7916
list, 7983, 6641, 6300
list, 7984, 8434, 7844
list, 7985, 7777, 7609
list, 7986, 7427, 7739
list, 7987, 7916, 9235
list, 7988, 8547, 7601
list, 7989, 7189, 7307
list, 7990, 8139, 7775
list, 7991, 7667, 7915
list, 7992, 8379, 8251
list, 7993, 8331, 8938
list, 7994, 8614, 7882
list, 7995, 7079, 7835
list, 7996, 8743, 7674
list, 7997, 6273, 7493
list, 7998, 9804, 8635
list, 7999, 7019, 7100
list, 8000, 8805, 8721
list, 8001, 8450, 8180
list, 8002, 9918, 9033
list, 8003, 6895, 7790
list, 8004, 9614, 9247
list, 8005, 7947, 7619
list, 8006, 7985, 7610
list, 8007, 7439, 7788
list, 8008, 9009, 7281
list, 8009, 9178, 8219
list, 8010, 7033, 7901
list, 8011, 9347, 9204
list, 8012, 5370, 6187
list, 8013, 7800, 7634
list, 8014, 6607, 7663
list, 8015, 5963, 8510
list, 8016, 9227, 8550
list, 8017, 7996, 7675
list, 8018, 5797, 7818
list, 8019, 7679, 7854
list, 8020, 9430, 9003
list, 8021, 6793, 7911
list, 8022, 7450, 7941
list, 8023, 6506, 6483
list, 8024, 7644, 7628
list, 8025, 7812, 7952
list, 8026, 8959, 8751
list, 8027, 9218, 8272
list, 8028, 6949, 7616
list, 8029, 8065, 8772
list, 8030, 9350, 9093
list, 8031, 8813, 8136
list, 8032, 6409, 6878
list, 8033, 7904, 7625
list, 8034, 8455, 8625
list, 8035, 9759, 7719
list, 8036, 8419, 7938
list, 8037, 4851, 7284
list, 8038, 9928, 9265
list, 8039, 9052, 8432
list, 8040, 7599, 7467
list, 8041, 9372, 9040
list, 8042, 7008, 7582
list, 8043, 8015, 8511
list, 8044, 8600, 8569
list, 8045, 7760, 7318
list, 8046, 8650, 9010
list, 8047, 6088, 7820
list, 8048, 8681, 9209
list, 8049, 8297, 7161
list, 8050, 7614, 7425
list, 8051, 8859, 8164
list, 8052, 8892, 7792
list, 8053, 8445, 7878
list, 8054, 7197, 8131
list, 8055, 9512, 9033
list, 8056, 8574, 7358
list, 8057, 7670, 6872
list, 8058, 8709, 8266
list, 8059, 8085, 8380
list, 8060, 8268, 8016
list, 8061, 9764, 8761
list, 8062, 8148, 7964
list, 8063, 8588, 8898
list, 8064, 7706, 7207
list, 8065, 8291, 8771
list, 8066, 8141, 8296
list, 8067, 9064, 8166
list, 8068, 6208, 8008
list, 8069, 8143, 8104
list, 8070, 8160, 7744
list, 8071, 7068, 8168
list, 8072, 7357, 8005
list, 8073, 7301, 7183
list, 8074, 5862, 6818
list, 8075, 4886, 7960
list, 8076, 8516, 8049
list, 8077, 6704, 6947
list, 8078, 8185, 8674
list, 8079, 8204, 8032
list, 8080, 8946, 8810
list, 8081, 6175, 6793
list, 8082, 7693, 8123
list, 8083, 7223, 6747
list, 8084, 9845, 9078
list, 8085, 7885, 8379
list, 8086, 8062, 7965
list, 8087, 8844, 8338
list, 8088, 8373, 8847
list, 8089, 8337, 7693
list, 8090, 6913, 7127
list, 8091, 7172, 7404
list, 8092, 6974, 7544
list, 8093, 8450, 8180
list, 8094, 7905, 8345
list, 8095, 8419, 7938
list, 8096, 7909, 6985
list, 8097, 8215, 7909
list, 8098, 8307, 7926
list, 8099, 8281, 8351
list, 8100, 9583, 8507
list, 8101, 9961, 9004
list, 8102, 7726, 8644
list, 8103, 9243, 9030
list, 8104, 9829, 9198
list, 8105, 7685, 7956
list, 8106, 8780, 7857
list, 8107, 7619, 7218
list, 8108, 5794, 7579
list, 8109, 7887, 8073
list, 8110, 8377, 8247
list, 8111, 8322, 8254
list, 8112, 7979, 7885
list, 8113, 8927, 8340
list, 8114, 9166, 9085
list, 8115, 6145, 8256
list, 8116, 7673, 6887
list, 8117, 8713, 8318
list, 8118, 6560, 6398
list, 8119, 8264, 7894
list, 8120, 7578, 8171
list, 8121, 8154, 7550
list, 8122, 7781, 7413
list, 8123, 8340, 8459
list, 8124, 8052, 7793
list, 8125, 8305, 8505
list, 8126, 7891, 7898
list, 8127, 7587, 7304
list, 8128, 9364, 8621
list, 8129, 7099, 9037
list, 8130, 6795, 7173
list, 8131, 9362, 8540
list, 8132, 8520, 7811
list, 8133, 7488, 8162
list, 8134, 7440, 7980
list, 8135, 6768, 7950
list, 8136, 7843, 8269
list, 8137, 7516, 7402
list, 8138, 7866, 8592
list, 8139, 7329, 7774
list, 8140, 6340, 6957
list, 8141, 8726, 8295
list, 8142, 8024, 7629
list, 8143, 7265, 8103
list, 8144, 8879, 7649
list, 8145, 6640, 7270
list, 8146, 8271, 7777
list, 8147, 8070, 7745
list, 8148, 7487, 7963
list, 8149, 7870, 7435
list, 8150, 6397, 7273
list, 8151, 8542, 9219
list, 8152, 6732, 7287
list, 8153, 7560, 6969
list, 8154, 7934, 7549
list, 8155, 8810, 8497
list, 8156, 6764, 8333
list, 8157, 10000, 9186
list, 8158, 8173, 7769
list, 8159, 9816, 8423
list, 8160, 7408, 7743
list, 8161, 7663, 8733
list, 8162, 9986, 8774
list, 8163, 9005, 7763
list, 8164, 8722, 8991
list, 8165, 8387, 7850
list, 8166, 7700, 8364
list, 8167, 8508, 8932
list, 8168, 8069, 8105
list, 8169, 8546, 9212
list, 8170, 8627, 6925
list, 8171, 9432, 8509
list, 8172, 8136, 8270
list, 8173, 6969, 7768
list, 8174, 9274, 8676
list, 8175, 7157, 7971
list, 8176, 8235, 8332
list, 8177, 8372, 8753
list, 8178, 7333, 7986
list, 8179, 6383, 6740
list, 8180, 8641, 7982
list, 8181, 9880, 8863
list, 8182, 8618, 8367
list, 8183, 6861, 8021
list, 8184, 7722, 7295
list, 8185, 9349, 8673
list, 8186, 9351, 7823
list, 8187, 8675, 8926
list, 8188, 8098, 7927
list, 8189, 8068, 8009
list, 8190, 9933, 9036
list, 8191, 5689, 8399
list, 8192, 8345, 8748
list, 8193, 7712, 7747
list, 8194, 7250, 8188
list, 8195, 7937, 8321
list, 8196, 7400, 7577
list, 8197, 8173, 7769
list, 8198, 6830, 7265
list, 8199, 8493, 7667
list, 8200, 9108, 8899
list, 8201, 8505, 8441
list, 8202, 8025, 7953
list, 8203, 7440, 7980
list, 8204, 8471, 8031
list, 8205, 8868, 8536
list, 8206, 8184, 7296
list, 8207, 7253, 8099
list, 8208, 7719, 7556
list, 8209, 7882, 7588
list, 8210, 8869, 8523
list, 8211, 8468, 7682
list, 8212, 7536, 8947
list, 8213, 9728, 8373
list, 8214, 8578, 7324
list, 8215, 7955, 7908
list, 8216, 9721, 8895
list, 8217, 9165, 8529
list, 8218, 6821, 7539
list, 8219, 8806, 8764
list, 8220, 7606, 7948
list, 8221, 9320, 8951
list, 8222, 8548, 7759
list, 8223, 7798, 7799
list, 8224, 6262, 6760
list, 8225, 8257, 7566
list, 8226, 8976, 8849
list, 8227, 8439, 8450
list, 8228, 7740, 8208
list, 8229, 8788, 9081
list, 8230, 7981, 8091
list, 8231, 9172, 9136
list, 8232, 7646, 8410
list, 8233, 7881, 8492
list, 8234, 9308, 9044
list, 8235, 8634, 8331
list, 8236, 8911, 7513
list, 8237, 9758, 8308
list, 8238, 9490, 9180
list, 8239, 5948, 5591
list, 8240, 9293, 9000
list, 8241, 6114, 6378
list, 8242, 9240, 8922
list, 8243, 8463, 7704
list, 8244, 8360, 8323
list, 8245, 9558, 8860
list, 8246, 8408, 8836
list, 8247, 8267, 8416
list, 8248, 7413, 8579
list, 8249, 8964, 8455
list, 8250, 9162, 8012
list, 8251, 6940, 7781
list, 8252, 6836, 6952
list, 8253, 9433, 8561
list, 8254, 9653, 9251
list, 8255, 6240, 7095
list, 8256, 6864, 8174
list, 8257, 7320, 7565
list, 8258, 8193, 7748
list, 8259, 6848, 7338
list, 8260, 8287, 8313
list, 8261, 9487, 8425
list, 8262, 8295, 8615
list, 8263, 9106, 8388
list, 8264, 7841, 7893
list, 8265, 9783, 8715
list, 8266, 7506, 7896
list, 8267, 8356, 8415
list, 8268, 8415, 8015
list, 8269, 7272, 8026
list, 8270, 7418, 8543
list, 8271, 7990, 7776
list, 8272, 7331, 8599
list, 8273, 7908, 8477
list, 8274, 8500, 8065
list, 8275, 9793, 8555
list, 8276, 8792, 8143
list, 8277, 6571, 7511
list, 8278, 7697, 8081
list, 8279, 8386, 8139
list, 8280, 8448, 9053
list, 8281, 8391, 8350
list, 8282, 7247, 7486
list, 8283, 8117, 8319
list, 8284, 7768, 8237
list, 8285, 7000, 7840
list, 8286, 7374, 7352
list, 8287, 8658, 8312
list, 8288, 8784, 8404
list, 8289, 7321, 7717
list, 8290, 8104, 9199
list, 8291, 9993, 8770
list, 8292, 6422, 6452
list, 8293, 7178, 8285
list, 8294, 7739, 7593
list, 8295, 9030, 8614
list, 8296, 7868, 8283
list, 8297, 7481, 7160
list, 8298, 7268, 7085
list, 8299, 8593, 8068
list, 8300, 7669, 8157
list, 8301, 7087, 7697
list, 8302, 9389, 9049
list, 8303, 8663, 7685
list, 8304, 6718, 7075
list, 8305, 9057, 8504
list, 8306, 8786, 9174
list, 8307, 9032, 7925
list, 8308, 6249, 6669
list, 8309, 8284, 8238
list, 8310, 7215, 7248
list, 8311, 6488, 6142
list, 8312, 8201, 8442
list, 8313, 6550, 7464
list, 8314, 8839, 8521
list, 8315, 9022, 8993
list, 8316, 7175, 8766
list, 8317, 6489, 7931
list, 8318, 7050, 8060
list, 8319, 9287, 8833
list, 8320, 9543, 9254
list, 8321, 9335, 8114
list, 8322, 8538, 8253
list, 8323, 7421, 7731
list, 8324, 8922, 7989
list, 8325, 6676, 8299
list, 8326, 8733, 8664
list, 8327, 7786, 8428
list, 8328, 8243, 7705
list, 8329, 7492, 6900
list, 8330, 7165, 8200
list, 8331, 5066, 8937
list, 8332, 9224, 8745
list, 8333, 7173, 8183
list, 8334, 7689, 7867
list, 8335, 7527, 7186
list, 8336, 8606, 8474
list, 8337, 7553, 7692
list, 8338, 8456, 8275
list, 8339, 7826, 7889
list, 8340, 9125, 8458
list, 8341, 7860, 8288
list, 8342, 7479, 7828
list, 8343, 8591, 8818
list, 8344, 9369, 8549
list, 8345, 8433, 8747
list, 8346, 9419, 8036
list, 8347, 6622, 8302
list, 8348, 9456, 7922
list, 8349, 9435, 8944
list, 8350, 8578, 7324
list, 8351, 7974, 8042
list, 8352, 7802, 7680
list, 8353, 9309, 8787
list, 8354, 9452, 9008
list, 8355, 7873, 8697
list, 8356, 9275, 8414
list, 8357, 9973, 9195
list, 8358, 9277, 9088
list, 8359, 8604, 8575
list, 8360, 8195, 8322
list, 8361, 8325, 8300
list, 8362, 8702, 8632
list, 8363, 9262, 8688
list, 8364, 7849, 8117
list, 8365, 9058, 9119
list, 8366, 7580, 7105
list, 8367, 8342, 7829
list, 8368, 6743, 6991
list, 8369, 6542, 7210
list, 8370, 7147, 7488
list, 8371, 7179, 8501
list, 8372, 8026, 8752
list, 8373, 9658, 8846
list, 8374, 8955, 9063
list, 8375, 7950, 8756
list, 8376, 8731, 8989
list, 8377, 8864, 8246
list, 8378, 7406, 8051
list, 8379, 9048, 8250
list, 8380, 9004, 8916
list, 8381, 8163, 7764
list, 8382, 7616, 8567
list, 8383, 6976, 8754
list, 8384, 6399, 7865
list, 8385, 7718, 7709
list, 8386, 8751, 8138
list, 8387, 7036, 7849
list, 8388, 8102, 8645
list, 8389, 7228, 8023
list, 8390, 8436, 9007
list, 8391, 9016, 8349
list, 8392, 9786, 9078
list, 8393, 6682, 7343
list, 8394, 8788, 9081
list, 8395, 8115, 8257
list, 8396, 7404, 7779
list, 8397, 8283, 8320
list, 8398, 8394, 9082
list, 8399, 7707, 8422
list, 8400, 7785, 8571
list, 8401, 6888, 7560
list, 8402, 9008, 9059
list, 8403, 8166, 8365
list, 8404, 8128, 8622
list, 8405, 9299, 8514
list, 8406, 8390, 9008
list, 8407, 8101, 9005
list, 8408, 9044, 8835
list, 8409, 5486, 7905
list, 8410, 8378, 8052
list, 8411, 7861, 7958
list, 8412, 8715, 7891
list, 8413, 8405, 8515
list, 8414, 9613, 8713
list, 8415, 6155, 8014
list, 8416, 7805, 7725
list, 8417, 7592, 6999
list, 8418, 6964, 6700
list, 8419, 7917, 7937
list, 8420, 8144, 7650
list, 8421, 8180, 7983
list, 8422, 6722, 6522
list, 8423, 8898, 8757
list, 8424, 9298, 8966
list, 8425, 6637, 6765
list, 8426, 7927, 7366
list, 8427, 9818, 7734
list, 8428, 9426, 8650
list, 8429, 8521, 8242
list, 8430, 6814, 8150
list, 8431, 8831, 8655
list, 8432, 7949, 8470
list, 8433, 8576, 8746
list, 8434, 8656, 7843
list, 8435, 7789, 8040
list, 8436, 8407, 9006
list, 8437, 8799, 8071
list, 8438, 7984, 7845
list, 8439, 9206, 8449
list, 8440, 7331, 8599
list, 8441, 8222, 7760
list, 8442, 9764, 8761
list, 8443, 9656, 9046
list, 8444, 8765, 8590
list, 8445, 7778, 7877
list, 8446, 7549, 8213
list, 8447, 9036, 7604
list, 8448, 9648, 9052
list, 8449, 9482, 8647
list, 8450, 9510, 8179
list, 8451, 6003, 5996
list, 8452, 7895, 8232
list, 8453, 8038, 9266
list, 8454, 9988, 9124
list, 8455, 7967, 8624
list, 8456, 7190, 8274
list, 8457, 7456, 7723
list, 8458, 8410, 8053
list, 8459, 9177, 8538
list, 8460, 8862, 8812
list, 8461, 8447, 7605
list, 8462, 9525, 8885
list, 8463, 7962, 7703
list, 8464, 9065, 8525
list, 8465, 7229, 8546
list, 8466, 8156, 8334
list, 8467, 8263, 8389
list, 8468, 8352, 7681
list, 8469, 8840, 8196
list, 8470, 8660, 8969
list, 8471, 8735, 8030
list, 8472, 9836, 7784
list, 8473, 8334, 7868
list, 8474, 9332, 8911
list, 8475, 9078, 9261
list, 8476, 9035, 8628
list, 8477, 7420, 8731
list, 8478, 7771, 7406
list, 8479, 8007, 7789
list, 8480, 9664, 9187
list, 8481, 8190, 9037
list, 8482, 7335, 7721
list, 8483, 7352, 8045
list, 8484, 8174, 8677
list, 8485, 9164, 8657
list, 8486, 9893, 8903
list, 8487, 8778, 9251
list, 8488, 9931, 8641
list, 8489, 8517, 9061
list, 8490, 8009, 8220
list, 8491, 7935, 8225
list, 8492, 9954, 8977
list, 8493, 7763, 7666
list, 8494, 7811, 8206
list, 8495, 9006, 8956
list, 8496, 8897, 9066
list, 8497, 8469, 8197
list, 8498, 9017, 7639
list, 8499, 8908, 9244
list, 8500, 8741, 8064
list, 8501, 9582, 8997
list, 8502, 8472, 7785
list, 8503, 8696, 8756
list, 8504, 7875, 8146
list, 8505, 9154, 8440
list, 8506, 9937, 8185
list, 8507, 5441, 7030
list, 8508, 8725, 8931
list, 8509, 8569, 8840
list, 8510, 8677, 7364
list, 8511, 7925, 8107
list, 8512, 8299, 8069
list, 8513, 9199, 8659
list, 8514, 7522, 8490
list, 8515, 8208, 7557
list, 8516, 7318, 8048
list, 8517, 8402, 9060
list, 8518, 6659, 7929
list, 8519, 9681, 9250
list, 8520, 7095, 7810
list, 8521, 7240, 8241
list, 8522, 7455, 8393
list, 8523, 7859, 7713
list, 8524, 8359, 8576
list, 8525, 7003, 8316
list, 8526, 9617, 9206
list, 8527, 7594, 7224
list, 8528, 9268, 9208
list, 8529, 9028, 8565
list, 8530, 9142, 8559
list, 8531, 8155, 8498
list, 8532, 9184, 8979
list, 8533, 7626, 7613
list, 8534, 9654, 9263
list, 8535, 5560, 6341
list, 8536, 6053, 7175
list, 8537, 7305, 8908
list, 8538, 7992, 8252
list, 8539, 7495, 7658
list, 8540, 9745, 8739
list, 8541, 8219, 8765
list, 8542, 9407, 9218
list, 8543, 7914, 8878
list, 8544, 8924, 8121
list, 8545, 8873, 8604
list, 8546, 8907, 9211
list, 8547, 6138, 7600
list, 8548, 7047, 7758
list, 8549, 8894, 9076
list, 8550, 6809, 7833
list, 8551, 8231, 9137
list, 8552, 9014, 7804
list, 8553, 9062, 8681
list, 8554, 9107, 8908
list, 8555, 8506, 8186
list, 8556, 8107, 7219
list, 8557, 8517, 9061
list, 8558, 8912, 8230
list, 8559, 7524, 7226
list, 8560, 8327, 8429
list, 8561, 8406, 9009
list, 8562, 9039, 8915
list, 8563, 9801, 8862
list, 8564, 9186, 8869
list, 8565, 9159, 9251
list, 8566, 7312, 8263
list, 8567, 8807, 9201
list, 8568, 5724, 7292
list, 8569, 8584, 8839
list, 8570, 9121, 9150
list, 8571, 7217, 7575
list, 8572, 8708, 8797
list, 8573, 9706, 9262
list, 8574, 7840, 7357
list, 8575, 8112, 7886
list, 8576, 9224, 8745
list, 8577, 9376, 8202
list, 8578, 7236, 7323
list, 8579, 7994, 7883
list, 8580, 8733, 8664
list, 8581, 6922, 7933
list, 8582, 9077, 8960
list, 8583, 7550, 8326
list, 8584, 8791, 8838
list, 8585, 7218, 7653
list, 8586, 8355, 8698
list, 8587, 9193, 9205
list, 8588, 8670, 8897
list, 8589, 8046, 9011
list, 8590, 7618, 8594
list, 8591, 7627, 8817
list, 8592, 8899, 9269
list, 8593, 8776, 8067
list, 8594, 8211, 7683
list, 8595, 6337, 7231
list, 8596, 8870, 8801
list, 8597, 9920, 9259
list, 8598, 9045, 8487
list, 8599, 8060, 8017
list, 8600, 8382, 8568
list, 8601, 7504, 8226
list, 8602, 8158, 7770
list, 8603, 7994, 7883
list, 8604, 5596, 8574
list, 8605, 9182, 9262
list, 8606, 8633, 8473
list, 8607, 8213, 8374
list, 8608, 8389, 8024
list, 8609, 9197, 9107
list, 8610, 6480, 7373
list, 8611, 7871, 8735
list, 8612, 8750, 8851
list, 8613, 9906, 9073
list, 8614, 6555, 7881
list, 8615, 5231, 7991
list, 8616, 6813, 7348
list, 8617, 8242, 8923
list, 8618, 8403, 8366
list, 8619, 9519, 9067
list, 8620, 7637, 8434
list, 8621, 7770, 8544
list, 8622, 7773, 7621
list, 8623, 9957, 9216
list, 8624, 8739, 8076
list, 8625, 9566, 8670
list, 8626, 7398, 8328
list, 8627, 6935, 6924
list, 8628, 8316, 8767
list, 8629, 9316, 8986
list, 8630, 7658, 8402
list, 8631, 8385, 7710
list, 8632, 9515, 8588
list, 8633, 9497, 8472
list, 8634, 8896, 8330
list, 8635, 7375, 9233
list, 8636, 9250, 8820
list, 8637, 8952, 8807
list, 8638, 9871, 9158
list, 8639, 9817, 9248
list, 8640, 8582, 8961
list, 8641, 8203, 7981
list, 8642, 9945, 8992
list, 8643, 8913, 9134
list, 8644, 8747, 8585
list, 8645, 8346, 8037
list, 8646, 8315, 8994
list, 8647, 9173, 9042
list, 8648, 6694, 8602
list, 8649, 7694, 8370
list, 8650, 8354, 9009
list, 8651, 8912, 8230
list, 8652, 8721, 8683
list, 8653, 8769, 8778
list, 8654, 7482, 7831
list, 8655, 8546, 9212
list, 8656, 8781, 7842
list, 8657, 6769, 6989
list, 8658, 9060, 8311
list, 8659, 9556, 8783
list, 8660, 8746, 8968
list, 8661, 8564, 8870
list, 8662, 9673, 9252
list, 8663, 8594, 7684
list, 8664, 9333, 9269
list, 8665, 9860, 9208
list, 8666, 7361, 8776
list, 8667, 9825, 9171
list, 8668, 9493, 9016
list, 8669, 7656, 9089
list, 8670, 8216, 8896
list, 8671, 7898, 8306
list, 8672, 7602, 6783
list, 8673, 9564, 9057
list, 8674, 9651, 8609
list, 8675, 9105, 8925
list, 8676, 8321, 8115
list, 8677, 7510, 7363
list, 8678, 9379, 8858
list, 8679, 9120, 8913
list, 8680, 9870, 8999
list, 8681, 9819, 9208
list, 8682, 9610, 8953
list, 8683, 8099, 8352
list, 8684, 7854, 7852
list, 8685, 7337, 8058
list, 8686, 8114, 9086
list, 8687, 8441, 7761
list, 8688, 8559, 7227
list, 8689, 9603, 9249
list, 8690, 8059, 8381
list, 8691, 7642, 8216
list, 8692, 8906, 9236
list, 8693, 8248, 8580
list, 8694, 9205, 8935
list, 8695, 8581, 7934
list, 8696, 9119, 8755
list, 8697, 9110, 9100
list, 8698, 9558, 8860
list, 8699, 6623, 7808
list, 8700, 9709, 8727
list, 8701, 6375, 8453
list, 8702, 7703, 8631
list, 8703, 8814, 8597
list, 8704, 9367, 9011
list, 8705, 7462, 8557
list, 8706, 8326, 8665
list, 8707, 9873, 9110
list, 8708, 8826, 8796
list, 8709, 9366, 8265
list, 8710, 8380, 8917
list, 8711, 8452, 8233
list, 8712, 7954, 8192
list, 8713, 8525, 8317
list, 8714, 8752, 9097
list, 8715, 7876, 7890
list, 8716, 9674, 8996
list, 8717, 7919, 8397
list, 8718, 8010, 7902
list, 8719, 7736, 8527
list, 8720, 9609, 8949
list, 8721, 8553, 8682
list, 8722, 8376, 8990
list, 8723, 7342, 8095
list, 8724, 9930, 8784
list, 8725, 8995, 8930
list, 8726, 7508, 8294
list, 8727, 8936, 9190
list, 8728, 8560, 8430
list, 8729, 8652, 8684
list, 8730, 9083, 8769
list, 8731, 9813, 8988
list, 8732, 8131, 8541
list, 8733, 8834, 8663
list, 8734, 8488, 8642
list, 8735, 7568, 8029
list, 8736, 9578, 9262
list, 8737, 9934, 9206
list, 8738, 8601, 8227
list, 8739, 6765, 8075
list, 8740, 8590, 8595
list, 8741, 7486, 8063
list, 8742, 8816, 8939
list, 8743, 6582, 7673
list, 8744, 9375, 9274
list, 8745, 8940, 8361
list, 8746, 8424, 8967
list, 8747, 8916, 8584
list, 8748, 9306, 9127
list, 8749, 7791, 7727
list, 8750, 8226, 8850
list, 8751, 8031, 8137
list, 8752, 9521, 9096
list, 8753, 9216, 7860
list, 8754, 9194, 9099
list, 8755, 8729, 8685
list, 8756, 9672, 8639
list, 8757, 8828, 8827
list, 8758, 8481, 9038
list, 8759, 9359, 9165
list, 8760, 8392, 9079
list, 8761, 8929, 8078
list, 8762, 8247, 8417
list, 8763, 8973, 9070
list, 8764, 8949, 7978
list, 8765, 8632, 8589
list, 8766, 8999, 8211
list, 8767, 9851, 9189
list, 8768, 9895, 9259
list, 8769, 8666, 8777
list, 8770, 9742, 8589
list, 8771, 9543, 9254
list, 8772, 6937, 7797
list, 8773, 8348, 7923
list, 8774, 9881, 9204
list, 8775, 9945, 8992
list, 8776, 7424, 8066
list, 8777, 8537, 8909
list, 8778, 9823, 9250
list, 8779, 8724, 8785
list, 8780, 7629, 7856
list, 8781, 8285, 7841
list, 8782, 9766, 8832
list, 8783, 9043, 8083
list, 8784, 8630, 8403
list, 8785, 7858, 6982
list, 8786, 9574, 9173
list, 8787, 8854, 9257
list, 8788, 8760, 9080
list, 8789, 9278, 8708
list, 8790, 8306, 9175
list, 8791, 8246, 8837
list, 8792, 6577, 8142
list, 8793, 8272, 8600
list, 8794, 8534, 9264
list, 8795, 9588, 8975
list, 8796, 6279, 8384
list, 8797, 6408, 6350
list, 8798, 9430, 9003
list, 8799, 8512, 8070
list, 8800, 9107, 8908
list, 8801, 7698, 8871
list, 8802, 8400, 8572
list, 8803, 9138, 8881
list, 8804, 7810, 8853
list, 8805, 8888, 8720
list, 8806, 9211, 8763
list, 8807, 8290, 9200
list, 8808, 9067, 8822
list, 8809, 9447, 8901
list, 8810, 9069, 8496
list, 8811, 7782, 7862
list, 8812, 9317, 9206
list, 8813, 7441, 8135
list, 8814, 8740, 8596
list, 8815, 9555, 9228
list, 8816, 8331, 8938
list, 8817, 9643, 9021
list, 8818, 9003, 9221
list, 8819, 7694, 8370
list, 8820, 9802, 8611
list, 8821, 8932, 9112
list, 8822, 9253, 9253
list, 8823, 9145, 9265
list, 8824, 9526, 9018
list, 8825, 8016, 8551
list, 8826, 7930, 8795
list, 8827, 8761, 8079
list, 8828, 8947, 8826
list, 8829, 7975, 7752
list, 8830, 8327, 8429
list, 8831, 9084, 8654
list, 8832, 9317, 9206
list, 8833, 9745, 8739
list, 8834, 9327, 8662
list, 8835, 7916, 9235
list, 8836, 9372, 9040
list, 8837, 8497, 8198
list, 8838, 9357, 8481
list, 8839, 8988, 8520
list, 8840, 9261, 8195
list, 8841, 9889, 9185
list, 8842, 7584, 7200
list, 8843, 8625, 8671
list, 8844, 9729, 8337
list, 8845, 5388, 7112
list, 8846, 9372, 9040
list, 8847, 7190, 8274
list, 8848, 7040, 8582
list, 8849, 8807, 9201
list, 8850, 8328, 7706
list, 8851, 8318, 8061
list, 8852, 7790, 8292
list, 8853, 8176, 8333
list, 8854, 9358, 9256
list, 8855, 9454, 9272
list, 8856, 8312, 8443
list, 8857, 8233, 8493
list, 8858, 9901, 9108
list, 8859, 8133, 8163
list, 8860, 9536, 8919
list, 8861, 8944, 8358
list, 8862, 8080, 8811
list, 8863, 7119, 8126
list, 8864, 6553, 8245
list, 8865, 8930, 9026
list, 8866, 8120, 8172
list, 8867, 8901, 8278
list, 8868, 9127, 8535
list, 8869, 8314, 8522
list, 8870, 7943, 8800
list, 8871, 9092, 9216
list, 8872, 9858, 9248
list, 8873, 8648, 8603
list, 8874, 9586, 8805
list, 8875, 9209, 8690
list, 8876, 7845, 7041
list, 8877, 6555, 7881
list, 8878, 8232, 8411
list, 8879, 7855, 7648
list, 8880, 7128, 8347
list, 8881, 8820, 8612
list, 8882, 6041, 6228
list, 8883, 8887, 9261
list, 8884, 9761, 9151
list, 8885, 9227, 8550
list, 8886, 8033, 7626
list, 8887, 8768, 9260
list, 8888, 9398, 8719
list, 8889, 9741, 9028
list, 8890, 9607, 9057
list, 8891, 9082, 9258
list, 8892, 8003, 7791
list, 8893, 9798, 8667
list, 8894, 9777, 9075
list, 8895, 8621, 8545
list, 8896, 8626, 8329
list, 8897, 9331, 9065
list, 8898, 8696, 8756
list, 8899, 9665, 9268
list, 8900, 9519, 9067
list, 8901, 9237, 8277
list, 8902, 9568, 9236
list, 8903, 9292, 9106
list, 8904, 6893, 7473
list, 8905, 9783, 8715
list, 8906, 9129, 9235
list, 8907, 8048, 9210
list, 8908, 7315, 9243
list, 8909, 9022, 8993
list, 8910, 7202, 8343
list, 8911, 8277, 7512
list, 8912, 9489, 8229
list, 8913, 9373, 9133
list, 8914, 7605, 7552
list, 8915, 7523, 8843
list, 8916, 8848, 8583
list, 8917, 9636, 9230
list, 8918, 7894, 7973
list, 8919, 7097, 7448
list, 8920, 8053, 7879
list, 8921, 7385, 8377
list, 8922, 7053, 7988
list, 8923, 8423, 8758
list, 8924, 9203, 8120
list, 8925, 6958, 8982
list, 8926, 8448, 9053
list, 8927, 8087, 8339
list, 8928, 8217, 8530
list, 8929, 8624, 8077
list, 8930, 9571, 9025
list, 8931, 9459, 8762
list, 8932, 9834, 9111
list, 8933, 9949, 9214
list, 8934, 7853, 8466
list, 8935, 9616, 9208
list, 8936, 9851, 9189
list, 8937, 8801, 8872
list, 8938, 9076, 8304
list, 8939, 8413, 8516
list, 8940, 7721, 8360
list, 8941, 6361, 6909
list, 8942, 7581, 7772
list, 8943, 7250, 8188
list, 8944, 9846, 8357
list, 8945, 8745, 8362
list, 8946, 9640, 8809
list, 8947, 9935, 8825
list, 8948, 9400, 9250
list, 8949, 9883, 7977
list, 8950, 8542, 9219
list, 8951, 8038, 9266
list, 8952, 8874, 8806
list, 8953, 9201, 9042
list, 8954, 8917, 9231
list, 8955, 9029, 9062
list, 8956, 8908, 9244
list, 8957, 9353, 8737
list, 8958, 8365, 9120
list, 8959, 7282, 8750
list, 8960, 8565, 9252
list, 8961, 9184, 8979
list, 8962, 9684, 9114
list, 8963, 7748, 6449
list, 8964, 8701, 8454
list, 8965, 9956, 9247
list, 8966, 9150, 9069
list, 8967, 7006, 7370
list, 8968, 9090, 8637
list, 8969, 9610, 8953
list, 8970, 9097, 9071
list, 8971, 9749, 7836
list, 8972, 8860, 8920
list, 8973, 9624, 9069
list, 8974, 7390, 8907
list, 8975, 9472, 9259
list, 8976, 8088, 8848
list, 8977, 8011, 9205
list, 8978, 9136, 8964
list, 8979, 9627, 9123
list, 8980, 9996, 9267
list, 8981, 7959, 8495
list, 8982, 8833, 8740
list, 8983, 9143, 9192
list, 8984, 9680, 9214
list, 8985, 9034, 8668
list, 8986, 7111, 7109
list, 8987, 8036, 7939
list, 8988, 9037, 8519
list, 8989, 8742, 8940
list, 8990, 9390, 9140
list, 8991, 8531, 8499
list, 8992, 9517, 9204
list, 8993, 8569, 8840
list, 8994, 9337, 9154
list, 8995, 9418, 8929
list, 8996, 8867, 8279
list, 8997, 9407, 9218
list, 8998, 9245, 8725
list, 8999, 7671, 8210
list, 9000, 7444, 7758
list, 9001, 8100, 8508
list, 9002, 9819, 9208
list, 9003, 9562, 9220
list, 9004, 9039, 8915
list, 9005, 8687, 7762
list, 9006, 9904, 8955
list, 9007, 8376, 8990
list, 9008, 8673, 9058
list, 9009, 7701, 7280
list, 9010, 7414, 8692
list, 9011, 9552, 8710
list, 9012, 9698, 9144
list, 9013, 9902, 9212
list, 9014, 7877, 7803
list, 9015, 8639, 9249
list, 9016, 8880, 8348
list, 9017, 7583, 7638
list, 9018, 7407, 8003
list, 9019, 8058, 8267
list, 9020, 9903, 8814
list, 9021, 9961, 9004
list, 9022, 8164, 8992
list, 9023, 9485, 9226
list, 9024, 7157, 7971
list, 9025, 9285, 9236
list, 9026, 9576, 9146
list, 9027, 9719, 9139
list, 9028, 9155, 8564
list, 9029, 8517, 9061
list, 9030, 8881, 8613
list, 9031, 9011, 8711
list, 9032, 8773, 7924
list, 9033, 8398, 9083
list, 9034, 9798, 8667
list, 9035, 9074, 8627
list, 9036, 7520, 7603
list, 9037, 7903, 8518
list, 9038, 6099, 7946
list, 9039, 8679, 8914
list, 9040, 9020, 8815
list, 9041, 9740, 8793
list, 9042, 6255, 7013
list, 9043, 8278, 8082
list, 9044, 8319, 8834
list, 9045, 7386, 8486
list, 9046, 8265, 8716
list, 9047, 7589, 8742
list, 9048, 9855, 8249
list, 9049, 9402, 9272
list, 9050, 9464, 9105
list, 9051, 9113, 8484
list, 9052, 8728, 8431
list, 9053, 7530, 7328
list, 9054, 6623, 7808
list, 9055, 9428, 9167
list, 9056, 9867, 9131
list, 9057, 9865, 8503
list, 9058, 9908, 9118
list, 9059, 8526, 9207
list, 9060, 7742, 8310
list, 9061, 9354, 9268
list, 9062, 9951, 8680
list, 9063, 6898, 7631
list, 9064, 8051, 8165
list, 9065, 8210, 8524
list, 9066, 9968, 9244
list, 9067, 8636, 8821
list, 9068, 9169, 9206
list, 9069, 7959, 8495
list, 9070, 7467, 9145
list, 9071, 9694, 9156
list, 9072, 8168, 8106
list, 9073, 9635, 8876
list, 9074, 8034, 8626
list, 9075, 8302, 9050
list, 9076, 8347, 8303
list, 9077, 7976, 8959
list, 9078, 9542, 9260
list, 9079, 9027, 9140
list, 9080, 7575, 7607
list, 9081, 9477, 8856
list, 9082, 9601, 9257
list, 9083, 8628, 8768
list, 9084, 9465, 8653
list, 9085, 7303, 8462
list, 9086, 8349, 8945
list, 9087, 8490, 8221
list, 9088, 9966, 9077
list, 9089, 9565, 8872
list, 9090, 7998, 8636
list, 9091, 8113, 8341
list, 9092, 8933, 9215
list, 9093, 7725, 8290
list, 9094, 8372, 8753
list, 9095, 9145, 9265
list, 9096, 8276, 8144
list, 9097, 8973, 9070
list, 9098, 9015, 9250
list, 9099, 9176, 8606
list, 9100, 9930, 8784
list, 9101, 9993, 8770
list, 9102, 7093, 8235
list, 9103, 9340, 8934
list, 9104, 8691, 8217
list, 9105, 8617, 8924
list, 9106, 7458, 8387
list, 9107, 7390, 8907
list, 9108, 8588, 8898
list, 9109, 8001, 8181
list, 9110, 9194, 9099
list, 9111, 8974, 8908
list, 9112, 6855, 7429
list, 9113, 6536, 8483
list, 9114, 9025, 9237
list, 9115, 9872, 9214
list, 9116, 8917, 9231
list, 9117, 8808, 8823
list, 9118, 9111, 8909
list, 9119, 8177, 8754
list, 9120, 8474, 8912
list, 9121, 9940, 9149
list, 9122, 7234, 8261
list, 9123, 9972, 9257
list, 9124, 8934, 8467
list, 9125, 9470, 8457
list, 9126, 9008, 9059
list, 9127, 7203, 8534
list, 9128, 7213, 7670
list, 9129, 9805, 9234
list, 9130, 8592, 9270
list, 9131, 8889, 9029
list, 9132, 9572, 9177
list, 9133, 8690, 8382
list, 9134, 7702, 9194
list, 9135, 7913, 9013
list, 9136, 9303, 8963
list, 9137, 8767, 9190
list, 9138, 9967, 8880
list, 9139, 9392, 8696
list, 9140, 8046, 9011
list, 9141, 8454, 9125
list, 9142, 8705, 8558
list, 9143, 8727, 9191
list, 9144, 9969, 9131
list, 9145, 8534, 9264
list, 9146, 9198, 8791
list, 9147, 9597, 8704
list, 9148, 8894, 9076
list, 9149, 8078, 8675
list, 9150, 8619, 9068
list, 9151, 9485, 9226
list, 9152, 9509, 9102
list, 9153, 9544, 8888
list, 9154, 9516, 8439
list, 9155, 9280, 8563
list, 9156, 9686, 8875
list, 9157, 9906, 9073
list, 9158, 8261, 8426
list, 9159, 9681, 9250
list, 9160, 8598, 8488
list, 9161, 6844, 7171
list, 9162, 7381, 8011
list, 9163, 9504, 8883
list, 9164, 9457, 8656
list, 9165, 8719, 8528
list, 9166, 9033, 9084
list, 9167, 7696, 8154
list, 9168, 8961, 8980
list, 9169, 8992, 9205
list, 9170, 8856, 8444
list, 9171, 9529, 9236
list, 9172, 8643, 9135
list, 9173, 8846, 9041
list, 9174, 8944, 8358
list, 9175, 9715, 9271
list, 9176, 8545, 8605
list, 9177, 8205, 8537
list, 9178, 9104, 8218
list, 9179, 9120, 8913
list, 9180, 9459, 8762
list, 9181, 9664, 9187
list, 9182, 9290, 9261
list, 9183, 9756, 9074
list, 9184, 8492, 8978
list, 9185, 8470, 8970
list, 9186, 9985, 8868
list, 9187, 8980, 9268
list, 9188, 8565, 9252
list, 9189, 6948, 6850
list, 9190, 8240, 9001
list, 9191, 8344, 8550
list, 9192, 8157, 9187
list, 9193, 9881, 9204
list, 9194, 8714, 9098
list, 9195, 9407, 9218
list, 9196, 9515, 8588
list, 9197, 9292, 9106
list, 9198, 7776, 8790
list, 9199, 8485, 8658
list, 9200, 8429, 8243
list, 9201, 8836, 9041
list, 9202, 8363, 8689
list, 9203, 9982, 8119
list, 9204, 9981, 9254
list, 9205, 9340, 8934
list, 9206, 9217, 8448
list, 9207, 8262, 8616
list, 9208, 9686, 8875
list, 9209, 8363, 8689
list, 9210, 8863, 8127
list, 9211, 8442, 8762
list, 9212, 9547, 8532
list, 9213, 8697, 9101
list, 9214, 8231, 9137
list, 9215, 9679, 9239
list, 9216, 7683, 7859
list, 9217, 7839, 8447
list, 9218, 8172, 8271
list, 9219, 8823, 9266
list, 9220, 8539, 7659
list, 9221, 6761, 7132
list, 9222, 7913, 9013
list, 9223, 9362, 8540
list, 9224, 9448, 8744
list, 9225, 9765, 9266
list, 9226, 9386, 9184
list, 9227, 9369, 8549
list, 9228, 8930, 9026
list, 9229, 6927, 8112
list, 9230, 7976, 8959
list, 9231, 8484, 8678
list, 9232, 9558, 8860
list, 9233, 9589, 9206
list, 9234, 9132, 9178
list, 9235, 9792, 9161
list, 9236, 9663, 9211
list, 9237, 8338, 8276
list, 9238, 9010, 8693
list, 9239, 9823, 9250
list, 9240, 8972, 8921
list, 9241, 8424, 8967
list, 9242, 9438, 9211
list, 9243, 9341, 9029
list, 9244, 7469, 9182
list, 9245, 9324, 8724
list, 9246, 9461, 8412
list, 9247, 8937, 8873
list, 9248, 8700, 8728
list, 9249, 9116, 9232
list, 9250, 8343, 8819
list, 9251, 7248, 8785
list, 9252, 9421, 8419
list, 9253, 8487, 9252
list, 9254, 9317, 9206
list, 9255, 9256, 9101
list, 9256, 9110, 9100
list, 9257, 9147, 8705
list, 9258, 9429, 9094
list, 9259, 7931, 9152
list, 9260, 8274, 8066
list, 9261, 7631, 8194
list, 9262, 9326, 8687
list, 9263, 9222, 9014
list, 9264, 9314, 9181
list, 9265, 8244, 8324
list, 9266, 9750, 9270
list, 9267, 9712, 9270
list, 9268, 9725, 9207
list, 9269, 9454, 9272
list, 9270, 8515, 7558
list, 9271, 8953, 9043
list, 9272, 9992, 9205
list, 9273, 9423, 9147
list, 9274, 8078, 8675
list, 9275, 7039, 8413
list, 9276, 8778, 9251
list, 9277, 8686, 9087
list, 9278, 9339, 8707
list, 9279, 8499, 9245
list, 9280, 8253, 8562
list, 9281, 7620, 8152
list, 9282, 9770, 9130
list, 9283, 9676, 9054
list, 9284, 6671, 7125
list, 9285, 9660, 9235
list, 9286, 9928, 9265
list, 9287, 9307, 8832
list, 9288, 8708, 8797
list, 9289, 7716, 8476
list, 9290, 9460, 9260
list, 9291, 8357, 9196
list, 9292, 9464, 9105
list, 9293, 9870, 8999
list, 9294, 8004, 9248
list, 9295, 7866, 8592
list, 9296, 9868, 9142
list, 9297, 9974, 9153
list, 9298, 8978, 8965
list, 9299, 7529, 8513
list, 9300, 8956, 9245
list, 9301, 8216, 8896
list, 9302, 8763, 9071
list, 9303, 9751, 8962
list, 9304, 9914, 9155
list, 9305, 9594, 9230
list, 9306, 9141, 9126
list, 9307, 9491, 8831
list, 9308, 8953, 9043
list, 9309, 9251, 8786
list, 9310, 9635, 8876
list, 9311, 9980, 9256
list, 9312, 9205, 8935
list, 9313, 9980, 9256
list, 9314, 9579, 9180
list, 9315, 9771, 9169
list, 9316, 7804, 8985
list, 9317, 6852, 9205
list, 9318, 8238, 9181
list, 9319, 9630, 9129
list, 9320, 8720, 8950
list, 9321, 9532, 9273
list, 9322, 9815, 8972
list, 9323, 9405, 9270
list, 9324, 6875, 8723
list, 9325, 9399, 8891
list, 9326, 8755, 8686
list, 9327, 7511, 8661
list, 9328, 8136, 8270
list, 9329, 8817, 9022
list, 9330, 8958, 9121
list, 9331, 8374, 9064
list, 9332, 8777, 8910
list, 9333, 9354, 9268
list, 9334, 9509, 9102
list, 9335, 9229, 8113
list, 9336, 8265, 8716
list, 9337, 9259, 9153
list, 9338, 7417, 7737
list, 9339, 9257, 8706
list, 9340, 8167, 8933
list, 9341, 9975, 9028
list, 9342, 9874, 9230
list, 9343, 8774, 9205
list, 9344, 9501, 9164
list, 9345, 8724, 8785
list, 9346, 8899, 9269
list, 9347, 9892, 9203
list, 9348, 8217, 8530
list, 9349, 8843, 8672
list, 9350, 9483, 9092
list, 9351, 7243, 7822
list, 9352, 4495, 6445
list, 9353, 8611, 8736
list, 9354, 9225, 9267
list, 9355, 8904, 7474
list, 9356, 6791, 7499
list, 9357, 7838, 8480
list, 9358, 8771, 9255
list, 9359, 9501, 9164
list, 9360, 9448, 8744
list, 9361, 9168, 8981
list, 9362, 8459, 8539
list, 9363, 8645, 8038
list, 9364, 7879, 8620
list, 9365, 8449, 8648
list, 9366, 8566, 8264
list, 9367, 9885, 9010
list, 9368, 8395, 8258
list, 9369, 7921, 8548
list, 9370, 9925, 9230
list, 9371, 9495, 9270
list, 9372, 9467, 9039
list, 9373, 9479, 9132
list, 9374, 8187, 8927
list, 9375, 9847, 9273
list, 9376, 8330, 8201
list, 9377, 8801, 8872
list, 9378, 9129, 9235
list, 9379, 9081, 8857
list, 9380, 9787, 8951
list, 9381, 9803, 9269
list, 9382, 9370, 9231
list, 9383, 8489, 9062
list, 9384, 9475, 8876
list, 9385, 8736, 9263
list, 9386, 9244, 9183
list, 9387, 9215, 9240
list, 9388, 8701, 8454
list, 9389, 9718, 9048
list, 9390, 9828, 9139
list, 9391, 9815, 8972
list, 9392, 9891, 8695
list, 9393, 7004, 7655
list, 9394, 9131, 9030
list, 9395, 9464, 9105
list, 9396, 9658, 8846
list, 9397, 8495, 8957
list, 9398, 7723, 8718
list, 9399, 7978, 8890
list, 9400, 8872, 9249
list, 9401, 9519, 9067
list, 9402, 9715, 9271
list, 9403, 8149, 7436
list, 9404, 9706, 9262
list, 9405, 9803, 9269
list, 9406, 8462, 8886
list, 9407, 8623, 9217
list, 9408, 9078, 9261
list, 9409, 9427, 9252
list, 9410, 9286, 9266
list, 9411, 8600, 8569
list, 9412, 9076, 8304
list, 9413, 9619, 8998
list, 9414, 8349, 8945
list, 9415, 9304, 9156
list, 9416, 9123, 9258
list, 9417, 8697, 9101
list, 9418, 9374, 8928
list, 9419, 7273, 8035
list, 9420, 8849, 9202
list, 9421, 8762, 8418
list, 9422, 6989, 6779
list, 9423, 9070, 9146
list, 9424, 7734, 9256
list, 9425, 9059, 9208
list, 9426, 9365, 8649
list, 9427, 9159, 9251
list, 9428, 8759, 9166
list, 9429, 9350, 9093
list, 9430, 9190, 9002
list, 9431, 8694, 8936
list, 9432, 8100, 8508
list, 9433, 8530, 8560
list, 9434, 7070, 8905
list, 9435, 9550, 8943
list, 9436, 9218, 8272
list, 9437, 8944, 8358
list, 9438, 9717, 9210
list, 9439, 9815, 8972
list, 9440, 8201, 8442
list, 9441, 5996, 7396
list, 9442, 7646, 8410
list, 9443, 8021, 7912
list, 9444, 9211, 8763
list, 9445, 7686, 7996
list, 9446, 9584, 9112
list, 9447, 8200, 8900
list, 9448, 9047, 8743
list, 9449, 9653, 9251
list, 9450, 7132, 5833
list, 9451, 7952, 8086
list, 9452, 8436, 9007
list, 9453, 9867, 9131
list, 9454, 9806, 9271
list, 9455, 9870, 8999
list, 9456, 7063, 7921
list, 9457, 8831, 8655
list, 9458, 8280, 9054
list, 9459, 9764, 8761
list, 9460, 9920, 9259
list, 9461, 9442, 8411
list, 9462, 9704, 9260
list, 9463, 9663, 9211
list, 9464, 9652, 9104
list, 9465, 9738, 8652
list, 9466, 8807, 9201
list, 9467, 8481, 9038
list, 9468, 7720, 8019
list, 9469, 8458, 8054
list, 9470, 8249, 8456
list, 9471, 7654, 9132
list, 9472, 9998, 9258
list, 9473, 9637, 9234
list, 9474, 9877, 9258
list, 9475, 9686, 8875
list, 9476, 8181, 8864
list, 9477, 6069, 8855
list, 9478, 8467, 8390
list, 9479, 9282, 9131
list, 9480, 8951, 9267
list, 9481, 9687, 9225
list, 9482, 8388, 8646
list, 9483, 9755, 9091
list, 9484, 9947, 9275
list, 9485, 9687, 9225
list, 9486, 9847, 9273
list, 9487, 8159, 8424
list, 9488, 9095, 9266
list, 9489, 8738, 8228
list, 9490, 9234, 9179
list, 9491, 9763, 8830
list, 9492, 9556, 8783
list, 9493, 9622, 9015
list, 9494, 9297, 9154
list, 9495, 9803, 9269
list, 9496, 7721, 8360
list, 9497, 8432, 8471
list, 9498, 9928, 9265
list, 9499, 9594, 9230
list, 9500, 9147, 8705
list, 9501, 9811, 9163
list, 9502, 8496, 9067
list, 9503, 8563, 8863
list, 9504, 8803, 8882
list, 9505, 9886, 9180
list, 9506, 9788, 9272
list, 9507, 8715, 7891
list, 9508, 9126, 9060
list, 9509, 9256, 9101
list, 9510, 7102, 8178
list, 9511, 8362, 8633
list, 9512, 9927, 9032
list, 9513, 7734, 9256
list, 9514, 9827, 9242
list, 9515, 6059, 8587
list, 9516, 7878, 8438
list, 9517, 9789, 9203
list, 9518, 9631, 9072
list, 9519, 8897, 9066
list, 9520, 9717, 9210
list, 9521, 9736, 9095
list, 9522, 9809, 9131
list, 9523, 7443, 8874
list, 9524, 9484, 9276
list, 9525, 9163, 8884
list, 9526, 8668, 9017
list, 9527, 8194, 8189
list, 9528, 8824, 9019
list, 9529, 7916, 9235
list, 9530, 9773, 9206
list, 9531, 9710, 9210
list, 9532, 9402, 9272
list, 9533, 9711, 8984
list, 9534, 9476, 8865
list, 9535, 9030, 8614
list, 9536, 8710, 8918
list, 9537, 7642, 8216
list, 9538, 8660, 8969
list, 9539, 7751, 8677
list, 9540, 8215, 7909
list, 9541, 9079, 9141
list, 9542, 9416, 9259
list, 9543, 9409, 9253
list, 9544, 9406, 8887
list, 9545, 8722, 8991
list, 9546, 9008, 9059
list, 9547, 9348, 8531
list, 9548, 8689, 9250
list, 9549, 9408, 9262
list, 9550, 9683, 8942
list, 9551, 9340, 8934
list, 9552, 8789, 8709
list, 9553, 7417, 7737
list, 9554, 8748, 9128
list, 9555, 9151, 9227
list, 9556, 9634, 8782
list, 9557, 9695, 9145
list, 9558, 8678, 8859
list, 9559, 9650, 8753
list, 9560, 9779, 9167
list, 9561, 9387, 9241
list, 9562, 9642, 9219
list, 9563, 8015, 8511
list, 9564, 9575, 9056
list, 9565, 8661, 8871
list, 9566, 8985, 8669
list, 9567, 9333, 9269
list, 9568, 7676, 9235
list, 9569, 8231, 9137
list, 9570, 8038, 9266
list, 9571, 9978, 9024
list, 9572, 8790, 9176
list, 9573, 9754, 8893
list, 9574, 8667, 9172
list, 9575, 9283, 9055
list, 9576, 7467, 9145
list, 9577, 8572, 8798
list, 9578, 9078, 9261
list, 9579, 9234, 9179
list, 9580, 9302, 9072
list, 9581, 8542, 9219
list, 9582, 9674, 8996
list, 9583, 8125, 8506
list, 9584, 9834, 9111
list, 9585, 7890, 7755
list, 9586, 9824, 8804
list, 9587, 9771, 9169
list, 9588, 9655, 8974
list, 9589, 8992, 9205
list, 9590, 9898, 8701
list, 9591, 8696, 8756
list, 9592, 9585, 7756
list, 9593, 9570, 9267
list, 9594, 8815, 9229
list, 9595, 7003, 8316
list, 9596, 8965, 9248
list, 9597, 7460, 8703
list, 9598, 9748, 8767
list, 9599, 8272, 8600
list, 9600, 8293, 8286
list, 9601, 7734, 9256
list, 9602, 8621, 8545
list, 9603, 8965, 9248
list, 9604, 9708, 9147
list, 9605, 8640, 8962
list, 9606, 9207, 8617
list, 9607, 9575, 9056
list, 9608, 9966, 9077
list, 9609, 8212, 8948
list, 9610, 8221, 8952
list, 9611, 8925, 8983
list, 9612, 8353, 8788
list, 9613, 9031, 8712
list, 9614, 9279, 9246
list, 9615, 9253, 9253
list, 9616, 9530, 9207
list, 9617, 9992, 9205
list, 9618, 8899, 9269
list, 9619, 9582, 8997
list, 9620, 9471, 9133
list, 9621, 9310, 8877
list, 9622, 9135, 9014
list, 9623, 9650, 8753
list, 9624, 8619, 9068
list, 9625, 7467, 9145
list, 9626, 9234, 9179
list, 9627, 9330, 9122
list, 9628, 9372, 9040
list, 9629, 8858, 9109
list, 9630, 9699, 9128
list, 9631, 8763, 9071
list, 9632, 8379, 8251
list, 9633, 9961, 9004
list, 9634, 7844, 8781
list, 9635, 9686, 8875
list, 9636, 8815, 9229
list, 9637, 7375, 9233
list, 9638, 7261, 7943
list, 9639, 8661, 8871
list, 9640, 8637, 8808
list, 9641, 9656, 9046
list, 9642, 9726, 9218
list, 9643, 9528, 9020
list, 9644, 5757, 7179
list, 9645, 9571, 9025
list, 9646, 8443, 9047
list, 9647, 9976, 9251
list, 9648, 9075, 9051
list, 9649, 7390, 8907
list, 9650, 8026, 8752
list, 9651, 7176, 8608
list, 9652, 9334, 9103
list, 9653, 9400, 9250
list, 9654, 8883, 9262
list, 9655, 9322, 8973
list, 9656, 8234, 9045
list, 9657, 8524, 8577
list, 9658, 7867, 8845
list, 9659, 7698, 8871
list, 9660, 7928, 9234
list, 9661, 9055, 9168
list, 9662, 7517, 8056
list, 9663, 7896, 9210
list, 9664, 8841, 9186
list, 9665, 8951, 9267
list, 9666, 8830, 8430
list, 9667, 9621, 8878
list, 9668, 9371, 9271
list, 9669, 7778, 7877
list, 9670, 9608, 9078
list, 9671, 9875, 9240
list, 9672, 8968, 8638
list, 9673, 9976, 9251
list, 9674, 8646, 8995
list, 9675, 9907, 9139
list, 9676, 8448, 9053
list, 9677, 8406, 9009
list, 9678, 8123, 8460
list, 9679, 9971, 9238
list, 9680, 9013, 9213
list, 9681, 9603, 9249
list, 9682, 9268, 9208
list, 9683, 8989, 8941
list, 9684, 9446, 9113
list, 9685, 8473, 7869
list, 9686, 9247, 8874
list, 9687, 7910, 9224
list, 9688, 8824, 9019
list, 9689, 9294, 9249
list, 9690, 9318, 9182
list, 9691, 8774, 9205
list, 9692, 9820, 9200
list, 9693, 8402, 9060
list, 9694, 8994, 9155
list, 9695, 9698, 9144
list, 9696, 7713, 7730
list, 9697, 8954, 9232
list, 9698, 9296, 9143
list, 9699, 9306, 9127
list, 9700, 9248, 8729
list, 9701, 9909, 9249
list, 9702, 9881, 9204
list, 9703, 8029, 8773
list, 9704, 9472, 9259
list, 9705, 9765, 9266
list, 9706, 9462, 9261
list, 9707, 9645, 9026
list, 9708, 9557, 9146
list, 9709, 8998, 8726
list, 9710, 9002, 9209
list, 9711, 8925, 8983
list, 9712, 8899, 9269
list, 9713, 8284, 8238
list, 9714, 9920, 9259
list, 9715, 8592, 9270
list, 9716, 7987, 9236
list, 9717, 8935, 9209
list, 9718, 8443, 9047
list, 9719, 9569, 9138
list, 9720, 9857, 9274
list, 9721, 9573, 8894
list, 9722, 9839, 9116
list, 9723, 8650, 9010
list, 9724, 9015, 9250
list, 9725, 9317, 9206
list, 9726, 8623, 9217
list, 9727, 8605, 9263
list, 9728, 7915, 8372
list, 9729, 7369, 8336
list, 9730, 9840, 9218
list, 9731, 7624, 9228
list, 9732, 8055, 9034
list, 9733, 9530, 9207
list, 9734, 9962, 9271
list, 9735, 9404, 9263
list, 9736, 8030, 9094
list, 9737, 9530, 9207
list, 9738, 8428, 8651
list, 9739, 7977, 8408
list, 9740, 9856, 8792
list, 9741, 9228, 9027
list, 9742, 9515, 8588
list, 9743, 9801, 8862
list, 9744, 9006, 8956
list, 9745, 8957, 8738
list, 9746, 9631, 9072
list, 9747, 8787, 9258
list, 9748, 7175, 8766
list, 9749, 7079, 7835
list, 9750, 8899, 9269
list, 9751, 8582, 8961
list, 9752, 9321, 9274
list, 9753, 9942, 8546
list, 9754, 9325, 8892
list, 9755, 9826, 9090
list, 9756, 9580, 9073
list, 9757, 8290, 9200
list, 9758, 8671, 8307
list, 9759, 8289, 7718
list, 9760, 8894, 9076
list, 9761, 9121, 9150
list, 9762, 9425, 9209
list, 9763, 6780, 8829
list, 9764, 7635, 8760
list, 9765, 8794, 9265
list, 9766, 9491, 8831
list, 9767, 9661, 9169
list, 9768, 9847, 9273
list, 9769, 9228, 9027
list, 9770, 9630, 9129
list, 9771, 9560, 9168
list, 9772, 9530, 9207
list, 9773, 9702, 9205
list, 9774, 8157, 9187
list, 9775, 8455, 8625
list, 9776, 9705, 9267
list, 9777, 9756, 9074
list, 9778, 9878, 8723
list, 9779, 8759, 9166
list, 9780, 8211, 7683
list, 9781, 8592, 9270
list, 9782, 8620, 8435
list, 9783, 8414, 8714
list, 9784, 9228, 9027
list, 9785, 9610, 8953
list, 9786, 8549, 9077
list, 9787, 9821, 8950
list, 9788, 9852, 9271
list, 9789, 8567, 9202
list, 9790, 9663, 9211
list, 9791, 9434, 8906
list, 9792, 9861, 9160
list, 9793, 7021, 8554
list, 9794, 9660, 9235
list, 9795, 8783, 8084
list, 9796, 9085, 8463
list, 9797, 9451, 8087
list, 9798, 8706, 8666
list, 9799, 9245, 8725
list, 9800, 9172, 9136
list, 9801, 8245, 8861
list, 9802, 8674, 8610
list, 9803, 9480, 9268
list, 9804, 9511, 8634
list, 9805, 9697, 9233
list, 9806, 9810, 9270
list, 9807, 9003, 9221
list, 9808, 9463, 9212
list, 9809, 9770, 9130
list, 9810, 9333, 9269
list, 9811, 9235, 9162
list, 9812, 7896, 9210
list, 9813, 8629, 8987
list, 9814, 9078, 9261
list, 9815, 9185, 8971
list, 9816, 7707, 8422
list, 9817, 9614, 9247
list, 9818, 7633, 7733
list, 9819, 9530, 9207
list, 9820, 8104, 9199
list, 9821, 9884, 8949
list, 9822, 7668, 8356
list, 9823, 9603, 9249
list, 9824, 7653, 8803
list, 9825, 9315, 9170
list, 9826, 7656, 9089
list, 9827, 9671, 9241
list, 9828, 9214, 9138
list, 9829, 9291, 9197
list, 9830, 8825, 8552
list, 9831, 8309, 8239
list, 9832, 9983, 9223
list, 9833, 9847, 9273
list, 9834, 9629, 9110
list, 9835, 8611, 8736
list, 9836, 7574, 7783
list, 9837, 9471, 9133
list, 9838, 8475, 9262
list, 9839, 8962, 9115
list, 9840, 8871, 9217
list, 9841, 10000, 9186
list, 9842, 9647, 9252
list, 9843, 7554, 8159
list, 9844, 9559, 8754
list, 9845, 9966, 9077
list, 9846, 7668, 8356
list, 9847, 9668, 9272
list, 9848, 9993, 8770
list, 9849, 9593, 9268
list, 9850, 8481, 9038
list, 9851, 9192, 9188
list, 9852, 9712, 9270
list, 9853, 9733, 9208
list, 9854, 8791, 8838
list, 9855, 8110, 8248
list, 9856, 9198, 8791
list, 9857, 9049, 9273
list, 9858, 9614, 9247
list, 9859, 9910, 9238
list, 9860, 8812, 9207
list, 9861, 8638, 9159
list, 9862, 9732, 9035
list, 9863, 9296, 9143
list, 9864, 8653, 8779
list, 9865, 8371, 8502
list, 9866, 9477, 8856
list, 9867, 9770, 9130
list, 9868, 9079, 9141
list, 9869, 9934, 9206
list, 9870, 9619, 8998
list, 9871, 9071, 9157
list, 9872, 8169, 9213
list, 9873, 8858, 9109
list, 9874, 8815, 9229
list, 9875, 9859, 9239
list, 9876, 9671, 9241
list, 9877, 9313, 9257
list, 9878, 8000, 8722
list, 9879, 9985, 8868
list, 9880, 9801, 8862
list, 9881, 9789, 9203
list, 9882, 8080, 8811
list, 9883, 7657, 7976
list, 9884, 8212, 8948
list, 9885, 8406, 9009
list, 9886, 9234, 9179
list, 9887, 9309, 8787
list, 9888, 9182, 9262
list, 9889, 9386, 9184
list, 9890, 8129, 9038
list, 9891, 9238, 8694
list, 9892, 8849, 9202
list, 9893, 8809, 8902
list, 9894, 8704, 9012
list, 9895, 7365, 9258
list, 9896, 9239, 9251
list, 9897, 8260, 8314
list, 9898, 6896, 8700
list, 9899, 8884, 9152
list, 9900, 9427, 9252
list, 9901, 8903, 9107
list, 9902, 8907, 9211
list, 9903, 8460, 8813
list, 9904, 8969, 8954
list, 9905, 8948, 9251
list, 9906, 9302, 9072
list, 9907, 8551, 9138
list, 9908, 9722, 9117
list, 9909, 9817, 9248
list, 9910, 8902, 9237
list, 9911, 9039, 8915
list, 9912, 8848, 8583
list, 9913, 7419, 7303
list, 9914, 9337, 9154
list, 9915, 9767, 9170
list, 9916, 9911, 8916
list, 9917, 9252, 8420
list, 9918, 7327, 9032
list, 9919, 8002, 9034
list, 9920, 8787, 9258
list, 9921, 9215, 9240
list, 9922, 9979, 9238
list, 9923, 9031, 8712
list, 9924, 9345, 8786
list, 9925, 9731, 9229
list, 9926, 9220, 7660
list, 9927, 8103, 9031
list, 9928, 8534, 9264
list, 9929, 8480, 9188
list, 9930, 9556, 8783
list, 9931, 8756, 8640
list, 9932, 9642, 9219
list, 9933, 9919, 9035
list, 9934, 9193, 9205
list, 9935, 9117, 8824
list, 9936, 9554, 9129
list, 9937, 8333, 8184
list, 9938, 9998, 9258
list, 9939, 9290, 9261
list, 9940, 9273, 9148
list, 9941, 9943, 8894
list, 9942, 8621, 8545
list, 9943, 9754, 8893
list, 9944, 9760, 9077
list, 9945, 9007, 8991
list, 9946, 9428, 9167
list, 9947, 9768, 9274
list, 9948, 9656, 9046
list, 9949, 8655, 9213
list, 9950, 9979, 9238
list, 9951, 9231, 8679
list, 9952, 9299, 8514
list, 9953, 9960, 9073
list, 9954, 8795, 8976
list, 9955, 9055, 9168
list, 9956, 9300, 9246
list, 9957, 9115, 9215
list, 9958, 9615, 9254
list, 9959, 9175, 9272
list, 9960, 9302, 9072
list, 9961, 9430, 9003
list, 9962, 9405, 9270
list, 9963, 8897, 9066
list, 9964, 9998, 9258
list, 9965, 8983, 9193
list, 9966, 8894, 9076
list, 9967, 8543, 8879
list, 9968, 9514, 9243
list, 9969, 9997, 9130
list, 9970, 8795, 8976
list, 9971, 9025, 9237
list, 9972, 9980, 9256
list, 9973, 7702, 9194
list, 9974, 8884, 9152
list, 9975, 9228, 9027
list, 9976, 9681, 9250
list, 9977, 6336, 7362
list, 9978, 9329, 9023
list, 9979, 9171, 9237
list, 9980, 8320, 9255
list, 9981, 9188, 9253
list, 9982, 8364, 8118
list, 9983, 9807, 9222
list, 9984, 9841, 9187
list, 9985, 7835, 8867
list, 9986, 8029, 8773
list, 9987, 8643, 9135
list, 9988, 9627, 9123
list, 9989, 9709, 8727
list, 9990, 9856, 8792
list, 9991, 8413, 8516
list, 9992, 9347, 9204
list, 9993, 9083, 8769
list, 9994, 8809, 8902
list, 9995, 9834, 9111
list, 9996, 9765, 9266
list, 9997, 9630, 9129
list, 9998, 9513, 9257
list, 9999, 8565, 9252
list, 10000, 9226, 9185
matrix, 1, 0, 0
matrix, 2, 1051, 516
matrix, 3, 356, 401
matrix, 4, 95, 36
matrix, 5, 975, 266
matrix, 6, 537, 119
matrix, 7, 1085, 105
matrix, 8, 34, 474
matrix, 9, 602, 186
matrix, 10, 709, 234
matrix, 11, 1288, 58
matrix, 12, 286, 3
matrix, 13, 441, 561
matrix, 14, 303, 312
matrix, 15, 1244, 884
matrix, 16, 795, 710
matrix, 17, 36, 43
matrix, 18, 32, 112
matrix, 19, 1154, 470
matrix, 20, 666, 383
matrix, 21, 1470, 1353
matrix, 22, 622, 527
matrix, 23, 1035, 423
matrix, 24, 1260, 835
matrix, 25, 171, 154
matrix, 26, 176, 341
matrix, 27, 169, 188
matrix, 28, 146, 1516
matrix, 29, 394, 436
matrix, 30, 86, 209
matrix, 31, 432, 202
matrix, 32, 321, 111
matrix, 33, 202, 525
matrix, 34, 150, 473
matrix, 35, 1466, 206
matrix, 36, 306, 42
matrix, 37, 470, 218
matrix, 38, 111, 290
matrix, 39, 514, 387
matrix, 40, 37, 219
matrix, 41, 1603, 791
matrix, 42, 374, 504
matrix, 43, 139, 227
matrix, 44, 467, 100
matrix, 45, 3550, 21
matrix, 46, 1644, 726
matrix, 47, 1087, 629
matrix, 48, 930, 957
matrix, 49, 499, 327
matrix, 50, 1247, 863
matrix, 51, 1129, 412
matrix, 52, 347, 159
matrix, 53, 869, 333
matrix, 54, 538, 324
matrix, 55, 292, 92
matrix, 56, 822, 421
matrix, 57, 165, 633
matrix, 58, 1304, 1649
matrix, 59, 143, 61
matrix, 60, 1626, 2053
matrix, 61, 2402, 1132
matrix, 62, 719, 31
matrix, 63, 2121, 2084
matrix, 64, 2346, 1202
matrix, 65, 689, 355
matrix, 66, 410, 331
matrix, 67, 797, 47
matrix, 68, 678, 643
matrix, 69, 216, 349
matrix, 70, 1292, 109
matrix, 71, 1002, 901
matrix, 72, 264, 40
matrix, 73, 1006, 656
matrix, 74, 1557, 464
matrix, 75, 589, 117
matrix, 76, 291, 12
matrix, 77, 173, 125
matrix, 78, 2004, 1223
matrix, 79, 1082, 801
matrix, 80, 44, 101
matrix, 81, 336, 308
matrix, 82, 435, 262
matrix, 83, 863, 460
matrix, 84, 552, 839
matrix, 85, 1888, 894
matrix, 86, 996, 208
matrix, 87, 920, 403
matrix, 88, 1588, 622
matrix, 89, 1231, 1311
matrix, 90, 2456, 907
matrix, 91, 39, 388
matrix, 92, 586, 405
matrix, 93, 288, 80
matrix, 94, 98, 19
matrix, 95, 201, 35
matrix, 96, 8, 475
matrix, 97, 703, 65
matrix, 98, 713, 18
matrix, 99, 1325, 1781
matrix, 100, 912, 277
matrix, 101, 198, 426
matrix, 102, 212, 122
matrix, 103, 546, 97
matrix, 104, 750, 548
matrix, 105, 2339, 556
matrix, 106, 758, 510
matrix, 107, 902, 671
matrix, 108, 1092, 457
matrix, 109, 177, 1541
matrix, 110, 3191, 229
matrix, 111, 570, 289
matrix, 112, 1094, 407
matrix, 113, 827, 713
matrix, 114, 254, 139
matrix, 115, 2104, 1075
matrix, 116, 1820, 156
matrix, 117, 1832, 558
matrix, 118, 1634, 729
matrix, 119, 818, 439
matrix, 120, 2137, 240
matrix, 121, 621, 303
matrix, 122, 6, 120
matrix, 123, 526, 292
matrix, 124, 1828, 396
matrix, 125, 989, 647
matrix, 126, 748, 319
matrix, 127, 465, 182
matrix, 128, 1813, 1625
matrix, 129, 2401, 1015
matrix, 130, 2075, 1543
matrix, 131, 898, 103
matrix, 132, 396, 10
matrix, 133, 484, 329
matrix, 134, 81, 309
matrix, 135, 721, 1364
matrix, 136, 2324, 566
matrix, 137, 311, 359
matrix, 138, 609, 575
matrix, 139, 215, 226
matrix, 140, 1619, 391
matrix, 141, 597, 251
matrix, 142, 387, 128
matrix, 143, 1492, 60
matrix, 144, 2510, 767
matrix, 145, 1965, 337
matrix, 146, 1257, 1515
matrix, 147, 5, 267
matrix, 148, 1, 1
matrix, 149, 1119, 343
matrix, 150, 804, 472
matrix, 151, 1971, 716
matrix, 152, 1936, 95
matrix, 153, 464, 448
matrix, 154, 2665, 1738
matrix, 155, 1344, 787
matrix, 156, 1148, 1416
matrix, 157, 448, 1013
matrix, 158, 1008, 63
matrix, 159, 433, 1052
matrix, 160, 231, 88
matrix, 161, 260, 5
matrix, 162, 904, 399
matrix, 163, 685, 654
matrix, 164, 1388, 738
matrix, 165, 335, 632
matrix, 166, 834, 485
matrix, 167, 1984, 1607
matrix, 168, 482, 543
matrix, 169, 9, 187
matrix, 170, 262, 27
matrix, 171, 520, 153
matrix, 172, 2196, 879
matrix, 173, 886, 124
matrix, 174, 296, 374
matrix, 175, 310, 626
matrix, 176, 749, 340
matrix, 177, 1670, 1540
matrix, 178, 643, 82
matrix, 179, 569, 221
matrix, 180, 301, 194
matrix, 181, 348, 847
matrix, 182, 2886, 178
matrix, 183, 444, 1064
matrix, 184, 1241, 1399
matrix, 185, 1267, 494
matrix, 186, 1712, 755
matrix, 187, 655, 75
matrix, 188, 1926, 1044
matrix, 189, 938, 658
matrix, 190, 427, 662
matrix, 191, 1553, 1896
matrix, 192, 2372, 173
matrix, 193, 476, 640
matrix, 194, 496, 523
matrix, 195, 18, 113
matrix, 196, 474, 133
matrix, 197, 127, 183
matrix, 198, 325, 425
matrix, 199, 161, 6
matrix, 200, 1594, 151
matrix, 201, 564, 34
matrix, 202, 194, 524
matrix, 203, 1448, 377
matrix, 204, 746, 275
matrix, 205, 807, 85
matrix, 206, 2058, 314
matrix, 207, 51, 413
matrix, 208, 1049, 1087
matrix, 209, 1378, 696
matrix, 210, 360, 693
matrix, 211, 2120, 1636
matrix, 212, 122, 121
matrix, 213, 830, 521
matrix, 214, 352, 259
matrix, 215, 536, 225
matrix, 216, 265, 348
matrix, 217, 1479, 1126
matrix, 218, 331, 468
matrix, 219, 2776, 830
matrix, 220, 440, 147
matrix, 221, 388, 23
matrix, 222, 91, 389
matrix, 223, 2399, 2063
matrix, 224, 297, 15
matrix, 225, 1265, 541
matrix, 226, 630, 745
matrix, 227, 1024, 733
matrix, 228, 497, 282
matrix, 229, 1982, 912
matrix, 230, 349, 757
matrix, 231, 1473, 87
matrix, 232, 1416, 479
matrix, 233, 575, 858
matrix, 234, 970, 794
matrix, 235, 650, 381
matrix, 236, 2718, 1314
matrix, 237, 1787, 1775
matrix, 238, 1326, 1536
matrix, 239, 392, 295
matrix, 240, 1047, 269
matrix, 241, 2692, 8
matrix, 242, 1020, 649
matrix, 243, 232, 480
matrix, 244, 806, 445
matrix, 245, 1131, 264
matrix, 246, 343, 69
matrix, 247, 517, 167
matrix, 248, 1751, 191
matrix, 249, 458, 1079
matrix, 250, 1614, 1038
matrix, 251, 593, 368
matrix, 252, 1387, 860
matrix, 253, 381, 78
matrix, 254, 771, 138
matrix, 255, 123, 293
matrix, 256, 221, 24
matrix, 257, 1089, 573
matrix, 258, 124, 397
matrix, 259, 1617, 1392
matrix, 260, 12, 4
matrix, 261, 79, 802
matrix, 262, 553, 26
matrix, 263, 858, 242
matrix, 264, 450, 39
matrix, 265, 702, 347
matrix, 266, 1079, 535
matrix, 267, 207, 414
matrix, 268, 742, 518
matrix, 269, 946, 799
matrix, 270, 246, 70
matrix, 271, 195, 114
matrix, 272, 659, 854
matrix, 273, 77, 126
matrix, 274, 528, 443
matrix, 275, 174, 375
matrix, 276, 228, 283
matrix, 277, 414, 196
matrix, 278, 375, 322
matrix, 279, 2064, 1305
matrix, 280, 1913, 1665
matrix, 281, 197, 184
matrix, 282, 1989, 1474
matrix, 283, 1042, 285
matrix, 284, 4080, 3258
matrix, 285, 1613, 1185
matrix, 286, 148, 2
matrix, 287, 896, 539
matrix, 288, 253, 79
matrix, 289, 1174, 964
matrix, 290, 832, 578
matrix, 291, 132, 11
matrix, 292, 686, 91
matrix, 293, 357, 784
matrix, 294, 337, 55
matrix, 295, 203, 378
matrix, 296, 979, 373
matrix, 297, 899, 14
matrix, 298, 85, 895
matrix, 299, 662, 497
matrix, 300, 294, 56
matrix, 301, 847, 193
matrix, 302, 1214, 1004
matrix, 303, 491, 311
matrix, 304, 361, 45
matrix, 305, 368, 652
matrix, 306, 72, 41
matrix, 307, 2161, 1821
matrix, 308, 960, 1193
matrix, 309, 41, 792
matrix, 310, 466, 625
matrix, 311, 762, 358
matrix, 312, 473, 687
matrix, 313, 1681, 2575
matrix, 314, 355, 180
matrix, 315, 1437, 571
matrix, 316, 917, 1166
matrix, 317, 773, 169
matrix, 318, 943, 616
matrix, 319, 1688, 2836
matrix, 320, 1361, 778
matrix, 321, 70, 110
matrix, 322, 138, 576
matrix, 323, 910, 930
matrix, 324, 1064, 610
matrix, 325, 23, 424
matrix, 326, 2037, 1437
matrix, 327, 358, 489
matrix, 328, 324, 611
matrix, 329, 1209, 551
matrix, 330, 1285, 1231
matrix, 331, 382, 467
matrix, 332, 110, 230
matrix, 333, 1581, 750
matrix, 334, 1365, 816
matrix, 335, 1033, 631
matrix, 336, 574, 307
matrix, 337, 439, 54
matrix, 338, 2644, 595
matrix, 339, 549, 506
matrix, 340, 1556, 249
matrix, 341, 954, 1156
matrix, 342, 1105, 970
matrix, 343, 1032, 68
matrix, 344, 112, 408
matrix, 345, 1058, 212
matrix, 346, 119, 440
matrix, 347, 959, 158
matrix, 348, 1284, 846
matrix, 349, 186, 756
matrix, 350, 1637, 1501
matrix, 351, 984, 143
matrix, 352, 805, 258
matrix, 353, 153, 449
matrix, 354, 576, 537
matrix, 355, 182, 179
matrix, 356, 162, 400
matrix, 357, 1019, 783
matrix, 358, 646, 488
matrix, 359, 1709, 890
matrix, 360, 1781, 692
matrix, 361, 17, 44
matrix, 362, 567, 199
matrix, 363, 539, 365
matrix, 364, 892, 707
matrix, 365, 845, 876
matrix, 366, 239, 296
matrix, 367, 1368, 928
matrix, 368, 1373, 651
matrix, 369, 922, 161
matrix, 370, 1135, 1357
matrix, 371, 452, 1366
matrix, 372, 1958, 1555
matrix, 373, 417, 677
matrix, 374, 1287, 503
matrix, 375, 1239, 321
matrix, 376, 363, 366
matrix, 377, 250, 1039
matrix, 378, 1469, 1058
matrix, 379, 24, 836
matrix, 380, 839, 299
matrix, 381, 764, 77
matrix, 382, 1115, 466
matrix, 383, 603, 683
matrix, 384, 1408, 1282
matrix, 385, 1938, 1765
matrix, 386, 780, 701
matrix, 387, 273, 127
matrix, 388, 45, 22
matrix, 389, 641, 843
matrix, 390, 2816, 1163
matrix, 391, 1300, 272
matrix, 392, 255, 294
matrix, 393, 2205, 370
matrix, 394, 767, 435
matrix, 395, 2584, 740
matrix, 396, 241, 9
matrix, 397, 1160, 719
matrix, 398, 1871, 1814
matrix, 399, 1517, 136
matrix, 400, 391, 273
matrix, 401, 351, 144
matrix, 402, 651, 988
matrix, 403, 2029, 774
matrix, 404, 1053, 483
matrix, 405, 2478, 1472
matrix, 406, 4, 37
matrix, 407, 1500, 1263
matrix, 408, 1081, 1195
matrix, 409, 2423, 813
matrix, 410, 133, 330
matrix, 411, 1611, 919
matrix, 412, 2810, 804
matrix, 413, 1198, 1246
matrix, 414, 180, 195
matrix, 415, 2783, 1449
matrix, 416, 1141, 939
matrix, 417, 731, 676
matrix, 418, 516, 256
matrix, 419, 993, 1212
matrix, 420, 271, 115
matrix, 421, 623, 165
matrix, 422, 178, 83
matrix, 423, 953, 922
matrix, 424, 2529, 2474
matrix, 425, 181, 848
matrix, 426, 1116, 899
matrix, 427, 1767, 661
matrix, 428, 2265, 587
matrix, 429, 2032, 1260
matrix, 430, 369, 162
matrix, 431, 1276, 363
matrix, 432, 1400, 201
matrix, 433, 1367, 1051
matrix, 434, 214, 260
matrix, 435, 434, 261
matrix, 436, 397, 720
matrix, 437, 611, 568
matrix, 438, 1293, 546
matrix, 439, 2023, 53
matrix, 440, 463, 146
matrix, 441, 634, 560
matrix, 442, 1322, 999
matrix, 443, 1371, 1562
matrix, 444, 582, 1063
matrix, 445, 1003, 1114
matrix, 446, 68, 644
matrix, 447, 876, 232
matrix, 448, 1451, 1012
matrix, 449, 670, 699
matrix, 450, 406, 38
matrix, 451, 267, 415
matrix, 452, 135, 1365
matrix, 453, 455, 635
matrix, 454, 1895, 1685
matrix, 455, 57, 634
matrix, 456, 478, 1505
matrix, 457, 365, 877
matrix, 458, 2169, 1078
matrix, 459, 2321, 933
matrix, 460, 1150, 1020
matrix, 461, 53, 334
matrix, 462, 389, 844
matrix, 463, 401, 145
matrix, 464, 1037, 447
matrix, 465, 314, 181
matrix, 466, 1004, 624
matrix, 467, 978, 99
matrix, 468, 1393, 1324
matrix, 469, 668, 723
matrix, 470, 534, 217
matrix, 471, 712, 393
matrix, 472, 955, 589
matrix, 473, 1271, 686
matrix, 474, 885, 132
matrix, 475, 600, 666
matrix, 476, 1068, 639
matrix, 477, 30, 210
matrix, 478, 1987, 1504
matrix, 479, 1104, 1105
matrix, 480, 118, 730
matrix, 481, 295, 379
matrix, 482, 225, 542
matrix, 483, 299, 498
matrix, 484, 49, 328
matrix, 485, 1230, 215
matrix, 486, 277, 197
matrix, 487, 84, 840
matrix, 488, 573, 1042
matrix, 489, 660, 681
matrix, 490, 1453, 1638
matrix, 491, 134, 310
matrix, 492, 1208, 72
matrix, 493, 724, 826
matrix, 494, 698, 317
matrix, 495, 1846, 1972
matrix, 496, 213, 522
matrix, 497, 1465, 281
matrix, 498, 761, 175
matrix, 499, 1572, 326
matrix, 500, 590, 1054
matrix, 501, 1128, 1280
matrix, 502, 915, 1084
matrix, 503, 100, 278
matrix, 504, 663, 1344
matrix, 505, 782, 753
matrix, 506, 907, 429
matrix, 507, 208, 1088
matrix, 508, 1621, 1237
matrix, 509, 737, 254
matrix, 510, 772, 905
matrix, 511, 1710, 1404
matrix, 512, 339, 507
matrix, 513, 1102, 513
matrix, 514, 1802, 386
matrix, 515, 1323, 1794
matrix, 516, 509, 255
matrix, 517, 421, 166
matrix, 518, 620, 501
matrix, 519, 1355, 1985
matrix, 520, 200, 152
matrix, 521, 675, 237
matrix, 522, 2361, 1253
matrix, 523, 71, 902
matrix, 524, 1600, 1708
matrix, 525, 950, 597
matrix, 526, 38, 291
matrix, 527, 941, 868
matrix, 528, 1778, 442
matrix, 529, 1424, 1320
matrix, 530, 1488, 1116
matrix, 531, 1144, 1954
matrix, 532, 154, 1739
matrix, 533, 175, 627
matrix, 534, 485, 216
matrix, 535, 46, 727
matrix, 536, 1029, 224
matrix, 537, 75, 118
matrix, 538, 278, 323
matrix, 539, 431, 364
matrix, 540, 665, 130
matrix, 541, 379, 837
matrix, 542, 1482, 941
matrix, 543, 2264, 618
matrix, 544, 329, 552
matrix, 545, 1461, 972
matrix, 546, 152, 96
matrix, 547, 1274, 991
matrix, 548, 550, 1852
matrix, 549, 42, 505
matrix, 550, 1891, 1851
matrix, 551, 67, 48
matrix, 552, 541, 838
matrix, 553, 256, 25
matrix, 554, 1264, 1445
matrix, 555, 647, 762
matrix, 556, 472, 590
matrix, 557, 565, 736
matrix, 558, 808, 796
matrix, 559, 594, 345
matrix, 560, 661, 743
matrix, 561, 469, 724
matrix, 562, 694, 353
matrix, 563, 1063, 532
matrix, 564, 687, 33
matrix, 565, 638, 735
matrix, 566, 527, 869
matrix, 567, 486, 198
matrix, 568, 3913, 1798
matrix, 569, 40, 220
matrix, 570, 1015, 288
matrix, 571, 637, 822
matrix, 572, 690, 961
matrix, 573, 757, 1041
matrix, 574, 951, 306
matrix, 575, 977, 857
matrix, 576, 266, 536
matrix, 577, 373, 678
matrix, 578, 774, 690
matrix, 579, 842, 819
matrix, 580, 1865, 1424
matrix, 581, 3578, 781
matrix, 582, 1566, 1062
matrix, 583, 2559, 1934
matrix, 584, 1056, 764
matrix, 585, 2166, 1145
matrix, 586, 87, 404
matrix, 587, 2432, 1457
matrix, 588, 1861, 2294
matrix, 589, 420, 116
matrix, 590, 159, 1053
matrix, 591, 2090, 1641
matrix, 592, 1067, 1338
matrix, 593, 376, 367
matrix, 594, 149, 344
matrix, 595, 1797, 946
matrix, 596, 756, 607
matrix, 597, 340, 250
matrix, 598, 1173, 1397
matrix, 599, 558, 797
matrix, 600, 1216, 665
matrix, 601, 1789, 1960
matrix, 602, 281, 185
matrix, 603, 489, 682
matrix, 604, 2189, 1478
matrix, 605, 1935, 1947
matrix, 606, 947, 602
matrix, 607, 2623, 1492
matrix, 608, 3020, 2222
matrix, 609, 257, 574
matrix, 610, 755, 1030
matrix, 611, 136, 567
matrix, 612, 2153, 2147
matrix, 613, 3878, 2335
matrix, 614, 249, 1080
matrix, 615, 453, 636
matrix, 616, 691, 51
matrix, 617, 189, 659
matrix, 618, 759, 1848
matrix, 619, 2861, 141
matrix, 620, 2073, 500
matrix, 621, 1363, 302
matrix, 622, 33, 526
matrix, 623, 1114, 164
matrix, 624, 129, 1016
matrix, 625, 1723, 1705
matrix, 626, 1497, 1610
matrix, 627, 684, 529
matrix, 628, 471, 394
matrix, 629, 1398, 1627
matrix, 630, 560, 744
matrix, 631, 437, 569
matrix, 632, 697, 1234
matrix, 633, 344, 409
matrix, 634, 117, 559
matrix, 635, 31, 203
matrix, 636, 2719, 2583
matrix, 637, 1454, 821
matrix, 638, 227, 734
matrix, 639, 4416, 1187
matrix, 640, 28, 1517
matrix, 641, 1427, 842
matrix, 642, 584, 765
matrix, 643, 93, 81
matrix, 644, 1219, 1241
matrix, 645, 1726, 1533
matrix, 646, 1146, 487
matrix, 647, 927, 761
matrix, 648, 1076, 1207
matrix, 649, 763, 882
matrix, 650, 481, 380
matrix, 651, 1339, 987
matrix, 652, 1501, 1294
matrix, 653, 1539, 1205
matrix, 654, 280, 1666
matrix, 655, 752, 74
matrix, 656, 2572, 1646
matrix, 657, 607, 1493
matrix, 658, 1379, 852
matrix, 659, 658, 853
matrix, 660, 695, 680
matrix, 661, 1743, 742
matrix, 662, 972, 496
matrix, 663, 733, 1343
matrix, 664, 1683, 1178
matrix, 665, 142, 129
matrix, 666, 235, 382
matrix, 667, 168, 544
matrix, 668, 903, 722
matrix, 669, 729, 915
matrix, 670, 674, 698
matrix, 671, 2800, 1678
matrix, 672, 1366, 959
matrix, 673, 1518, 582
matrix, 674, 209, 697
matrix, 675, 1215, 236
matrix, 676, 958, 865
matrix, 677, 151, 717
matrix, 678, 1030, 642
matrix, 679, 2475, 1996
matrix, 680, 944, 605
matrix, 681, 1272, 810
matrix, 682, 1046, 1141
matrix, 683, 857, 1172
matrix, 684, 22, 528
matrix, 685, 305, 653
matrix, 686, 1077, 90
matrix, 687, 62, 32
matrix, 688, 137, 360
matrix, 689, 562, 354
matrix, 690, 672, 960
matrix, 691, 906, 50
matrix, 692, 1740, 1855
matrix, 693, 2818, 2385
matrix, 694, 799, 352
matrix, 695, 577, 679
matrix, 696, 312, 688
matrix, 697, 1057, 1233
matrix, 698, 800, 316
matrix, 699, 2078, 1272
matrix, 700, 849, 451
matrix, 701, 317, 170
matrix, 702, 559, 346
matrix, 703, 158, 64
matrix, 704, 542, 942
matrix, 705, 226, 746
matrix, 706, 929, 1455
matrix, 707, 894, 613
matrix, 708, 999, 759
matrix, 709, 447, 233
matrix, 710, 676, 866
matrix, 711, 1962, 2765
matrix, 712, 140, 392
matrix, 713, 1093, 17
matrix, 714, 1759, 1121
matrix, 715, 824, 993
matrix, 716, 1186, 2030
matrix, 717, 345, 213
matrix, 718, 1350, 1097
matrix, 719, 2493, 30
matrix, 720, 2134, 772
matrix, 721, 1933, 1363
matrix, 722, 2093, 1926
matrix, 723, 1901, 453
matrix, 724, 1700, 825
matrix, 725, 196, 134
matrix, 726, 673, 583
matrix, 727, 890, 1069
matrix, 728, 1317, 1369
matrix, 729, 1685, 914
matrix, 730, 1532, 1028
matrix, 731, 1179, 675
matrix, 732, 1477, 1467
matrix, 733, 1225, 1342
matrix, 734, 7, 106
matrix, 735, 96, 476
matrix, 736, 172, 880
matrix, 737, 747, 253
matrix, 738, 2077, 1440
matrix, 739, 1238, 1161
matrix, 740, 2948, 3026
matrix, 741, 55, 93
matrix, 742, 2, 517
matrix, 743, 556, 591
matrix, 744, 1171, 1216
matrix, 745, 384, 1283
matrix, 746, 400, 274
matrix, 747, 141, 252
matrix, 748, 494, 318
matrix, 749, 1211, 339
matrix, 750, 438, 547
matrix, 751, 1195, 1150
matrix, 752, 492, 73
matrix, 753, 932, 462
matrix, 754, 2208, 1886
matrix, 755, 730, 1029
matrix, 756, 680, 606
matrix, 757, 377, 1040
matrix, 758, 3685, 509
matrix, 759, 1706, 1847
matrix, 760, 475, 667
matrix, 761, 192, 174
matrix, 762, 878, 357
matrix, 763, 736, 881
matrix, 764, 187, 76
matrix, 765, 1809, 1266
matrix, 766, 1825, 1129
matrix, 767, 1579, 434
matrix, 768, 1061, 417
matrix, 769, 1967, 1199
matrix, 770, 1147, 1355
matrix, 771, 399, 137
matrix, 772, 1113, 904
matrix, 773, 247, 168
matrix, 774, 696, 689
matrix, 775, 2643, 2228
matrix, 776, 326, 1438
matrix, 777, 1330, 669
matrix, 778, 2845, 1225
matrix, 779, 571, 823
matrix, 780, 449, 700
matrix, 781, 2177, 2306
matrix, 782, 2002, 752
matrix, 783, 880, 980
matrix, 784, 1163, 1035
matrix, 785, 701, 171
matrix, 786, 170, 28
matrix, 787, 2676, 1732
matrix, 788, 1467, 948
matrix, 789, 831, 247
matrix, 790, 1639, 1221
matrix, 791, 723, 454
matrix, 792, 1278, 1008
matrix, 793, 1432, 1018
matrix, 794, 1259, 673
matrix, 795, 868, 709
matrix, 796, 2396, 1819
matrix, 797, 304, 46
matrix, 798, 1484, 1586
matrix, 799, 881, 351
matrix, 800, 206, 315
matrix, 801, 461, 335
matrix, 802, 386, 702
matrix, 803, 2246, 2484
matrix, 804, 19, 471
matrix, 805, 418, 257
matrix, 806, 274, 444
matrix, 807, 422, 84
matrix, 808, 234, 795
matrix, 809, 1959, 2435
matrix, 810, 101, 427
matrix, 811, 429, 1261
matrix, 812, 1376, 967
matrix, 813, 2601, 2593
matrix, 814, 1563, 1451
matrix, 815, 1184, 1379
matrix, 816, 1098, 1082
matrix, 817, 1970, 1673
matrix, 818, 1038, 438
matrix, 819, 2526, 1791
matrix, 820, 4066, 1874
matrix, 821, 1234, 909
matrix, 822, 2279, 420
matrix, 823, 855, 1001
matrix, 824, 547, 992
matrix, 825, 1249, 1426
matrix, 826, 3341, 1978
matrix, 827, 1078, 712
matrix, 828, 64, 1203
matrix, 829, 290, 579
matrix, 830, 1810, 520
matrix, 831, 1205, 246
matrix, 832, 322, 577
matrix, 833, 1101, 1512
matrix, 834, 404, 484
matrix, 835, 1823, 1581
matrix, 836, 2436, 2277
matrix, 837, 1598, 1615
matrix, 838, 2156, 1430
matrix, 839, 1021, 298
matrix, 840, 1109, 1631
matrix, 841, 1254, 600
matrix, 842, 1438, 818
matrix, 843, 409, 814
matrix, 844, 596, 608
matrix, 845, 1554, 875
matrix, 846, 1382, 1219
matrix, 847, 248, 192
matrix, 848, 1910, 1373
matrix, 849, 353, 450
matrix, 850, 1844, 1153
matrix, 851, 503, 279
matrix, 852, 901, 770
matrix, 853, 1433, 1108
matrix, 854, 2876, 1249
matrix, 855, 442, 1000
matrix, 856, 792, 1009
matrix, 857, 923, 1171
matrix, 858, 120, 241
matrix, 859, 2395, 2015
matrix, 860, 2049, 977
matrix, 861, 937, 1420
matrix, 862, 106, 511
matrix, 863, 1096, 459
matrix, 864, 1996, 1497
matrix, 865, 1903, 807
matrix, 866, 2514, 1712
matrix, 867, 2065, 1359
matrix, 868, 364, 708
matrix, 869, 66, 332
matrix, 870, 986, 955
matrix, 871, 1866, 1274
matrix, 872, 1329, 1025
matrix, 873, 1596, 2783
matrix, 874, 949, 1656
matrix, 875, 27, 189
matrix, 876, 332, 231
matrix, 877, 2103, 2091
matrix, 878, 65, 356
matrix, 879, 640, 1518
matrix, 880, 1145, 979
matrix, 881, 69, 350
matrix, 882, 1335, 1523
matrix, 883, 1152, 1567
matrix, 884, 1172, 1527
matrix, 885, 540, 131
matrix, 886, 102, 123
matrix, 887, 3141, 149
matrix, 888, 1164, 1383
matrix, 889, 664, 1179
matrix, 890, 1354, 1068
matrix, 891, 1295, 1836
matrix, 892, 2106, 706
matrix, 893, 167, 1608
matrix, 894, 328, 612
matrix, 895, 2716, 1801
matrix, 896, 354, 538
matrix, 897, 2111, 1510
matrix, 898, 80, 102
matrix, 899, 76, 13
matrix, 900, 2096, 2521
matrix, 901, 1435, 769
matrix, 902, 777, 670
matrix, 903, 436, 721
matrix, 904, 258, 398
matrix, 905, 2027, 1720
matrix, 906, 551, 49
matrix, 907, 810, 428
matrix, 908, 853, 1109
matrix, 909, 1662, 1602
matrix, 910, 367, 929
matrix, 911, 1812, 984
matrix, 912, 204, 276
matrix, 913, 1548, 244
matrix, 914, 121, 304
matrix, 915, 816, 1083
matrix, 916, 974, 1033
matrix, 917, 1674, 1165
matrix, 918, 1457, 1654
matrix, 919, 840, 1632
matrix, 920, 3, 402
matrix, 921, 341, 1157
matrix, 922, 52, 160
matrix, 923, 1018, 1170
matrix, 924, 104, 549
matrix, 925, 2677, 1617
matrix, 926, 320, 779
matrix, 927, 708, 760
matrix, 928, 1733, 1613
matrix, 929, 1555, 1454
matrix, 930, 870, 956
matrix, 931, 2785, 2523
matrix, 932, 83, 461
matrix, 933, 1503, 1335
matrix, 934, 2767, 1046
matrix, 935, 1642, 1111
matrix, 936, 2277, 2667
matrix, 937, 1218, 1419
matrix, 938, 73, 657
matrix, 939, 2256, 1268
matrix, 940, 727, 1070
matrix, 941, 710, 867
matrix, 942, 3680, 1278
matrix, 943, 1073, 615
matrix, 944, 2390, 604
matrix, 945, 2184, 2235
matrix, 946, 599, 798
matrix, 947, 841, 601
matrix, 948, 1748, 2620
matrix, 949, 918, 1655
matrix, 950, 338, 596
matrix, 951, 914, 305
matrix, 952, 2906, 1727
matrix, 953, 1156, 921
matrix, 954, 1635, 1155
matrix, 955, 428, 588
matrix, 956, 865, 808
matrix, 957, 2562, 1951
matrix, 958, 50, 864
matrix, 959, 116, 157
matrix, 960, 1838, 1192
matrix, 961, 2404, 2519
matrix, 962, 1944, 1291
matrix, 963, 1722, 1529
matrix, 964, 1821, 2057
matrix, 965, 1584, 1620
matrix, 966, 2030, 1725
matrix, 967, 2300, 1906
matrix, 968, 633, 410
matrix, 969, 1206, 1699
matrix, 970, 309, 793
matrix, 971, 788, 949
matrix, 972, 185, 495
matrix, 973, 1650, 1634
matrix, 974, 1321, 1032
matrix, 975, 245, 265
matrix, 976, 2379, 1716
matrix, 977, 1213, 856
matrix, 978, 103, 98
matrix, 979, 1623, 372
matrix, 980, 1283, 1091
matrix, 981, 2503, 1210
matrix, 982, 1258, 982
matrix, 983, 1529, 1411
matrix, 984, 619, 142
matrix, 985, 933, 1336
matrix, 986, 1125, 954
matrix, 987, 156, 1417
matrix, 988, 1882, 2111
matrix, 989, 1359, 646
matrix, 990, 1696, 1361
matrix, 991, 1976, 492
matrix, 992, 480, 731
matrix, 993, 981, 1211
matrix, 994, 1889, 432
matrix, 995, 2012, 1596
matrix, 996, 35, 207
matrix, 997, 645, 1534
matrix, 998, 1947, 1276
matrix, 999, 230, 758
matrix, 1000, 820, 1875
matrix, 1001, 1377, 1520
matrix, 1002, 426, 900
matrix, 1003, 1199, 1113
matrix, 1004, 88, 623
matrix, 1005, 279, 1306
matrix, 1006, 163, 655
matrix, 1007, 2320, 1723
matrix, 1008, 59, 62
matrix, 1009, 1201, 1123
matrix, 1010, 2373, 1878
matrix, 1011, 2232, 3207
matrix, 1012, 2898, 2009
matrix, 1013, 2674, 832
matrix, 1014, 5092, 3649
matrix, 1015, 1762, 287
matrix, 1016, 2021, 1993
matrix, 1017, 1689, 2538
matrix, 1018, 2805, 1169
matrix, 1019, 581, 782
matrix, 1020, 125, 648
matrix, 1021, 366, 297
matrix, 1022, 1013, 833
matrix, 1023, 1495, 1381
matrix, 1024, 992, 732
matrix, 1025, 1340, 926
matrix, 1026, 718, 1098
matrix, 1027, 61, 1133
matrix, 1028, 1084, 1771
matrix, 1029, 1568, 223
matrix, 1030, 193, 641
matrix, 1031, 1592, 828
matrix, 1032, 1090, 67
matrix, 1033, 47, 630
matrix, 1034, 2496, 3065
matrix, 1035, 56, 422
matrix, 1036, 1873, 1298
matrix, 1037, 244, 446
matrix, 1038, 29, 437
matrix, 1039, 2020, 1746
matrix, 1040, 2054, 1434
matrix, 1041, 1761, 2023
matrix, 1042, 276, 284
matrix, 1043, 1744, 924
matrix, 1044, 1334, 1049
matrix, 1045, 3469, 2916
matrix, 1046, 2710, 1140
matrix, 1047, 147, 268
matrix, 1048, 15, 885
matrix, 1049, 2688, 1086
matrix, 1050, 3119, 3371
matrix, 1051, 1127, 515
matrix, 1052, 1091, 1309
matrix, 1053, 1852, 482
matrix, 1054, 704, 943
matrix, 1055, 13, 562
matrix, 1056, 555, 763
matrix, 1057, 330, 1232
matrix, 1058, 477, 211
matrix, 1059, 864, 1498
matrix, 1060, 1194, 1422
matrix, 1061, 451, 416
matrix, 1062, 963, 1530
matrix, 1063, 1342, 531
matrix, 1064, 844, 609
matrix, 1065, 2209, 1662
matrix, 1066, 812, 968
matrix, 1067, 985, 1337
matrix, 1068, 1850, 638
matrix, 1069, 1608, 1485
matrix, 1070, 2363, 2082
matrix, 1071, 1315, 1490
matrix, 1072, 1392, 1287
matrix, 1073, 707, 614
matrix, 1074, 563, 533
matrix, 1075, 522, 1254
matrix, 1076, 653, 1206
matrix, 1077, 160, 89
matrix, 1078, 16, 711
matrix, 1079, 1074, 534
matrix, 1080, 2113, 892
matrix, 1081, 308, 1194
matrix, 1082, 269, 800
matrix, 1083, 2464, 2246
matrix, 1084, 1757, 1770
matrix, 1085, 131, 104
matrix, 1086, 1607, 2002
matrix, 1087, 533, 628
matrix, 1088, 190, 663
matrix, 1089, 315, 572
matrix, 1090, 97, 66
matrix, 1091, 2236, 1308
matrix, 1092, 1316, 456
matrix, 1093, 224, 16
matrix, 1094, 92, 406
matrix, 1095, 856, 1010
matrix, 1096, 108, 458
matrix, 1097, 371, 1367
matrix, 1098, 614, 1081
matrix, 1099, 2958, 1759
matrix, 1100, 745, 1284
matrix, 1101, 897, 1511
matrix, 1102, 862, 512
matrix, 1103, 671, 1679
matrix, 1104, 1868, 1104
matrix, 1105, 1066, 969
matrix, 1106, 2080, 1244
matrix, 1107, 2114, 1893
matrix, 1108, 1993, 776
matrix, 1109, 1362, 1630
matrix, 1110, 2611, 2285
matrix, 1111, 1732, 1548
matrix, 1112, 1616, 1898
matrix, 1113, 523, 903
matrix, 1114, 430, 163
matrix, 1115, 74, 465
matrix, 1116, 1705, 898
matrix, 1117, 1462, 1623
matrix, 1118, 1738, 1073
matrix, 1119, 26, 342
matrix, 1120, 1273, 871
matrix, 1121, 1593, 1316
matrix, 1122, 402, 989
matrix, 1123, 504, 1345
matrix, 1124, 939, 1269
matrix, 1125, 1632, 953
matrix, 1126, 1660, 2042
matrix, 1127, 513, 514
matrix, 1128, 942, 1279
matrix, 1129, 968, 411
matrix, 1130, 2061, 2183
matrix, 1131, 82, 263
matrix, 1132, 1929, 1575
matrix, 1133, 1055, 563
matrix, 1134, 2746, 1660
matrix, 1135, 770, 1356
matrix, 1136, 456, 1506
matrix, 1137, 2433, 2503
matrix, 1138, 2841, 2964
matrix, 1139, 1528, 554
matrix, 1140, 468, 1325
matrix, 1141, 1256, 938
matrix, 1142, 238, 1537
matrix, 1143, 529, 1321
matrix, 1144, 1203, 1953
matrix, 1145, 860, 978
matrix, 1146, 166, 486
matrix, 1147, 21, 1354
matrix, 1148, 1149, 1415
matrix, 1149, 1314, 1414
matrix, 1150, 793, 1019
matrix, 1151, 378, 1059
matrix, 1152, 2424, 1566
matrix, 1153, 383, 684
matrix, 1154, 218, 469
matrix, 1155, 2793, 2446
matrix, 1156, 411, 920
matrix, 1157, 1604, 620
matrix, 1158, 1027, 1134
matrix, 1159, 823, 1002
matrix, 1160, 677, 718
matrix, 1161, 980, 1092
matrix, 1162, 821, 910
matrix, 1163, 916, 1034
matrix, 1164, 1023, 1382
matrix, 1165, 1374, 1982
matrix, 1166, 681, 811
matrix, 1167, 4026, 2599
matrix, 1168, 683, 1173
matrix, 1169, 2825, 3503
matrix, 1170, 2071, 2219
matrix, 1171, 2755, 1215
matrix, 1172, 1413, 1526
matrix, 1173, 2796, 1396
matrix, 1174, 2685, 963
matrix, 1175, 3349, 2159
matrix, 1176, 1352, 1318
matrix, 1177, 1980, 2409
matrix, 1178, 1384, 2069
matrix, 1179, 794, 674
matrix, 1180, 1730, 1749
matrix, 1181, 817, 1674
matrix, 1182, 2227, 1546
matrix, 1183, 3363, 1908
matrix, 1184, 1884, 1378
matrix, 1185, 2009, 974
matrix, 1186, 1879, 2029
matrix, 1187, 1143, 1322
matrix, 1188, 1054, 944
matrix, 1189, 940, 1071
matrix, 1190, 635, 204
matrix, 1191, 604, 1479
matrix, 1192, 705, 747
matrix, 1193, 2967, 1386
matrix, 1194, 861, 1421
matrix, 1195, 1458, 1149
matrix, 1196, 2003, 2996
matrix, 1197, 1590, 2101
matrix, 1198, 1106, 1245
matrix, 1199, 935, 1112
matrix, 1200, 1995, 1599
matrix, 1201, 714, 1122
matrix, 1202, 2095, 1327
matrix, 1203, 957, 1952
matrix, 1204, 1890, 2059
matrix, 1205, 913, 245
matrix, 1206, 2191, 1698
matrix, 1207, 1806, 1974
matrix, 1208, 270, 71
matrix, 1209, 924, 550
matrix, 1210, 2150, 1690
matrix, 1211, 145, 338
matrix, 1212, 2636, 2137
matrix, 1213, 272, 855
matrix, 1214, 1159, 1003
matrix, 1215, 10, 235
matrix, 1216, 1088, 664
matrix, 1217, 1880, 585
matrix, 1218, 987, 1418
matrix, 1219, 2521, 1240
matrix, 1220, 829, 580
matrix, 1221, 2014, 1464
matrix, 1222, 3048, 1376
matrix, 1223, 688, 361
matrix, 1224, 2110, 1729
matrix, 1225, 1694, 1341
matrix, 1226, 3368, 1940
matrix, 1227, 2051, 1920
matrix, 1228, 639, 1188
matrix, 1229, 2086, 1694
matrix, 1230, 717, 214
matrix, 1231, 1052, 1310
matrix, 1232, 744, 1217
matrix, 1233, 511, 1405
matrix, 1234, 90, 908
matrix, 1235, 1954, 2150
matrix, 1236, 2348, 2061
matrix, 1237, 4143, 2642
matrix, 1238, 2563, 1160
matrix, 1239, 126, 320
matrix, 1240, 530, 1117
matrix, 1241, 598, 1398
matrix, 1242, 1290, 935
matrix, 1243, 1615, 1918
matrix, 1244, 649, 883
matrix, 1245, 1824, 1175
matrix, 1246, 1878, 2606
matrix, 1247, 1605, 862
matrix, 1248, 2342, 2396
matrix, 1249, 580, 1425
matrix, 1250, 1009, 1124
matrix, 1251, 223, 2064
matrix, 1252, 1860, 2371
matrix, 1253, 454, 1686
matrix, 1254, 1570, 599
matrix, 1255, 2183, 850
matrix, 1256, 1707, 937
matrix, 1257, 1911, 1514
matrix, 1258, 783, 981
matrix, 1259, 107, 672
matrix, 1260, 1022, 834
matrix, 1261, 1026, 1099
matrix, 1262, 2618, 2546
matrix, 1263, 4232, 3781
matrix, 1264, 1772, 1444
matrix, 1265, 287, 540
matrix, 1266, 183, 1065
matrix, 1267, 991, 493
matrix, 1268, 1126, 2043
matrix, 1269, 1405, 1183
matrix, 1270, 2421, 1805
matrix, 1271, 1153, 685
matrix, 1272, 956, 809
matrix, 1273, 566, 870
matrix, 1274, 1122, 990
matrix, 1275, 1668, 1786
matrix, 1276, 1223, 362
matrix, 1277, 1380, 1980
matrix, 1278, 1979, 1007
matrix, 1279, 2517, 1181
matrix, 1280, 3279, 2290
matrix, 1281, 479, 1106
matrix, 1282, 1940, 1350
matrix, 1283, 1297, 1090
matrix, 1284, 462, 845
matrix, 1285, 1449, 1230
matrix, 1286, 1887, 2438
matrix, 1287, 518, 502
matrix, 1288, 300, 57
matrix, 1289, 4372, 1824
matrix, 1290, 459, 934
matrix, 1291, 1327, 1937
matrix, 1292, 1780, 108
matrix, 1293, 667, 545
matrix, 1294, 2145, 873
matrix, 1295, 1422, 1835
matrix, 1296, 2217, 2124
matrix, 1297, 507, 1089
matrix, 1298, 1766, 1735
matrix, 1299, 2325, 1573
matrix, 1300, 1853, 271
matrix, 1301, 1680, 2347
matrix, 1302, 506, 430
matrix, 1303, 874, 1657
matrix, 1304, 1425, 1648
matrix, 1305, 2212, 2747
matrix, 1306, 2119, 2242
matrix, 1307, 398, 1815
matrix, 1308, 1530, 995
matrix, 1309, 2133, 1402
matrix, 1310, 2507, 1844
matrix, 1311, 1531, 1481
matrix, 1312, 1112, 1899
matrix, 1313, 728, 1370
matrix, 1314, 1633, 1413
matrix, 1315, 1799, 1489
matrix, 1316, 791, 455
matrix, 1317, 1097, 1368
matrix, 1318, 2258, 2433
matrix, 1319, 2112, 2175
matrix, 1320, 2508, 1095
matrix, 1321, 610, 1031
matrix, 1322, 1876, 998
matrix, 1323, 2288, 1793
matrix, 1324, 743, 592
matrix, 1325, 1739, 1780
matrix, 1326, 997, 1535
matrix, 1327, 2789, 1936
matrix, 1328, 3745, 3331
matrix, 1329, 1728, 1024
matrix, 1330, 760, 668
matrix, 1331, 682, 1142
matrix, 1332, 2329, 917
matrix, 1333, 1370, 1256
matrix, 1334, 1900, 1048
matrix, 1335, 1863, 1522
matrix, 1336, 2740, 1910
matrix, 1337, 1741, 1778
matrix, 1338, 1578, 1588
matrix, 1339, 1841, 986
matrix, 1340, 1043, 925
matrix, 1341, 1235, 2151
matrix, 1342, 627, 530
matrix, 1343, 872, 1026
matrix, 1344, 1620, 786
matrix, 1345, 2036, 1460
matrix, 1346, 965, 1621
matrix, 1347, 802, 703
matrix, 1348, 1207, 1975
matrix, 1349, 2460, 2226
matrix, 1350, 1320, 1096
matrix, 1351, 1526, 1408
matrix, 1352, 1121, 1317
matrix, 1353, 2282, 1696
matrix, 1354, 1815, 1067
matrix, 1355, 3771, 1984
matrix, 1356, 407, 1264
matrix, 1357, 1440, 1604
matrix, 1358, 2924, 2382
matrix, 1359, 446, 645
matrix, 1360, 2117, 2075
matrix, 1361, 1108, 777
matrix, 1362, 3439, 1629
matrix, 1363, 1776, 301
matrix, 1364, 1099, 1760
matrix, 1365, 843, 815
matrix, 1366, 48, 958
matrix, 1367, 1044, 1050
matrix, 1368, 1025, 927
matrix, 1369, 751, 1151
matrix, 1370, 1075, 1255
matrix, 1371, 1716, 1561
matrix, 1372, 2480, 2119
matrix, 1373, 242, 650
matrix, 1374, 1277, 1981
matrix, 1375, 1952, 1768
matrix, 1376, 1428, 966
matrix, 1377, 879, 1519
matrix, 1378, 1602, 695
matrix, 1379, 1255, 851
matrix, 1380, 826, 1979
matrix, 1381, 2262, 2296
matrix, 1382, 1232, 1218
matrix, 1383, 3436, 2454
matrix, 1384, 1915, 2068
matrix, 1385, 2540, 2095
matrix, 1386, 1307, 1816
matrix, 1387, 233, 859
matrix, 1388, 557, 737
matrix, 1389, 1228, 1189
matrix, 1390, 1136, 1507
matrix, 1391, 1313, 1371
matrix, 1392, 2630, 1286
matrix, 1393, 1187, 1323
matrix, 1394, 2817, 1578
matrix, 1395, 1394, 1579
matrix, 1396, 1045, 2917
matrix, 1397, 1746, 1558
matrix, 1398, 128, 1626
matrix, 1399, 3051, 2549
matrix, 1400, 362, 200
matrix, 1401, 2699, 3400
matrix, 1402, 2589, 1858
matrix, 1403, 1513, 1483
matrix, 1404, 1280, 2291
matrix, 1405, 1279, 1182
matrix, 1406, 3067, 1390
matrix, 1407, 1629, 2034
matrix, 1408, 501, 1281
matrix, 1409, 2569, 2551
matrix, 1410, 1946, 1962
matrix, 1411, 2318, 1692
matrix, 1412, 1945, 1867
matrix, 1413, 1737, 1525
matrix, 1414, 1036, 1299
matrix, 1415, 1289, 1825
matrix, 1416, 2763, 478
matrix, 1417, 2317, 2376
matrix, 1418, 3327, 1583
matrix, 1419, 1436, 2170
matrix, 1420, 2445, 2011
matrix, 1421, 2535, 2804
matrix, 1422, 1520, 1834
matrix, 1423, 1275, 1787
matrix, 1424, 1176, 1319
matrix, 1425, 656, 1647
matrix, 1426, 1347, 704
matrix, 1427, 487, 841
matrix, 1428, 289, 965
matrix, 1429, 2745, 1990
matrix, 1430, 2597, 1670
matrix, 1431, 302, 1005
matrix, 1432, 624, 1017
matrix, 1433, 1281, 1107
matrix, 1434, 508, 1238
matrix, 1435, 144, 768
matrix, 1436, 2393, 2169
matrix, 1437, 631, 570
matrix, 1438, 334, 817
matrix, 1439, 971, 950
matrix, 1440, 909, 1603
matrix, 1441, 883, 1568
matrix, 1442, 2352, 2652
matrix, 1443, 3130, 3683
matrix, 1444, 2284, 2692
matrix, 1445, 2671, 1924
matrix, 1446, 2082, 1652
matrix, 1447, 3337, 2144
matrix, 1448, 275, 376
matrix, 1449, 1450, 1229
matrix, 1450, 1538, 1228
matrix, 1451, 1095, 1011
matrix, 1452, 1221, 1465
matrix, 1453, 211, 1637
matrix, 1454, 579, 820
matrix, 1455, 3356, 2876
matrix, 1456, 3298, 1901
matrix, 1457, 1446, 1653
matrix, 1458, 1702, 1148
matrix, 1459, 1540, 1119
matrix, 1460, 1331, 1143
matrix, 1461, 342, 971
matrix, 1462, 1346, 1622
matrix, 1463, 1261, 1100
matrix, 1464, 778, 1226
matrix, 1465, 851, 280
matrix, 1466, 1190, 205
matrix, 1467, 595, 947
matrix, 1468, 5478, 2885
matrix, 1469, 2872, 1057
matrix, 1470, 1769, 1352
matrix, 1471, 385, 1766
matrix, 1472, 1333, 1257
matrix, 1473, 205, 86
matrix, 1474, 1319, 2176
matrix, 1475, 2970, 3115
matrix, 1476, 2338, 1447
matrix, 1477, 1452, 1466
matrix, 1478, 1974, 1703
matrix, 1479, 1250, 1125
matrix, 1480, 905, 1721
matrix, 1481, 327, 490
matrix, 1482, 416, 940
matrix, 1483, 888, 1384
matrix, 1484, 1657, 1585
matrix, 1485, 3087, 2108
matrix, 1486, 1547, 1550
matrix, 1487, 89, 1312
matrix, 1488, 445, 1115
matrix, 1489, 632, 1235
matrix, 1490, 1348, 1976
matrix, 1491, 2977, 2514
matrix, 1492, 11, 59
matrix, 1493, 2398, 1744
matrix, 1494, 2026, 2013
matrix, 1495, 815, 1380
matrix, 1496, 814, 1452
matrix, 1497, 893, 1609
matrix, 1498, 648, 1208
matrix, 1499, 2663, 2141
matrix, 1500, 811, 1262
matrix, 1501, 1870, 1293
matrix, 1502, 1226, 1941
matrix, 1503, 1541, 1334
matrix, 1504, 2485, 1347
matrix, 1505, 2275, 2203
matrix, 1506, 1181, 1675
matrix, 1507, 2068, 1956
matrix, 1508, 2388, 2192
matrix, 1509, 2798, 2905
matrix, 1510, 2141, 2165
matrix, 1511, 2538, 2122
matrix, 1512, 1898, 1594
matrix, 1513, 1311, 1482
matrix, 1514, 1859, 1102
matrix, 1515, 2234, 3202
matrix, 1516, 2690, 2817
matrix, 1517, 725, 135
matrix, 1518, 1220, 581
matrix, 1519, 1324, 593
matrix, 1520, 1948, 1833
matrix, 1521, 1543, 2135
matrix, 1522, 1185, 975
matrix, 1523, 2273, 2049
matrix, 1524, 1000, 1876
matrix, 1525, 2229, 2373
matrix, 1526, 2414, 1407
matrix, 1527, 1505, 2204
matrix, 1528, 544, 553
matrix, 1529, 1664, 1410
matrix, 1530, 715, 994
matrix, 1531, 1191, 1480
matrix, 1532, 1343, 1027
matrix, 1533, 738, 1441
matrix, 1534, 3558, 1751
matrix, 1535, 3041, 2489
matrix, 1536, 1693, 2264
matrix, 1537, 1848, 1903
matrix, 1538, 1464, 1227
matrix, 1539, 828, 1204
matrix, 1540, 1240, 1118
matrix, 1541, 1580, 1333
matrix, 1542, 2289, 1944
matrix, 1543, 1671, 2134
matrix, 1544, 2599, 2099
matrix, 1545, 184, 1400
matrix, 1546, 2081, 1889
matrix, 1547, 1111, 1549
matrix, 1548, 263, 243
matrix, 1549, 1713, 2214
matrix, 1550, 1790, 2499
matrix, 1551, 5680, 3904
matrix, 1552, 1950, 2739
matrix, 1553, 2057, 1895
matrix, 1554, 1294, 874
matrix, 1555, 1496, 1453
matrix, 1556, 789, 248
matrix, 1557, 753, 463
matrix, 1558, 1886, 2980
matrix, 1559, 2626, 1137
matrix, 1560, 4819, 3321
matrix, 1561, 1676, 1564
matrix, 1562, 838, 1431
matrix, 1563, 415, 1450
matrix, 1564, 2170, 1762
matrix, 1565, 2462, 2528
matrix, 1566, 3137, 1061
matrix, 1567, 1197, 2102
matrix, 1568, 179, 222
matrix, 1569, 113, 714
matrix, 1570, 525, 598
matrix, 1571, 1523, 2050
matrix, 1572, 54, 325
matrix, 1573, 716, 2031
matrix, 1574, 2712, 2671
matrix, 1575, 2555, 2324
matrix, 1576, 350, 1502
matrix, 1577, 3662, 2350
matrix, 1578, 798, 1587
matrix, 1579, 994, 433
matrix, 1580, 1587, 1332
matrix, 1581, 1851, 749
matrix, 1582, 657, 1494
matrix, 1583, 4688, 4252
matrix, 1584, 1686, 1619
matrix, 1585, 1896, 2114
matrix, 1586, 524, 1709
matrix, 1587, 2007, 1331
matrix, 1588, 1157, 621
matrix, 1589, 2028, 2301
matrix, 1590, 1544, 2100
matrix, 1591, 2476, 1469
matrix, 1592, 493, 827
matrix, 1593, 236, 1315
matrix, 1594, 887, 150
matrix, 1595, 1132, 1576
matrix, 1596, 2367, 2782
matrix, 1597, 3465, 2154
matrix, 1598, 928, 1614
matrix, 1599, 3530, 2680
matrix, 1600, 1690, 1707
matrix, 1601, 1202, 1328
matrix, 1602, 210, 694
matrix, 1603, 1682, 790
matrix, 1604, 543, 619
matrix, 1605, 252, 861
matrix, 1606, 1534, 1752
matrix, 1607, 1920, 2001
matrix, 1608, 1403, 1484
matrix, 1609, 3255, 2725
matrix, 1610, 693, 2386
matrix, 1611, 1332, 918
matrix, 1612, 2186, 2268
matrix, 1613, 1269, 1184
matrix, 1614, 2098, 1037
matrix, 1615, 1658, 1917
matrix, 1616, 191, 1897
matrix, 1617, 1406, 1391
matrix, 1618, 2497, 3008
matrix, 1619, 222, 390
matrix, 1620, 293, 785
matrix, 1621, 1489, 1236
matrix, 1622, 3479, 2163
matrix, 1623, 393, 371
matrix, 1624, 2383, 2279
matrix, 1625, 1161, 1093
matrix, 1626, 1663, 2052
matrix, 1627, 3616, 2710
matrix, 1628, 1894, 2531
matrix, 1629, 2454, 2033
matrix, 1630, 3392, 3182
matrix, 1631, 3338, 2937
matrix, 1632, 1655, 952
matrix, 1633, 983, 1412
matrix, 1634, 535, 728
matrix, 1635, 850, 1154
matrix, 1636, 2384, 2161
matrix, 1637, 1992, 1500
matrix, 1638, 515, 1795
matrix, 1639, 846, 1220
matrix, 1640, 2680, 3097
matrix, 1641, 1069, 1486
matrix, 1642, 908, 1110
matrix, 1643, 859, 2016
matrix, 1644, 561, 725
matrix, 1645, 3351, 2186
matrix, 1646, 2043, 2172
matrix, 1647, 3457, 2976
matrix, 1648, 1381, 2297
matrix, 1649, 4240, 2698
matrix, 1650, 919, 1633
matrix, 1651, 2679, 2404
matrix, 1652, 2613, 2612
matrix, 1653, 1656, 1428
matrix, 1654, 1902, 2200
matrix, 1655, 1439, 951
matrix, 1656, 825, 1427
matrix, 1657, 1418, 1584
matrix, 1658, 2438, 1916
matrix, 1659, 1831, 2367
matrix, 1660, 2406, 2041
matrix, 1661, 1665, 2581
matrix, 1662, 2146, 1601
matrix, 1663, 1571, 2051
matrix, 1664, 1351, 1409
matrix, 1665, 2952, 2580
matrix, 1666, 155, 788
matrix, 1667, 1943, 2287
matrix, 1668, 2069, 1785
matrix, 1669, 1977, 2317
matrix, 1670, 1817, 1539
matrix, 1671, 4369, 2133
matrix, 1672, 3823, 4731
matrix, 1673, 1638, 1796
matrix, 1674, 390, 1164
matrix, 1675, 2374, 1197
matrix, 1676, 443, 1563
matrix, 1677, 866, 1713
matrix, 1678, 1124, 1270
matrix, 1679, 3033, 2862
matrix, 1680, 2992, 2346
matrix, 1681, 2646, 2574
matrix, 1682, 1666, 789
matrix, 1683, 2006, 1177
matrix, 1684, 1941, 1296
matrix, 1685, 229, 913
matrix, 1686, 925, 1618
matrix, 1687, 2224, 1988
matrix, 1688, 4398, 2835
matrix, 1689, 3957, 2537
matrix, 1690, 625, 1706
matrix, 1691, 1822, 1644
matrix, 1692, 1677, 1714
matrix, 1693, 2983, 2263
matrix, 1694, 1763, 1340
matrix, 1695, 2171, 1718
matrix, 1696, 867, 1360
matrix, 1697, 2022, 1914
matrix, 1698, 2405, 2571
matrix, 1699, 2848, 2974
matrix, 1700, 779, 824
matrix, 1701, 3273, 3056
matrix, 1702, 2824, 1147
matrix, 1703, 1601, 1329
matrix, 1704, 2516, 2464
matrix, 1705, 1961, 897
matrix, 1706, 1765, 1846
matrix, 1707, 1242, 936
matrix, 1708, 2631, 2196
matrix, 1709, 1997, 889
matrix, 1710, 1309, 1403
matrix, 1711, 2426, 1301
matrix, 1712, 505, 754
matrix, 1713, 2748, 2213
matrix, 1714, 1010, 1879
matrix, 1715, 848, 1374
matrix, 1716, 2703, 1560
matrix, 1717, 2830, 1930
matrix, 1718, 3475, 1932
matrix, 1719, 1754, 2039
matrix, 1720, 2278, 2590
matrix, 1721, 2928, 2259
matrix, 1722, 884, 1528
matrix, 1723, 1478, 1704
matrix, 1724, 490, 1639
matrix, 1725, 2033, 1969
matrix, 1726, 2148, 1532
matrix, 1727, 2355, 2426
matrix, 1728, 2070, 1023
matrix, 1729, 1041, 2024
matrix, 1730, 2616, 1748
matrix, 1731, 3216, 3484
matrix, 1732, 1182, 1547
matrix, 1733, 2592, 1612
matrix, 1734, 711, 2766
matrix, 1735, 1345, 1461
matrix, 1736, 644, 1242
matrix, 1737, 882, 1524
matrix, 1738, 1189, 1072
matrix, 1739, 1337, 1779
matrix, 1740, 2933, 1854
matrix, 1741, 2943, 1777
matrix, 1742, 1792, 2344
matrix, 1743, 395, 741
matrix, 1744, 423, 923
matrix, 1745, 1750, 2180
matrix, 1746, 1924, 1557
matrix, 1747, 2319, 1681
matrix, 1748, 3060, 2619
matrix, 1749, 3837, 2849
matrix, 1750, 2198, 2179
matrix, 1751, 875, 190
matrix, 1752, 498, 176
matrix, 1753, 2489, 1830
matrix, 1754, 2495, 2038
matrix, 1755, 1246, 2607
matrix, 1756, 1843, 2139
matrix, 1757, 1375, 1769
matrix, 1758, 2257, 1741
matrix, 1759, 1459, 1120
matrix, 1760, 1840, 2086
matrix, 1761, 2835, 2022
matrix, 1762, 283, 286
matrix, 1763, 592, 1339
matrix, 1764, 1158, 1135
matrix, 1765, 1310, 1845
matrix, 1766, 1816, 1734
matrix, 1767, 617, 660
matrix, 1768, 3922, 3379
matrix, 1769, 1282, 1351
matrix, 1770, 692, 1856
matrix, 1771, 2927, 2467
matrix, 1772, 3325, 1443
matrix, 1773, 2736, 2946
matrix, 1774, 1858, 2130
matrix, 1775, 3156, 2224
matrix, 1776, 380, 300
matrix, 1777, 115, 1076
matrix, 1778, 346, 441
matrix, 1779, 2239, 2117
matrix, 1780, 734, 107
matrix, 1781, 578, 691
matrix, 1782, 3244, 2625
matrix, 1783, 3162, 3038
matrix, 1784, 1072, 1288
matrix, 1785, 2706, 2696
matrix, 1786, 4758, 3806
matrix, 1787, 2005, 1774
matrix, 1788, 2362, 2299
matrix, 1789, 1986, 1959
matrix, 1790, 3268, 2498
matrix, 1791, 4555, 3773
matrix, 1792, 2905, 2343
matrix, 1793, 2585, 2806
matrix, 1794, 1975, 2190
matrix, 1795, 4194, 3552
matrix, 1796, 2533, 1922
matrix, 1797, 1188, 945
matrix, 1798, 2659, 2232
matrix, 1799, 2378, 1488
matrix, 1800, 1905, 2770
matrix, 1801, 3015, 2880
matrix, 1802, 2193, 385
matrix, 1803, 1983, 1827
matrix, 1804, 2308, 2399
matrix, 1805, 3093, 1688
matrix, 1806, 495, 1973
matrix, 1807, 60, 2054
matrix, 1808, 1536, 2265
matrix, 1809, 1356, 1265
matrix, 1810, 268, 519
matrix, 1811, 4397, 4112
matrix, 1812, 982, 983
matrix, 1813, 1117, 1624
matrix, 1814, 1386, 1817
matrix, 1815, 1266, 1066
matrix, 1816, 787, 1733
matrix, 1817, 1142, 1538
matrix, 1818, 460, 1021
matrix, 1819, 2929, 2800
matrix, 1820, 25, 155
matrix, 1821, 3562, 2056
matrix, 1822, 1845, 1643
matrix, 1823, 1395, 1580
matrix, 1824, 1168, 1174
matrix, 1825, 3023, 1128
matrix, 1826, 2483, 1388
matrix, 1827, 2582, 2271
matrix, 1828, 628, 395
matrix, 1829, 1504, 1348
matrix, 1830, 2416, 2867
matrix, 1831, 2854, 2366
matrix, 1832, 105, 557
matrix, 1833, 768, 418
matrix, 1834, 316, 1167
matrix, 1835, 1065, 1663
matrix, 1836, 1906, 2540
matrix, 1837, 3597, 2507
matrix, 1838, 2101, 1191
matrix, 1839, 1412, 1868
matrix, 1840, 63, 2085
matrix, 1841, 911, 985
matrix, 1842, 282, 1475
matrix, 1843, 1212, 2138
matrix, 1844, 1369, 1152
matrix, 1845, 591, 1642
matrix, 1846, 1916, 1971
matrix, 1847, 1341, 2152
matrix, 1848, 1456, 1902
matrix, 1849, 1912, 1394
matrix, 1850, 615, 637
matrix, 1851, 1192, 748
matrix, 1852, 243, 481
matrix, 1853, 240, 270
matrix, 1854, 769, 1200
matrix, 1855, 2365, 2274
matrix, 1856, 995, 1597
matrix, 1857, 2479, 2492
matrix, 1858, 2250, 2129
matrix, 1859, 1463, 1101
matrix, 1860, 3217, 2370
matrix, 1861, 3126, 2293
matrix, 1862, 2884, 2889
matrix, 1863, 1001, 1521
matrix, 1864, 1960, 2206
matrix, 1865, 1060, 1423
matrix, 1866, 699, 1273
matrix, 1867, 2628, 1999
matrix, 1868, 1514, 1103
matrix, 1869, 2820, 2777
matrix, 1870, 962, 1292
matrix, 1871, 4209, 1813
matrix, 1872, 2838, 2627
matrix, 1873, 1684, 1297
matrix, 1874, 2594, 1571
matrix, 1875, 130, 1544
matrix, 1876, 2389, 997
matrix, 1877, 3674, 3915
matrix, 1878, 2188, 2605
matrix, 1879, 3311, 2028
matrix, 1880, 726, 584
matrix, 1881, 895, 1802
matrix, 1882, 2287, 2110
matrix, 1883, 2940, 1965
matrix, 1884, 1222, 1377
matrix, 1885, 2953, 2313
matrix, 1886, 3908, 2979
matrix, 1887, 3724, 2437
matrix, 1888, 1080, 893
matrix, 1889, 1302, 431
matrix, 1890, 964, 2058
matrix, 1891, 2162, 1850
matrix, 1892, 2604, 2071
matrix, 1893, 3008, 2763
matrix, 1894, 2102, 2530
matrix, 1895, 2412, 1684
matrix, 1896, 1922, 2113
matrix, 1897, 948, 2621
matrix, 1898, 2550, 1593
matrix, 1899, 3964, 4584
matrix, 1900, 934, 1047
matrix, 1901, 700, 452
matrix, 1902, 3962, 2199
matrix, 1903, 2491, 806
matrix, 1904, 3411, 3070
matrix, 1905, 2500, 2769
matrix, 1906, 1017, 2539
matrix, 1907, 2419, 2991
matrix, 1908, 4587, 4330
matrix, 1909, 2274, 2842
matrix, 1910, 1391, 1372
matrix, 1911, 833, 1513
matrix, 1912, 259, 1393
matrix, 1913, 1835, 1664
matrix, 1914, 3340, 2899
matrix, 1915, 3503, 2067
matrix, 1916, 1725, 1970
matrix, 1917, 1430, 1671
matrix, 1918, 1338, 1589
matrix, 1919, 1559, 1138
matrix, 1920, 1867, 2000
matrix, 1921, 3649, 2775
matrix, 1922, 988, 2112
matrix, 1923, 1747, 1682
matrix, 1924, 372, 1556
matrix, 1925, 2595, 2007
matrix, 1926, 488, 1043
matrix, 1927, 3135, 4068
matrix, 1928, 3545, 3680
matrix, 1929, 1299, 1574
matrix, 1930, 2732, 2814
matrix, 1931, 3367, 1552
matrix, 1932, 2382, 2363
matrix, 1933, 990, 1362
matrix, 1934, 3397, 2156
matrix, 1935, 2520, 1946
matrix, 1936, 741, 94
matrix, 1937, 2912, 2359
matrix, 1938, 2053, 1764
matrix, 1939, 2138, 2079
matrix, 1940, 1829, 1349
matrix, 1941, 652, 1295
matrix, 1942, 605, 1948
matrix, 1943, 1110, 2286
matrix, 1944, 2504, 1290
matrix, 1945, 2025, 1866
matrix, 1946, 601, 1961
matrix, 1947, 871, 1275
matrix, 1948, 3507, 1832
matrix, 1949, 3147, 2420
matrix, 1950, 3383, 2738
matrix, 1951, 931, 2524
matrix, 1952, 1471, 1767
matrix, 1953, 2605, 2758
matrix, 1954, 2707, 2149
matrix, 1955, 3760, 2790
matrix, 1956, 1934, 2157
matrix, 1957, 1472, 1258
matrix, 1958, 1988, 1554
matrix, 1959, 1318, 2434
matrix, 1960, 1527, 2205
matrix, 1961, 298, 896
matrix, 1962, 1893, 2764
matrix, 1963, 1760, 2087
matrix, 1964, 2175, 2047
matrix, 1965, 801, 336
matrix, 1966, 1827, 2272
matrix, 1967, 1675, 1198
matrix, 1968, 3462, 2308
matrix, 1969, 2683, 2019
matrix, 1970, 1917, 1672
matrix, 1971, 1569, 715
matrix, 1972, 2634, 2208
matrix, 1973, 1918, 1590
matrix, 1974, 2291, 1702
matrix, 1975, 2608, 2189
matrix, 1976, 1481, 491
matrix, 1977, 3705, 2316
matrix, 1978, 2266, 2458
matrix, 1979, 1431, 1006
matrix, 1980, 2089, 2408
matrix, 1981, 3099, 2511
matrix, 1982, 1162, 911
matrix, 1983, 1415, 1826
matrix, 1984, 3197, 1606
matrix, 1985, 2123, 1862
matrix, 1986, 3202, 1958
matrix, 1987, 1576, 1503
matrix, 1988, 1931, 1553
matrix, 1989, 405, 1473
matrix, 1990, 766, 1130
matrix, 1991, 1591, 1470
matrix, 1992, 1059, 1499
matrix, 1993, 403, 775
matrix, 1994, 1251, 2065
matrix, 1995, 1856, 1598
matrix, 1996, 2127, 1496
matrix, 1997, 2190, 888
matrix, 1998, 2164, 2562
matrix, 1999, 2083, 2127
matrix, 2000, 500, 1055
matrix, 2001, 1711, 1302
matrix, 2002, 333, 751
matrix, 2003, 2795, 2995
matrix, 2004, 790, 1222
matrix, 2005, 2270, 1773
matrix, 2006, 1245, 1176
matrix, 2007, 1703, 1330
matrix, 2008, 3241, 2954
matrix, 2009, 545, 973
matrix, 2010, 3192, 3198
matrix, 2011, 2335, 2329
matrix, 2012, 1512, 1595
matrix, 2013, 1942, 1949
matrix, 2014, 2330, 1463
matrix, 2015, 3583, 2719
matrix, 2016, 3817, 3419
matrix, 2017, 3158, 2853
matrix, 2018, 3510, 3662
matrix, 2019, 2252, 3085
matrix, 2020, 1493, 1745
matrix, 2021, 2453, 1992
matrix, 2022, 2648, 1913
matrix, 2023, 616, 52
matrix, 2024, 2337, 2045
matrix, 2025, 2192, 1865
matrix, 2026, 1420, 2012
matrix, 2027, 1695, 1719
matrix, 2028, 1788, 2300
matrix, 2029, 720, 773
matrix, 2030, 1007, 1724
matrix, 2031, 3434, 1757
matrix, 2032, 1957, 1259
matrix, 2033, 2629, 1968
matrix, 2034, 3692, 3172
matrix, 2035, 3766, 3147
matrix, 2036, 2306, 1459
matrix, 2037, 2633, 1436
matrix, 2038, 3471, 3327
matrix, 2039, 4361, 3161
matrix, 2040, 2566, 2826
matrix, 2041, 5452, 3479
matrix, 2042, 1423, 1788
matrix, 2043, 1419, 2171
matrix, 2044, 99, 1782
matrix, 2045, 1502, 1942
matrix, 2046, 3193, 2442
matrix, 2047, 2286, 1839
matrix, 2048, 2586, 2564
matrix, 2049, 1522, 976
matrix, 2050, 2060, 1860
matrix, 2051, 1243, 1919
matrix, 2052, 1914, 2900
matrix, 2053, 1564, 1763
matrix, 2054, 2448, 1433
matrix, 2055, 3231, 2940
matrix, 2056, 1298, 1736
matrix, 2057, 1107, 1894
matrix, 2058, 14, 313
matrix, 2059, 754, 1887
matrix, 2060, 1402, 1859
matrix, 2061, 2606, 2182
matrix, 2062, 3212, 3469
matrix, 2063, 2866, 2253
matrix, 2064, 2418, 1304
matrix, 2065, 370, 1358
matrix, 2066, 1048, 886
matrix, 2067, 1585, 2115
matrix, 2068, 531, 1955
matrix, 2069, 2564, 1784
matrix, 2070, 1818, 1022
matrix, 2071, 3359, 2218
matrix, 2072, 2614, 2353
matrix, 2073, 483, 499
matrix, 2074, 2673, 2633
matrix, 2075, 109, 1542
matrix, 2076, 1951, 2525
matrix, 2077, 776, 1439
matrix, 2078, 1678, 1271
matrix, 2079, 3203, 2255
matrix, 2080, 1736, 1243
matrix, 2081, 2059, 1888
matrix, 2082, 2226, 1651
matrix, 2083, 2084, 2126
matrix, 2084, 1296, 2125
matrix, 2085, 2771, 3290
matrix, 2086, 1411, 1693
matrix, 2087, 3295, 2424
matrix, 2088, 3788, 3252
matrix, 2089, 2573, 2407
matrix, 2090, 1724, 1640
matrix, 2091, 3886, 3004
matrix, 2092, 1270, 1806
matrix, 2093, 1445, 1925
matrix, 2094, 2622, 1891
matrix, 2095, 1140, 1326
matrix, 2096, 961, 2520
matrix, 2097, 419, 1213
matrix, 2098, 784, 1036
matrix, 2099, 1011, 3208
matrix, 2100, 2434, 3152
matrix, 2101, 1389, 1190
matrix, 2102, 1565, 2529
matrix, 2103, 2135, 2090
matrix, 2104, 1118, 1074
matrix, 2105, 3293, 3381
matrix, 2106, 1426, 705
matrix, 2107, 3274, 3155
matrix, 2108, 1869, 2778
matrix, 2109, 1586, 1710
matrix, 2110, 952, 1728
matrix, 2111, 2313, 1509
matrix, 2112, 2863, 2174
matrix, 2113, 359, 891
matrix, 2114, 2094, 1892
matrix, 2115, 4053, 3397
matrix, 2116, 2701, 2480
matrix, 2117, 2422, 2074
matrix, 2118, 2099, 3209
matrix, 2119, 2681, 2241
matrix, 2120, 973, 1635
matrix, 2121, 1070, 2083
matrix, 2122, 3786, 2809
matrix, 2123, 2050, 1861
matrix, 2124, 3452, 3665
matrix, 2125, 4099, 4249
matrix, 2126, 1981, 2512
matrix, 2127, 1582, 1495
matrix, 2128, 2530, 2678
matrix, 2129, 2686, 2106
matrix, 2130, 4516, 2411
matrix, 2131, 2501, 1754
matrix, 2132, 1612, 2269
matrix, 2133, 1545, 1401
matrix, 2134, 852, 771
matrix, 2135, 2165, 2089
matrix, 2136, 1800, 2771
matrix, 2137, 2185, 239
matrix, 2138, 2353, 2078
matrix, 2139, 3909, 2716
matrix, 2140, 1248, 2397
matrix, 2141, 1622, 2164
matrix, 2142, 3196, 3075
matrix, 2143, 4806, 2798
matrix, 2144, 2937, 2355
matrix, 2145, 1120, 872
matrix, 2146, 1200, 1600
matrix, 2147, 2417, 3068
matrix, 2148, 1062, 1531
matrix, 2149, 2682, 1808
matrix, 2150, 1805, 1689
matrix, 2151, 3640, 2588
matrix, 2152, 1798, 2233
matrix, 2153, 3682, 2146
matrix, 2154, 1953, 2759
matrix, 2155, 2074, 2634
matrix, 2156, 1653, 1429
matrix, 2157, 1262, 2547
matrix, 2158, 4006, 2796
matrix, 2159, 1771, 2468
matrix, 2160, 4254, 5184
matrix, 2161, 796, 1820
matrix, 2162, 618, 1849
matrix, 2163, 3398, 2714
matrix, 2164, 4013, 2561
matrix, 2165, 1963, 2088
matrix, 2166, 1460, 1144
matrix, 2167, 1441, 1569
matrix, 2168, 2199, 2887
matrix, 2169, 1777, 1077
matrix, 2170, 1364, 1761
matrix, 2171, 976, 1717
matrix, 2172, 1985, 1863
matrix, 2173, 3715, 2559
matrix, 2174, 2833, 2869
matrix, 2175, 2024, 2046
matrix, 2176, 2042, 1789
matrix, 2177, 2385, 2305
matrix, 2178, 3329, 3373
matrix, 2179, 3852, 3422
matrix, 2180, 3070, 3283
matrix, 2181, 2542, 3020
matrix, 2182, 2187, 2449
matrix, 2183, 425, 849
matrix, 2184, 2152, 2234
matrix, 2185, 521, 238
matrix, 2186, 2647, 2267
matrix, 2187, 2792, 2448
matrix, 2188, 2637, 2604
matrix, 2189, 2202, 1477
matrix, 2190, 2066, 887
matrix, 2191, 1353, 1697
matrix, 2192, 2172, 1864
matrix, 2193, 20, 384
matrix, 2194, 2380, 2341
matrix, 2195, 1643, 2017
matrix, 2196, 457, 878
matrix, 2197, 2299, 2496
matrix, 2198, 2447, 2178
matrix, 2199, 1468, 2886
matrix, 2200, 4317, 2542
matrix, 2201, 1407, 2035
matrix, 2202, 1842, 1476
matrix, 2203, 3371, 2244
matrix, 2204, 2551, 3139
matrix, 2205, 251, 369
matrix, 2206, 3728, 3306
matrix, 2207, 2978, 2687
matrix, 2208, 2544, 1885
matrix, 2209, 1134, 1661
matrix, 2210, 2754, 2694
matrix, 2211, 1972, 2209
matrix, 2212, 2702, 2746
matrix, 2213, 2991, 3660
matrix, 2214, 3200, 2597
matrix, 2215, 2926, 3691
matrix, 2216, 1720, 2591
matrix, 2217, 1511, 2123
matrix, 2218, 2298, 2338
matrix, 2219, 3332, 3034
matrix, 2220, 775, 2229
matrix, 2221, 1401, 3401
matrix, 2222, 1667, 2288
matrix, 2223, 4553, 2645
matrix, 2224, 2230, 1987
matrix, 2225, 2511, 2844
matrix, 2226, 58, 1650
matrix, 2227, 1875, 1545
matrix, 2228, 4304, 4163
matrix, 2229, 1252, 2372
matrix, 2230, 519, 1986
matrix, 2231, 2283, 2451
matrix, 2232, 3291, 3206
matrix, 2233, 1881, 1803
matrix, 2234, 2305, 3201
matrix, 2235, 4092, 3368
matrix, 2236, 1005, 1307
matrix, 2237, 3666, 2472
matrix, 2238, 1631, 2938
matrix, 2239, 2067, 2116
matrix, 2240, 3003, 3128
matrix, 2241, 1499, 2142
matrix, 2242, 3375, 3455
matrix, 2243, 2149, 1809
matrix, 2244, 1729, 2025
matrix, 2245, 2747, 2846
matrix, 2246, 3523, 2483
matrix, 2247, 3263, 2649
matrix, 2248, 1885, 2314
matrix, 2249, 1795, 3553
matrix, 2250, 1999, 2128
matrix, 2251, 2048, 2565
matrix, 2252, 4130, 3084
matrix, 2253, 1509, 2906
matrix, 2254, 2543, 1870
matrix, 2255, 2174, 2870
matrix, 2256, 765, 1267
matrix, 2257, 532, 1740
matrix, 2258, 2407, 2432
matrix, 2259, 3575, 3550
matrix, 2260, 2932, 3348
matrix, 2261, 2139, 2717
matrix, 2262, 588, 2295
matrix, 2263, 3258, 3216
matrix, 2264, 318, 617
matrix, 2265, 1217, 586
matrix, 2266, 3207, 2457
matrix, 2267, 1133, 564
matrix, 2268, 3608, 3694
matrix, 2269, 3999, 3158
matrix, 2270, 1028, 1772
matrix, 2271, 3222, 2357
matrix, 2272, 3210, 3079
matrix, 2273, 1964, 2048
matrix, 2274, 3260, 2841
matrix, 2275, 2994, 2202
matrix, 2276, 2725, 2735
matrix, 2277, 3566, 2666
matrix, 2278, 2151, 2589
matrix, 2279, 1833, 419
matrix, 2280, 2482, 2361
matrix, 2281, 4672, 3052
matrix, 2282, 1229, 1695
matrix, 2283, 2182, 2450
matrix, 2284, 2578, 2691
matrix, 2285, 3602, 2924
matrix, 2286, 2358, 1838
matrix, 2287, 1485, 2109
matrix, 2288, 819, 1792
matrix, 2289, 2045, 1943
matrix, 2290, 4154, 2743
matrix, 2291, 2878, 1701
matrix, 2292, 3057, 3031
matrix, 2293, 3018, 2321
matrix, 2294, 1291, 1938
matrix, 2295, 2381, 2601
matrix, 2296, 2386, 2389
matrix, 2297, 1698, 2572
matrix, 2298, 3059, 2337
matrix, 2299, 2904, 2495
matrix, 2300, 2314, 1905
matrix, 2301, 1708, 2197
matrix, 2302, 3401, 3676
matrix, 2303, 2413, 3050
matrix, 2304, 3898, 3298
matrix, 2305, 4210, 3200
matrix, 2306, 587, 1458
matrix, 2307, 3547, 2793
matrix, 2308, 2140, 2398
matrix, 2309, 877, 2092
matrix, 2310, 4185, 2476
matrix, 2311, 2486, 3143
matrix, 2312, 3487, 3130
matrix, 2313, 1390, 1508
matrix, 2314, 1537, 1904
matrix, 2315, 1883, 1966
matrix, 2316, 5049, 3265
matrix, 2317, 2891, 2375
matrix, 2318, 1210, 1691
matrix, 2319, 1103, 1680
matrix, 2320, 1480, 1722
matrix, 2321, 3002, 932
matrix, 2322, 2968, 3740
matrix, 2323, 2972, 3376
matrix, 2324, 2267, 565
matrix, 2325, 1874, 1572
matrix, 2326, 307, 1822
matrix, 2327, 3085, 2788
matrix, 2328, 2579, 3125
matrix, 2329, 669, 916
matrix, 2330, 1735, 1462
matrix, 2331, 3675, 3169
matrix, 2332, 3103, 2535
matrix, 2333, 2539, 2237
matrix, 2334, 1577, 2351
matrix, 2335, 2449, 2328
matrix, 2336, 5212, 3793
matrix, 2337, 1268, 2044
matrix, 2338, 554, 1446
matrix, 2339, 1139, 555
matrix, 2340, 2295, 2602
matrix, 2341, 1647, 2977
matrix, 2342, 2724, 2395
matrix, 2343, 319, 2837
matrix, 2344, 5328, 4619
matrix, 2345, 2980, 2609
matrix, 2346, 1854, 1201
matrix, 2347, 2159, 2469
matrix, 2348, 1204, 2060
matrix, 2349, 3428, 3602
matrix, 2350, 1872, 2628
matrix, 2351, 1510, 2166
matrix, 2352, 2829, 2651
matrix, 2353, 2698, 2077
matrix, 2354, 3765, 3733
matrix, 2355, 2087, 2425
matrix, 2356, 3865, 4843
matrix, 2357, 2849, 2864
matrix, 2358, 891, 1837
matrix, 2359, 2451, 2857
matrix, 2360, 3228, 2378
matrix, 2361, 2370, 1252
matrix, 2362, 1648, 2298
matrix, 2363, 3065, 2081
matrix, 2364, 2201, 2036
matrix, 2365, 1966, 2273
matrix, 2366, 3754, 2829
matrix, 2367, 3576, 2781
matrix, 2368, 2477, 2250
matrix, 2369, 3405, 3104
matrix, 2370, 2541, 1251
matrix, 2371, 1837, 2508
matrix, 2372, 785, 172
matrix, 2373, 1524, 1877
matrix, 2374, 408, 1196
matrix, 2375, 4552, 3235
matrix, 2376, 3541, 3965
matrix, 2377, 3106, 1841
matrix, 2378, 1641, 1487
matrix, 2379, 1692, 1715
matrix, 2380, 3029, 2340
matrix, 2381, 1167, 2600
matrix, 2382, 2280, 2362
matrix, 2383, 836, 2278
matrix, 2384, 1175, 2160
matrix, 2385, 3689, 2304
matrix, 2386, 3515, 2388
matrix, 2387, 3226, 3430
matrix, 2388, 1794, 2191
matrix, 2389, 1308, 996
matrix, 2390, 606, 603
matrix, 2391, 3642, 2577
matrix, 2392, 2602, 3045
matrix, 2393, 2498, 2168
matrix, 2394, 1773, 2947
matrix, 2395, 1494, 2014
matrix, 2396, 1814, 1818
matrix, 2397, 4905, 3433
matrix, 2398, 2693, 1743
matrix, 2399, 1236, 2062
matrix, 2400, 3118, 2478
matrix, 2401, 157, 1014
matrix, 2402, 1990, 1131
matrix, 2403, 3896, 1668
matrix, 2404, 3839, 2518
matrix, 2405, 2598, 2570
matrix, 2406, 1719, 2040
matrix, 2407, 2488, 2431
matrix, 2408, 2015, 2720
matrix, 2409, 2251, 2566
matrix, 2410, 2624, 2896
matrix, 2411, 3918, 3977
matrix, 2412, 1923, 1683
matrix, 2413, 2888, 3049
matrix, 2414, 1233, 1406
matrix, 2415, 3985, 3239
matrix, 2416, 2782, 2866
matrix, 2417, 2787, 3067
matrix, 2418, 2001, 1303
matrix, 2419, 2893, 2990
matrix, 2420, 4643, 2402
matrix, 2421, 2233, 1804
matrix, 2422, 2864, 2073
matrix, 2423, 1166, 812
matrix, 2424, 1561, 1565
matrix, 2425, 3186, 2702
matrix, 2426, 1414, 1300
matrix, 2427, 3482, 2732
matrix, 2428, 2442, 2319
matrix, 2429, 3667, 3519
matrix, 2430, 2552, 2283
matrix, 2431, 1652, 2613
matrix, 2432, 706, 1456
matrix, 2433, 2583, 2502
matrix, 2434, 3586, 3151
matrix, 2435, 3623, 3179
matrix, 2436, 2619, 2276
matrix, 2437, 3807, 3285
matrix, 2438, 1697, 1915
matrix, 2439, 2839, 2631
matrix, 2440, 3361, 2878
matrix, 2441, 2525, 2418
matrix, 2442, 1669, 2318
matrix, 2443, 4944, 4680
matrix, 2444, 2118, 3210
matrix, 2445, 1012, 2010
matrix, 2446, 5257, 3582
matrix, 2447, 1474, 2177
matrix, 2448, 1562, 1432
matrix, 2449, 3251, 2327
matrix, 2450, 2823, 3426
matrix, 2451, 3168, 2856
matrix, 2452, 3213, 2414
matrix, 2453, 1429, 1991
matrix, 2454, 1573, 2032
matrix, 2455, 873, 2784
matrix, 2456, 510, 906
matrix, 2457, 2942, 2257
matrix, 2458, 3280, 2281
matrix, 2459, 2855, 2821
matrix, 2460, 1775, 2225
matrix, 2461, 3152, 3726
matrix, 2462, 2499, 2527
matrix, 2463, 2844, 2674
matrix, 2464, 2203, 2245
matrix, 2465, 4108, 2985
matrix, 2466, 2536, 2754
matrix, 2467, 2567, 2239
matrix, 2468, 1410, 1963
matrix, 2469, 1301, 2348
matrix, 2470, 3567, 2392
matrix, 2471, 1949, 2421
matrix, 2472, 4607, 3595
matrix, 2473, 4333, 2706
matrix, 2474, 3145, 3256
matrix, 2475, 2856, 1995
matrix, 2476, 732, 1468
matrix, 2477, 2684, 2249
matrix, 2478, 1991, 1471
matrix, 2479, 3719, 2491
matrix, 2480, 1779, 2118
matrix, 2481, 1549, 2215
matrix, 2482, 1937, 2360
matrix, 2483, 1193, 1387
matrix, 2484, 3456, 2194
matrix, 2485, 1123, 1346
matrix, 2486, 3707, 3142
matrix, 2487, 2377, 1842
matrix, 2488, 2632, 2430
matrix, 2489, 2513, 1829
matrix, 2490, 3007, 2839
matrix, 2491, 412, 805
matrix, 2492, 3288, 2851
matrix, 2493, 786, 29
matrix, 2494, 1804, 2400
matrix, 2495, 2364, 2037
matrix, 2496, 2527, 3064
matrix, 2497, 3540, 3007
matrix, 2498, 2351, 2167
matrix, 2499, 2076, 2526
matrix, 2500, 3840, 2768
matrix, 2501, 1606, 1753
matrix, 2502, 2254, 1871
matrix, 2503, 1498, 1209
matrix, 2504, 1784, 1289
matrix, 2505, 4077, 3437
matrix, 2506, 3939, 4184
matrix, 2507, 2487, 1843
matrix, 2508, 1625, 1094
matrix, 2509, 2219, 3035
matrix, 2510, 642, 766
matrix, 2511, 1909, 2843
matrix, 2512, 3625, 3174
matrix, 2513, 1803, 1828
matrix, 2514, 2109, 1711
matrix, 2515, 5296, 2962
matrix, 2516, 2764, 2463
matrix, 2517, 889, 1180
matrix, 2518, 2641, 3204
matrix, 2519, 2600, 2004
matrix, 2520, 1542, 1945
matrix, 2521, 1434, 1239
matrix, 2522, 1618, 3009
matrix, 2523, 2571, 2311
matrix, 2524, 2296, 2390
matrix, 2525, 4782, 2417
matrix, 2526, 2176, 1790
matrix, 2527, 2811, 3063
matrix, 2528, 3389, 3188
matrix, 2529, 2237, 2473
matrix, 2530, 3038, 2677
matrix, 2531, 2660, 3248
matrix, 2532, 1575, 2325
matrix, 2533, 1227, 1921
matrix, 2534, 4326, 3555
matrix, 2535, 3125, 2803
matrix, 2536, 3090, 2753
matrix, 2537, 2642, 2882
matrix, 2538, 4081, 2121
matrix, 2539, 945, 2236
matrix, 2540, 3315, 2094
matrix, 2541, 854, 1250
matrix, 2542, 4521, 3019
matrix, 2543, 1839, 1869
matrix, 2544, 2561, 1884
matrix, 2545, 4795, 3617
matrix, 2546, 1589, 2302
matrix, 2547, 1574, 2672
matrix, 2548, 3139, 1811
matrix, 2549, 2553, 2708
matrix, 2550, 3022, 1592
matrix, 2551, 2903, 3138
matrix, 2552, 2458, 2282
matrix, 2553, 2473, 2707
matrix, 2554, 1978, 2459
matrix, 2555, 2921, 2323
matrix, 2556, 3676, 2700
matrix, 2557, 3605, 3612
matrix, 2558, 921, 1158
matrix, 2559, 1718, 1933
matrix, 2560, 4692, 3346
matrix, 2561, 2577, 1883
matrix, 2562, 2013, 1950
matrix, 2563, 2558, 1159
matrix, 2564, 2044, 1783
matrix, 2565, 1645, 2187
matrix, 2566, 3109, 2825
matrix, 2567, 2333, 2238
matrix, 2568, 3300, 2639
matrix, 2569, 1399, 2550
matrix, 2570, 2822, 3177
matrix, 2571, 3045, 2310
matrix, 2572, 1691, 1645
matrix, 2573, 2846, 2406
matrix, 2574, 3283, 2812
matrix, 2575, 3966, 3132
matrix, 2576, 3747, 3590
matrix, 2577, 3811, 1882
matrix, 2578, 2949, 2690
matrix, 2579, 4138, 3124
matrix, 2580, 3420, 2966
matrix, 2581, 3531, 2637
matrix, 2582, 2132, 2270
matrix, 2583, 3320, 2501
matrix, 2584, 164, 739
matrix, 2585, 1421, 2805
matrix, 2586, 1998, 2563
matrix, 2587, 5470, 3317
matrix, 2588, 2759, 2873
matrix, 2589, 1770, 1857
matrix, 2590, 2711, 3278
matrix, 2591, 4027, 3408
matrix, 2592, 626, 1611
matrix, 2593, 3982, 2661
matrix, 2594, 2167, 1570
matrix, 2595, 4784, 2006
matrix, 2596, 4019, 3699
matrix, 2597, 2403, 1669
matrix, 2598, 2896, 2569
matrix, 2599, 2728, 2098
matrix, 2600, 1086, 2003
matrix, 2601, 2216, 2592
matrix, 2602, 3422, 3044
matrix, 2603, 3180, 3339
matrix, 2604, 1178, 2070
matrix, 2605, 3328, 2757
matrix, 2606, 1745, 2181
matrix, 2607, 2471, 2422
matrix, 2608, 2565, 2188
matrix, 2609, 2760, 2428
matrix, 2610, 3227, 2908
matrix, 2611, 2430, 2284
matrix, 2612, 1303, 1658
matrix, 2613, 2735, 2611
matrix, 2614, 2334, 2352
matrix, 2615, 636, 2584
matrix, 2616, 1039, 1747
matrix, 2617, 5157, 3951
matrix, 2618, 2772, 2545
matrix, 2619, 1855, 2275
matrix, 2620, 722, 1927
matrix, 2621, 3237, 3107
matrix, 2622, 1546, 1890
matrix, 2623, 1071, 1491
matrix, 2624, 4912, 2895
matrix, 2625, 5442, 4459
matrix, 2626, 1764, 1136
matrix, 2627, 2909, 3496
matrix, 2628, 2649, 1998
matrix, 2629, 2315, 1967
matrix, 2630, 1100, 1285
matrix, 2631, 2484, 2195
matrix, 2632, 2609, 2429
matrix, 2633, 1040, 1435
matrix, 2634, 1864, 2207
matrix, 2635, 3577, 3228
matrix, 2636, 1521, 2136
matrix, 2637, 2340, 2603
matrix, 2638, 4281, 3625
matrix, 2639, 2452, 2415
matrix, 2640, 4623, 3356
matrix, 2641, 1515, 3203
matrix, 2642, 1801, 2881
matrix, 2643, 1349, 2227
matrix, 2644, 1519, 594
matrix, 2645, 1904, 3071
matrix, 2646, 2297, 2573
matrix, 2647, 1808, 2266
matrix, 2648, 3600, 1912
matrix, 2649, 679, 1997
matrix, 2650, 3412, 3510
matrix, 2651, 5055, 4002
matrix, 2652, 5225, 3854
matrix, 2653, 1396, 2918
matrix, 2654, 3591, 3232
matrix, 2655, 2131, 1755
matrix, 2656, 2988, 2440
matrix, 2657, 4344, 3487
matrix, 2658, 3741, 3997
matrix, 2659, 2962, 2231
matrix, 2660, 3748, 3247
matrix, 2661, 803, 2485
matrix, 2662, 2575, 3133
matrix, 2663, 1756, 2140
matrix, 2664, 1704, 2465
matrix, 2665, 2056, 1737
matrix, 2666, 3403, 3574
matrix, 2667, 3112, 2952
matrix, 2668, 2840, 2487
matrix, 2669, 3069, 2556
matrix, 2670, 3165, 2682
matrix, 2671, 1796, 1923
matrix, 2672, 2877, 3093
matrix, 2673, 2439, 2632
matrix, 2674, 219, 831
matrix, 2675, 5038, 4017
matrix, 2676, 3096, 1731
matrix, 2677, 837, 1616
matrix, 2678, 4367, 3359
matrix, 2679, 2420, 2403
matrix, 2680, 2882, 3096
matrix, 2681, 2467, 2240
matrix, 2682, 2092, 1807
matrix, 2683, 2195, 2018
matrix, 2684, 3140, 2248
matrix, 2685, 572, 962
matrix, 2686, 3919, 2105
matrix, 2687, 6750, 4859
matrix, 2688, 502, 1085
matrix, 2689, 3107, 2949
matrix, 2690, 3497, 2816
matrix, 2691, 3731, 3851
matrix, 2692, 199, 7
matrix, 2693, 1758, 1742
matrix, 2694, 4034, 3631
matrix, 2695, 5610, 3311
matrix, 2696, 3242, 3268
matrix, 2697, 3305, 4513
matrix, 2698, 1360, 2076
matrix, 2699, 3568, 3399
matrix, 2700, 4798, 4625
matrix, 2701, 2400, 2479
matrix, 2702, 3121, 2745
matrix, 2703, 1397, 1559
matrix, 2704, 3143, 3011
matrix, 2705, 2046, 2443
matrix, 2706, 2210, 2695
matrix, 2707, 612, 2148
matrix, 2708, 2100, 3153
matrix, 2709, 3174, 3412
matrix, 2710, 1919, 1139
matrix, 2711, 2908, 3277
matrix, 2712, 2739, 2670
matrix, 2713, 3336, 3294
matrix, 2714, 3129, 3728
matrix, 2715, 2959, 2943
matrix, 2716, 2880, 1800
matrix, 2717, 2244, 2026
matrix, 2718, 1487, 1313
matrix, 2719, 1661, 2582
matrix, 2720, 2008, 2955
matrix, 2721, 413, 1247
matrix, 2722, 4035, 3546
matrix, 2723, 3037, 3623
matrix, 2724, 3043, 2394
matrix, 2725, 3307, 2734
matrix, 2726, 1721, 2260
matrix, 2727, 3841, 4220
matrix, 2728, 2852, 2097
matrix, 2729, 3124, 3538
matrix, 2730, 4112, 4090
matrix, 2731, 4394, 4393
matrix, 2732, 2574, 2813
matrix, 2733, 3010, 3109
matrix, 2734, 2368, 2251
matrix, 2735, 2345, 2610
matrix, 2736, 3330, 2945
matrix, 2737, 3239, 4205
matrix, 2738, 5777, 2211
matrix, 2739, 3128, 2669
matrix, 2740, 1183, 1909
matrix, 2741, 4012, 3273
matrix, 2742, 2964, 2928
matrix, 2743, 4192, 4234
matrix, 2744, 2930, 2595
matrix, 2745, 1687, 1989
matrix, 2746, 2612, 1659
matrix, 2747, 2225, 2845
matrix, 2748, 2738, 2212
matrix, 2749, 3275, 3119
matrix, 2750, 3339, 3980
matrix, 2751, 1506, 1676
matrix, 2752, 3672, 3526
matrix, 2753, 3334, 3578
matrix, 2754, 1444, 2693
matrix, 2755, 2097, 1214
matrix, 2756, 2307, 2794
matrix, 2757, 3561, 3460
matrix, 2758, 2481, 2216
matrix, 2759, 4285, 2872
matrix, 2760, 1727, 2427
matrix, 2761, 3800, 3313
matrix, 2762, 5741, 4678
matrix, 2763, 735, 477
matrix, 2764, 4219, 2462
matrix, 2765, 3845, 2685
matrix, 2766, 2778, 3015
matrix, 2767, 188, 1045
matrix, 2768, 3304, 3738
matrix, 2769, 2242, 3456
matrix, 2770, 7585, 6194
matrix, 2771, 4199, 3289
matrix, 2772, 3211, 2544
matrix, 2773, 1714, 1880
matrix, 2774, 2851, 2761
matrix, 2775, 2392, 3046
matrix, 2776, 1031, 829
matrix, 2777, 3691, 3452
matrix, 2778, 3519, 3014
matrix, 2779, 2410, 2897
matrix, 2780, 1170, 2220
matrix, 2781, 3816, 3417
matrix, 2782, 2357, 2865
matrix, 2783, 1476, 1448
matrix, 2784, 3521, 3443
matrix, 2785, 900, 2522
matrix, 2786, 2235, 3369
matrix, 2787, 1034, 3066
matrix, 2788, 5223, 4019
matrix, 2789, 583, 1935
matrix, 2790, 3354, 4264
matrix, 2791, 3308, 2913
matrix, 2792, 1155, 2447
matrix, 2793, 2997, 2445
matrix, 2794, 2130, 2412
matrix, 2795, 2947, 2994
matrix, 2796, 1849, 1395
matrix, 2797, 1897, 2622
matrix, 2798, 3009, 2904
matrix, 2799, 4392, 4127
matrix, 2800, 2751, 1677
matrix, 2801, 3935, 3365
matrix, 2802, 2387, 3431
matrix, 2803, 4898, 4973
matrix, 2804, 1899, 4585
matrix, 2805, 1834, 1168
matrix, 2806, 2223, 2646
matrix, 2807, 3379, 2957
matrix, 2808, 2729, 3539
matrix, 2809, 3744, 3329
matrix, 2810, 261, 803
matrix, 2811, 3710, 3062
matrix, 2812, 2431, 2614
matrix, 2813, 2742, 2929
matrix, 2814, 3114, 2704
matrix, 2815, 2969, 4044
matrix, 2816, 739, 1162
matrix, 2817, 1595, 1577
matrix, 2818, 2987, 2384
matrix, 2819, 3506, 3241
matrix, 2820, 1921, 2776
matrix, 2821, 4163, 3789
matrix, 2822, 3813, 3176
matrix, 2823, 3968, 3425
matrix, 2824, 585, 1146
matrix, 2825, 4517, 3502
matrix, 2826, 4501, 3821
matrix, 2827, 2749, 3120
matrix, 2828, 3302, 3621
matrix, 2829, 2247, 2650
matrix, 2830, 3050, 1929
matrix, 2831, 2124, 3666
matrix, 2832, 3208, 3791
matrix, 2833, 1830, 2868
matrix, 2834, 4489, 3500
matrix, 2835, 3113, 2021
matrix, 2836, 3269, 2617
matrix, 2837, 3757, 2982
matrix, 2838, 1782, 2626
matrix, 2839, 2865, 2630
matrix, 2840, 2661, 2486
matrix, 2841, 2515, 2963
matrix, 2842, 4368, 4175
matrix, 2843, 4543, 3309
matrix, 2844, 2547, 2673
matrix, 2845, 78, 1224
matrix, 2846, 1651, 2405
matrix, 2847, 3088, 3271
matrix, 2848, 3779, 2973
matrix, 2849, 1679, 2863
matrix, 2850, 3991, 3563
matrix, 2851, 2154, 2760
matrix, 2852, 1385, 2096
matrix, 2853, 4455, 3929
matrix, 2854, 3169, 2365
matrix, 2855, 3708, 2820
matrix, 2856, 1016, 1994
matrix, 2857, 2979, 3090
matrix, 2858, 2437, 3286
matrix, 2859, 3861, 2786
matrix, 2860, 2369, 3105
matrix, 2861, 114, 140
matrix, 2862, 2890, 3281
matrix, 2863, 1646, 2173
matrix, 2864, 1892, 2072
matrix, 2865, 2350, 2629
matrix, 2866, 2734, 2252
matrix, 2867, 3360, 2960
matrix, 2868, 4183, 3803
matrix, 2869, 5661, 4114
matrix, 2870, 3396, 2728
matrix, 2871, 4906, 5484
matrix, 2872, 2000, 1056
matrix, 2873, 1263, 3782
matrix, 2874, 3177, 3557
matrix, 2875, 3416, 3813
matrix, 2876, 2721, 1248
matrix, 2877, 4030, 3092
matrix, 2878, 969, 1700
matrix, 2879, 3250, 2970
matrix, 2880, 568, 1799
matrix, 2881, 3473, 3296
matrix, 2882, 4152, 3095
matrix, 2883, 5892, 4294
matrix, 2884, 2168, 2888
matrix, 2885, 4148, 3610
matrix, 2886, 1752, 177
matrix, 2887, 2019, 3086
matrix, 2888, 3265, 3048
matrix, 2889, 2568, 2640
matrix, 2890, 3887, 3280
matrix, 2891, 1525, 2374
matrix, 2892, 2181, 3021
matrix, 2893, 3704, 2989
matrix, 2894, 2580, 2967
matrix, 2895, 3055, 3166
matrix, 2896, 3409, 2568
matrix, 2897, 3066, 3446
matrix, 2898, 1925, 2008
matrix, 2899, 2858, 3287
matrix, 2900, 3136, 2664
matrix, 2901, 4762, 4758
matrix, 2902, 3430, 3439
matrix, 2903, 5012, 3137
matrix, 2904, 3738, 2494
matrix, 2905, 2194, 2342
matrix, 2906, 966, 1726
matrix, 2907, 3044, 2987
matrix, 2908, 3681, 3276
matrix, 2909, 4500, 3495
matrix, 2910, 4635, 3946
matrix, 2911, 4454, 4238
matrix, 2912, 2271, 2358
matrix, 2913, 4235, 2921
matrix, 2914, 2965, 2658
matrix, 2915, 2996, 2859
matrix, 2916, 2615, 2585
matrix, 2917, 2331, 3170
matrix, 2918, 4761, 3817
matrix, 2919, 3286, 3878
matrix, 2920, 4257, 4116
matrix, 2921, 2293, 2322
matrix, 2922, 2870, 2729
matrix, 2923, 3160, 3863
matrix, 2924, 3317, 2381
matrix, 2925, 1130, 2184
matrix, 2926, 3772, 3690
matrix, 2927, 2664, 2466
matrix, 2928, 2457, 2258
matrix, 2929, 2143, 2799
matrix, 2930, 813, 2594
matrix, 2931, 4032, 3873
matrix, 2932, 2560, 3347
matrix, 2933, 548, 1853
matrix, 2934, 2323, 3377
matrix, 2935, 3574, 2892
matrix, 2936, 5129, 4137
matrix, 2937, 2072, 2354
matrix, 2938, 2995, 3415
matrix, 2939, 2654, 3233
matrix, 2940, 2468, 1964
matrix, 2941, 3505, 4531
matrix, 2942, 2079, 2256
matrix, 2943, 237, 1776
matrix, 2944, 4303, 4026
matrix, 2945, 4826, 4840
matrix, 2946, 2916, 2586
matrix, 2947, 3028, 2993
matrix, 2948, 3074, 3025
matrix, 2949, 3444, 2689
matrix, 2950, 2957, 3245
matrix, 2951, 5619, 4754
matrix, 2952, 3732, 2579
matrix, 2953, 2523, 2312
matrix, 2954, 2914, 2659
matrix, 2955, 1928, 3681
matrix, 2956, 5527, 4063
matrix, 2957, 4422, 3244
matrix, 2958, 2031, 1758
matrix, 2959, 4459, 2942
matrix, 2960, 4072, 3263
matrix, 2961, 3899, 4246
matrix, 2962, 2220, 2230
matrix, 2963, 4509, 3982
matrix, 2964, 4212, 2927
matrix, 2965, 3296, 2657
matrix, 2966, 3805, 2773
matrix, 2967, 1483, 1385
matrix, 2968, 2768, 3739
matrix, 2969, 4288, 4043
matrix, 2970, 3959, 3114
matrix, 2971, 4239, 4563
matrix, 2972, 3858, 3375
matrix, 2973, 3146, 2741
matrix, 2974, 3793, 3531
matrix, 2975, 3546, 3194
matrix, 2976, 1383, 2455
matrix, 2977, 2126, 2513
matrix, 2978, 2765, 2686
matrix, 2979, 3712, 3089
matrix, 2980, 1755, 2608
matrix, 2981, 3455, 4058
matrix, 2982, 3659, 3301
matrix, 2983, 3372, 2262
matrix, 2984, 3825, 3657
matrix, 2985, 2757, 3461
matrix, 2986, 2588, 2874
matrix, 2987, 1358, 2383
matrix, 2988, 1286, 2439
matrix, 2989, 3188, 3435
matrix, 2990, 3342, 4006
matrix, 2991, 3149, 3659
matrix, 2992, 1742, 2345
matrix, 2993, 4358, 4714
matrix, 2994, 1654, 2201
matrix, 2995, 3780, 3414
matrix, 2996, 2359, 2858
matrix, 2997, 2705, 2444
matrix, 2998, 1955, 2791
matrix, 2999, 2892, 3022
matrix, 3000, 4365, 4102
matrix, 3001, 3225, 3100
matrix, 3002, 323, 931
matrix, 3003, 3894, 3127
matrix, 3004, 3154, 2654
matrix, 3005, 2666, 3575
matrix, 3006, 5446, 4475
matrix, 3007, 2343, 2838
matrix, 3008, 2774, 2762
matrix, 3009, 3495, 2903
matrix, 3010, 2621, 3108
matrix, 3011, 2375, 3236
matrix, 3012, 4741, 3343
matrix, 3013, 3669, 3942
matrix, 3014, 4424, 3388
matrix, 3015, 2440, 2879
matrix, 3016, 5165, 4008
matrix, 3017, 3347, 3192
matrix, 3018, 2428, 2320
matrix, 3019, 3301, 3392
matrix, 3020, 2780, 2221
matrix, 3021, 4891, 3711
matrix, 3022, 1973, 1591
matrix, 3023, 217, 1127
matrix, 3024, 2142, 3076
matrix, 3025, 1137, 2504
matrix, 3026, 2576, 3591
matrix, 3027, 3047, 3542
matrix, 3028, 1907, 2992
matrix, 3029, 2218, 2339
matrix, 3030, 4581, 3351
matrix, 3031, 5019, 3498
matrix, 3032, 2444, 3211
matrix, 3033, 3883, 2861
matrix, 3034, 3827, 4767
matrix, 3035, 4477, 4193
matrix, 3036, 3491, 3102
matrix, 3037, 2828, 3622
matrix, 3038, 3448, 2676
matrix, 3039, 3498, 3361
matrix, 3040, 4373, 3639
matrix, 3041, 2668, 2488
matrix, 3042, 3525, 3117
matrix, 3043, 2470, 2393
matrix, 3044, 2465, 2986
matrix, 3045, 1968, 2309
matrix, 3046, 5628, 5244
matrix, 3047, 3643, 3541
matrix, 3048, 1715, 1375
matrix, 3049, 2895, 3167
matrix, 3050, 2620, 1928
matrix, 3051, 2157, 2548
matrix, 3052, 4268, 4034
matrix, 3053, 4730, 3465
matrix, 3054, 2466, 2755
matrix, 3055, 3867, 3165
matrix, 3056, 3652, 3560
matrix, 3057, 4135, 3030
matrix, 3058, 2502, 1872
matrix, 3059, 613, 2336
matrix, 3060, 2836, 2618
matrix, 3061, 3737, 3463
matrix, 3062, 2443, 4681
matrix, 3063, 4170, 3956
matrix, 3064, 4127, 4129
matrix, 3065, 1939, 2080
matrix, 3066, 4640, 3445
matrix, 3067, 1826, 1389
matrix, 3068, 3424, 3588
matrix, 3069, 3933, 2555
matrix, 3070, 2862, 3282
matrix, 3071, 5390, 3867
matrix, 3072, 4252, 3224
matrix, 3073, 4916, 4582
matrix, 3074, 3182, 3024
matrix, 3075, 1627, 2711
matrix, 3076, 3746, 3404
matrix, 3077, 5072, 4037
matrix, 3078, 3844, 3668
matrix, 3079, 1567, 2103
matrix, 3080, 4810, 3260
matrix, 3081, 3718, 3040
matrix, 3082, 2812, 2615
matrix, 3083, 3370, 3688
matrix, 3084, 3987, 3489
matrix, 3085, 2859, 2787
matrix, 3086, 2206, 3307
matrix, 3087, 2129, 2107
matrix, 3088, 3727, 3270
matrix, 3089, 2052, 2901
matrix, 3090, 4017, 2752
matrix, 3091, 1409, 2552
matrix, 3092, 2221, 3402
matrix, 3093, 1253, 1687
matrix, 3094, 3517, 2998
matrix, 3095, 2797, 2623
matrix, 3096, 1224, 1730
matrix, 3097, 2879, 2971
matrix, 3098, 4136, 3742
matrix, 3099, 3721, 2510
matrix, 3100, 4249, 3999
matrix, 3101, 2617, 3952
matrix, 3102, 2268, 3695
matrix, 3103, 3289, 2534
matrix, 3104, 3150, 4311
matrix, 3105, 3142, 2935
matrix, 3106, 2047, 1840
matrix, 3107, 2394, 2948
matrix, 3108, 4453, 4083
matrix, 3109, 3876, 2824
matrix, 3110, 5009, 4862
matrix, 3111, 2360, 2379
matrix, 3112, 3468, 2951
matrix, 3113, 1969, 2020
matrix, 3114, 2425, 2703
matrix, 3115, 3914, 4359
matrix, 3116, 4175, 3607
matrix, 3117, 2085, 3291
matrix, 3118, 2310, 2477
matrix, 3119, 2786, 3370
matrix, 3120, 3992, 4354
matrix, 3121, 2290, 2744
matrix, 3122, 5306, 4885
matrix, 3123, 4628, 3924
matrix, 3124, 4452, 3537
matrix, 3125, 3148, 2802
matrix, 3126, 1404, 2292
matrix, 3127, 4100, 3771
matrix, 3128, 936, 2668
matrix, 3129, 2461, 3727
matrix, 3130, 2955, 3682
matrix, 3131, 5703, 4200
matrix, 3132, 3849, 3842
matrix, 3133, 4893, 4351
matrix, 3134, 3080, 3261
matrix, 3135, 4538, 4067
matrix, 3136, 3219, 2663
matrix, 3137, 1151, 1060
matrix, 3138, 1701, 3057
matrix, 3139, 2243, 1810
matrix, 3140, 1083, 2247
matrix, 3141, 220, 148
matrix, 3142, 3267, 2934
matrix, 3143, 2522, 3010
matrix, 3144, 2868, 3804
matrix, 3145, 3726, 3255
matrix, 3146, 1552, 2740
matrix, 3147, 2441, 2419
matrix, 3148, 1819, 2801
matrix, 3149, 2984, 3658
matrix, 3150, 4690, 4310
matrix, 3151, 3019, 3393
matrix, 3152, 4444, 3725
matrix, 3153, 2837, 2983
matrix, 3154, 1442, 2653
matrix, 3155, 3668, 3042
matrix, 3156, 608, 2223
matrix, 3157, 4589, 4387
matrix, 3158, 2492, 2852
matrix, 3159, 2819, 3242
matrix, 3160, 4118, 3862
matrix, 3161, 5298, 5027
matrix, 3162, 3170, 3037
matrix, 3163, 3911, 3410
matrix, 3164, 3563, 3149
matrix, 3165, 1599, 2681
matrix, 3166, 2722, 3547
matrix, 3167, 6253, 4417
matrix, 3168, 4544, 2855
matrix, 3169, 1932, 2364
matrix, 3170, 2509, 3036
matrix, 3171, 3706, 3731
matrix, 3172, 2245, 2847
matrix, 3173, 4860, 4783
matrix, 3174, 3163, 3411
matrix, 3175, 4999, 3384
matrix, 3176, 4114, 3319
matrix, 3177, 2534, 3556
matrix, 3178, 2366, 2830
matrix, 3179, 3166, 3548
matrix, 3180, 3257, 3338
matrix, 3181, 3011, 3237
matrix, 3182, 2999, 3023
matrix, 3183, 4079, 4012
matrix, 3184, 3406, 3450
matrix, 3185, 4366, 4260
matrix, 3186, 2556, 2701
matrix, 3187, 2922, 2730
matrix, 3188, 2397, 3434
matrix, 3189, 5744, 3324
matrix, 3190, 2956, 4064
matrix, 3191, 43, 228
matrix, 3192, 4041, 3197
matrix, 3193, 2656, 2441
matrix, 3194, 3665, 3673
matrix, 3195, 3024, 3077
matrix, 3196, 3246, 3074
matrix, 3197, 1357, 1605
matrix, 3198, 4639, 3949
matrix, 3199, 2853, 3930
matrix, 3200, 2744, 2596
matrix, 3201, 2108, 2779
matrix, 3202, 1507, 1957
matrix, 3203, 2063, 2254
matrix, 3204, 4559, 4377
matrix, 3205, 4942, 3890
matrix, 3206, 2766, 3016
matrix, 3207, 2976, 2456
matrix, 3208, 2821, 3790
matrix, 3209, 2913, 2922
matrix, 3210, 3195, 3078
matrix, 3211, 2200, 2543
matrix, 3212, 4957, 3468
matrix, 3213, 2794, 2413
matrix, 3214, 1516, 2818
matrix, 3215, 3110, 4863
matrix, 3216, 3270, 3483
matrix, 3217, 3378, 2369
matrix, 3218, 3557, 3745
matrix, 3219, 2593, 2662
matrix, 3220, 2625, 4460
matrix, 3221, 4681, 3213
matrix, 3222, 2144, 2356
matrix, 3223, 4250, 4231
matrix, 3224, 2349, 3603
matrix, 3225, 4379, 3099
matrix, 3226, 4073, 3429
matrix, 3227, 2253, 2907
matrix, 3228, 1417, 2377
matrix, 3229, 2105, 3382
matrix, 3230, 1560, 3322
matrix, 3231, 2238, 2939
matrix, 3232, 3194, 3674
matrix, 3233, 1774, 2131
matrix, 3234, 2041, 3480
matrix, 3235, 3343, 3059
matrix, 3236, 3414, 3913
matrix, 3237, 2860, 3106
matrix, 3238, 5186, 3641
matrix, 3239, 4610, 4204
matrix, 3240, 2727, 4221
matrix, 3241, 2667, 2953
matrix, 3242, 3809, 3267
matrix, 3243, 3441, 3184
matrix, 3244, 3095, 2624
matrix, 3245, 3904, 3911
matrix, 3246, 4704, 3073
matrix, 3247, 5064, 4785
matrix, 3248, 4577, 4984
matrix, 3249, 4720, 3963
matrix, 3250, 4121, 2969
matrix, 3251, 2532, 2326
matrix, 3252, 3350, 3580
matrix, 3253, 2801, 3366
matrix, 3254, 3053, 3466
matrix, 3255, 3504, 2724
matrix, 3256, 2276, 2736
matrix, 3257, 3524, 3337
matrix, 3258, 4164, 3215
matrix, 3259, 4508, 4642
matrix, 3260, 2490, 2840
matrix, 3261, 4679, 4707
matrix, 3262, 3579, 3145
matrix, 3263, 3512, 2648
matrix, 3264, 3990, 3353
matrix, 3265, 2775, 3047
matrix, 3266, 2228, 4164
matrix, 3267, 4055, 2933
matrix, 3268, 2197, 2497
matrix, 3269, 3082, 2616
matrix, 3270, 3278, 3482
matrix, 3271, 4346, 4087
matrix, 3272, 4188, 3529
matrix, 3273, 4021, 3055
matrix, 3274, 2708, 3154
matrix, 3275, 3042, 3118
matrix, 3276, 2610, 2909
matrix, 3277, 2963, 3983
matrix, 3278, 3234, 3481
matrix, 3279, 2222, 2289
matrix, 3280, 1624, 2280
matrix, 3281, 2635, 3229
matrix, 3282, 2354, 3734
matrix, 3283, 4503, 2811
matrix, 3284, 4788, 4340
matrix, 3285, 3853, 3709
matrix, 3286, 3619, 3877
matrix, 3287, 5325, 6294
matrix, 3288, 1749, 2850
matrix, 3289, 3415, 2533
matrix, 3290, 3464, 3753
matrix, 3291, 2518, 3205
matrix, 3292, 3108, 4084
matrix, 3293, 1768, 3380
matrix, 3294, 3076, 3405
matrix, 3295, 2607, 2423
matrix, 3296, 3655, 2656
matrix, 3297, 4561, 4278
matrix, 3298, 1312, 1900
matrix, 3299, 3815, 3716
matrix, 3300, 2581, 2638
matrix, 3301, 3417, 3391
matrix, 3302, 4973, 3620
matrix, 3303, 3889, 3751
matrix, 3304, 4082, 3737
matrix, 3305, 3945, 4512
matrix, 3306, 3072, 3225
matrix, 3307, 2427, 2733
matrix, 3308, 4134, 2912
matrix, 3309, 2554, 2460
matrix, 3310, 4095, 3827
matrix, 3311, 2717, 2027
matrix, 3312, 3335, 3651
matrix, 3313, 3075, 2712
matrix, 3314, 3799, 4488
matrix, 3315, 2309, 2093
matrix, 3316, 3292, 4085
matrix, 3317, 3111, 2380
matrix, 3318, 8672, 6784
matrix, 3319, 4419, 4177
matrix, 3320, 1550, 2500
matrix, 3321, 5866, 4905
matrix, 3322, 3716, 4181
matrix, 3323, 3548, 2333
matrix, 3324, 5258, 4492
matrix, 3325, 1533, 1442
matrix, 3326, 2638, 3626
matrix, 3327, 835, 1582
matrix, 3328, 3054, 2756
matrix, 3329, 1050, 3372
matrix, 3330, 2715, 2944
matrix, 3331, 4794, 3993
matrix, 3332, 3617, 3033
matrix, 3333, 4620, 3836
matrix, 3334, 4158, 3577
matrix, 3335, 1014, 3650
matrix, 3336, 3447, 3293
matrix, 3337, 2241, 2143
matrix, 3338, 3105, 2936
matrix, 3339, 3516, 3979
matrix, 3340, 2779, 2898
matrix, 3341, 1490, 1977
matrix, 3342, 4078, 4005
matrix, 3343, 3138, 3058
matrix, 3344, 3553, 3686
matrix, 3345, 5420, 4542
matrix, 3346, 3789, 4291
matrix, 3347, 4684, 3191
matrix, 3348, 3555, 3643
matrix, 3349, 1956, 2158
matrix, 3350, 2753, 3579
matrix, 3351, 2925, 2185
matrix, 3352, 4766, 4781
matrix, 3353, 3912, 2931
matrix, 3354, 4412, 4263
matrix, 3355, 3348, 3644
matrix, 3356, 2986, 2875
matrix, 3357, 5125, 5330
matrix, 3358, 4426, 4269
matrix, 3359, 2758, 2217
matrix, 3360, 3513, 2959
matrix, 3361, 1455, 2877
matrix, 3362, 4172, 3719
matrix, 3363, 967, 1907
matrix, 3364, 2761, 3314
matrix, 3365, 5070, 3593
matrix, 3366, 4063, 4161
matrix, 3367, 1486, 1551
matrix, 3368, 2294, 1939
matrix, 3369, 6498, 4702
matrix, 3370, 3344, 3687
matrix, 3371, 1306, 2243
matrix, 3372, 2726, 2261
matrix, 3373, 4854, 3986
matrix, 3374, 2285, 2925
matrix, 3375, 3502, 3454
matrix, 3376, 3838, 3702
matrix, 3377, 740, 3027
matrix, 3378, 1659, 2368
matrix, 3379, 2720, 2956
matrix, 3380, 5130, 3887
matrix, 3381, 3850, 3081
matrix, 3382, 3903, 3808
matrix, 3383, 3256, 2737
matrix, 3384, 5826, 4196
matrix, 3385, 3953, 3566
matrix, 3386, 4811, 3523
matrix, 3387, 1305, 2748
matrix, 3388, 4447, 3571
matrix, 3389, 3860, 3187
matrix, 3390, 6686, 6035
matrix, 3391, 3294, 3406
matrix, 3392, 4321, 3181
matrix, 3393, 3612, 3122
matrix, 3394, 2040, 2827
matrix, 3395, 4047, 3476
matrix, 3396, 3451, 2727
matrix, 3397, 1597, 2155
matrix, 3398, 3313, 2713
matrix, 3399, 4776, 3760
matrix, 3400, 3735, 3303
matrix, 3401, 3232, 3675
matrix, 3402, 3206, 3017
matrix, 3403, 4334, 3573
matrix, 3404, 4932, 3670
matrix, 3405, 3036, 3103
matrix, 3406, 3463, 3449
matrix, 3407, 4008, 4040
matrix, 3408, 5047, 4851
matrix, 3409, 2409, 2567
matrix, 3410, 3358, 4270
matrix, 3411, 2147, 3069
matrix, 3412, 3614, 3509
matrix, 3413, 3395, 3477
matrix, 3414, 3245, 3912
matrix, 3415, 1628, 2532
matrix, 3416, 3690, 3812
matrix, 3417, 3944, 3390
matrix, 3418, 4206, 3704
matrix, 3419, 5766, 6369
matrix, 3420, 1138, 2965
matrix, 3421, 3693, 3492
matrix, 3422, 3155, 3043
matrix, 3423, 3978, 3857
matrix, 3424, 4276, 3587
matrix, 3425, 3822, 3598
matrix, 3426, 5530, 4303
matrix, 3427, 3310, 3828
matrix, 3428, 5189, 3601
matrix, 3429, 3594, 2750
matrix, 3430, 2505, 3438
matrix, 3431, 3407, 4041
matrix, 3432, 6109, 4847
matrix, 3433, 5469, 4889
matrix, 3434, 2655, 1756
matrix, 3435, 5392, 3989
matrix, 3436, 4137, 2453
matrix, 3437, 5675, 3637
matrix, 3438, 2263, 3217
matrix, 3439, 629, 1628
matrix, 3440, 1877, 3916
matrix, 3441, 1630, 3183
matrix, 3442, 5978, 5094
matrix, 3443, 2901, 4759
matrix, 3444, 2207, 2688
matrix, 3445, 2018, 3663
matrix, 3446, 4813, 4118
matrix, 3447, 3117, 3292
matrix, 3448, 2463, 2675
matrix, 3449, 6170, 5399
matrix, 3450, 4399, 4663
matrix, 3451, 1609, 2726
matrix, 3452, 3445, 3664
matrix, 3453, 2557, 3613
matrix, 3454, 3607, 3940
matrix, 3455, 4473, 4057
matrix, 3456, 1508, 2193
matrix, 3457, 1699, 2975
matrix, 3458, 4940, 4427
matrix, 3459, 4085, 3535
matrix, 3460, 3421, 3493
matrix, 3461, 5082, 4047
matrix, 3462, 781, 2307
matrix, 3463, 4943, 3448
matrix, 3464, 3303, 3752
matrix, 3465, 1847, 2153
matrix, 3466, 5412, 4870
matrix, 3467, 3189, 3325
matrix, 3468, 2689, 2950
matrix, 3469, 4104, 2915
matrix, 3470, 3369, 4703
matrix, 3471, 3467, 3326
matrix, 3472, 4231, 3647
matrix, 3473, 2713, 3295
matrix, 3474, 4669, 3568
matrix, 3475, 1717, 1931
matrix, 3476, 6108, 5214
matrix, 3477, 2769, 3457
matrix, 3478, 6025, 4485
matrix, 3479, 1636, 2162
matrix, 3480, 5563, 5208
matrix, 3481, 2039, 3162
matrix, 3482, 3187, 2731
matrix, 3483, 3533, 3628
matrix, 3484, 4031, 3919
matrix, 3485, 4298, 4242
matrix, 3486, 3450, 4664
matrix, 3487, 2240, 3129
matrix, 3488, 3670, 5138
matrix, 3489, 2531, 3249
matrix, 3490, 4294, 5110
matrix, 3491, 3001, 3101
matrix, 3492, 3035, 4194
matrix, 3493, 3012, 3344
matrix, 3494, 5386, 4802
matrix, 3495, 3089, 2902
matrix, 3496, 5485, 3900
matrix, 3497, 1930, 2815
matrix, 3498, 2678, 3360
matrix, 3499, 2408, 2721
matrix, 3500, 3997, 4023
matrix, 3501, 5088, 4684
matrix, 3502, 2777, 3453
matrix, 3503, 1994, 2066
matrix, 3504, 3582, 2723
matrix, 3505, 5443, 4530
matrix, 3506, 2415, 3240
matrix, 3507, 1753, 1831
matrix, 3508, 3027, 3543
matrix, 3509, 4834, 4054
matrix, 3510, 2213, 3661
matrix, 3511, 4437, 4147
matrix, 3512, 2806, 2647
matrix, 3513, 2807, 2958
matrix, 3514, 4664, 3845
matrix, 3515, 1610, 2387
matrix, 3516, 2411, 3978
matrix, 3517, 1196, 2997
matrix, 3518, 3792, 3002
matrix, 3519, 3790, 3013
matrix, 3520, 4622, 4179
matrix, 3521, 4033, 3442
matrix, 3522, 3373, 3987
matrix, 3523, 3673, 2482
matrix, 3524, 3986, 3336
matrix, 3525, 1475, 3116
matrix, 3526, 3686, 3521
matrix, 3527, 4948, 3713
matrix, 3528, 5462, 3533
matrix, 3529, 6670, 6685
matrix, 3530, 2128, 2679
matrix, 3531, 4496, 2636
matrix, 3532, 3299, 3717
matrix, 3533, 3326, 3627
matrix, 3534, 4061, 3778
matrix, 3535, 2691, 3852
matrix, 3536, 3658, 4952
matrix, 3537, 3694, 3756
matrix, 3538, 5205, 4216
matrix, 3539, 3599, 3823
matrix, 3540, 3634, 3006
matrix, 3541, 3249, 3964
matrix, 3542, 5309, 4105
matrix, 3543, 5440, 4555
matrix, 3544, 2653, 2919
matrix, 3545, 3873, 3679
matrix, 3546, 3017, 3193
matrix, 3547, 2998, 2792
matrix, 3548, 3890, 2332
matrix, 3549, 3039, 3362
matrix, 3550, 94, 20
matrix, 3551, 4560, 3515
matrix, 3552, 2269, 3159
matrix, 3553, 3749, 3685
matrix, 3554, 6226, 5868
matrix, 3555, 3238, 3642
matrix, 3556, 3306, 3226
matrix, 3557, 3836, 3744
matrix, 3558, 1180, 1750
matrix, 3559, 5473, 4749
matrix, 3560, 4410, 4537
matrix, 3561, 3618, 3459
matrix, 3562, 1807, 2055
matrix, 3563, 2035, 3148
matrix, 3564, 4527, 3869
matrix, 3565, 3094, 2999
matrix, 3566, 2900, 2665
matrix, 3567, 2524, 2391
matrix, 3568, 2115, 3398
matrix, 3569, 4350, 3849
matrix, 3570, 4696, 5107
matrix, 3571, 6751, 3474
matrix, 3572, 4467, 3471
matrix, 3573, 4051, 3513
matrix, 3574, 3698, 2891
matrix, 3575, 3179, 3549
matrix, 3576, 3201, 2780
matrix, 3577, 3556, 3227
matrix, 3578, 926, 780
matrix, 3579, 2311, 3144
matrix, 3580, 2347, 2470
matrix, 3581, 4166, 3896
matrix, 3582, 3499, 2722
matrix, 3583, 2261, 2718
matrix, 3584, 2459, 2822
matrix, 3585, 2850, 3564
matrix, 3586, 3164, 3150
matrix, 3587, 2918, 3818
matrix, 3588, 5323, 4244
matrix, 3589, 4808, 3902
matrix, 3590, 4105, 4288
matrix, 3591, 4062, 3231
matrix, 3592, 3199, 3931
matrix, 3593, 2107, 3156
matrix, 3594, 3387, 2749
matrix, 3595, 2260, 3349
matrix, 3596, 3855, 3832
matrix, 3597, 3651, 2506
matrix, 3598, 3063, 3957
matrix, 3599, 2826, 3822
matrix, 3600, 1336, 1911
matrix, 3601, 4354, 4257
matrix, 3602, 3209, 2923
matrix, 3603, 3636, 3507
matrix, 3604, 3384, 4197
matrix, 3605, 2885, 3611
matrix, 3606, 3778, 4569
matrix, 3607, 4190, 3939
matrix, 3608, 4515, 3693
matrix, 3609, 3380, 3888
matrix, 3610, 4107, 4110
matrix, 3611, 3423, 3858
matrix, 3612, 2827, 3121
matrix, 3613, 4591, 4998
matrix, 3614, 3603, 3508
matrix, 3615, 2714, 3729
matrix, 3616, 2549, 2709
matrix, 3617, 2292, 3032
matrix, 3618, 3477, 3458
matrix, 3619, 4429, 3876
matrix, 3620, 4551, 4517
matrix, 3621, 5594, 5086
matrix, 3622, 3178, 2831
matrix, 3623, 2570, 3178
matrix, 3624, 4307, 4031
matrix, 3625, 2034, 3173
matrix, 3626, 5089, 6060
matrix, 3627, 4504, 4622
matrix, 3628, 3382, 3809
matrix, 3629, 6353, 5102
matrix, 3630, 3331, 3994
matrix, 3631, 3276, 2910
matrix, 3632, 4907, 3922
matrix, 3633, 5481, 4520
matrix, 3634, 2091, 3005
matrix, 3635, 4468, 3934
matrix, 3636, 4201, 3506
matrix, 3637, 3418, 3705
matrix, 3638, 4434, 4121
matrix, 3639, 3740, 3333
matrix, 3640, 2946, 2587
matrix, 3641, 3880, 4347
matrix, 3642, 313, 2576
matrix, 3643, 2808, 3540
matrix, 3644, 3539, 3824
matrix, 3645, 2596, 3700
matrix, 3646, 4324, 4482
matrix, 3647, 4472, 4226
matrix, 3648, 4117, 3655
matrix, 3649, 2966, 2774
matrix, 3650, 2011, 2330
matrix, 3651, 3025, 2505
matrix, 3652, 4111, 3559
matrix, 3653, 3564, 3870
matrix, 3654, 3243, 3185
matrix, 3655, 3004, 2655
matrix, 3656, 2935, 2893
matrix, 3657, 2472, 3596
matrix, 3658, 5369, 4951
matrix, 3659, 4409, 3300
matrix, 3660, 6611, 5441
matrix, 3661, 4693, 3834
matrix, 3662, 2469, 2349
matrix, 3663, 4355, 4363
matrix, 3664, 3639, 3334
matrix, 3665, 4246, 3672
matrix, 3666, 3580, 2471
matrix, 3667, 3709, 3518
matrix, 3668, 3081, 3041
matrix, 3669, 3454, 3941
matrix, 3670, 4726, 5137
matrix, 3671, 3427, 3829
matrix, 3672, 4337, 3525
matrix, 3673, 2116, 2481
matrix, 3674, 3236, 3914
matrix, 3675, 3049, 3168
matrix, 3676, 1649, 2699
matrix, 3677, 5808, 5130
matrix, 3678, 4139, 3111
matrix, 3679, 2873, 3783
matrix, 3680, 998, 1277
matrix, 3681, 5993, 3275
matrix, 3682, 1447, 2145
matrix, 3683, 3362, 3720
matrix, 3684, 3084, 3490
matrix, 3685, 512, 508
matrix, 3686, 2429, 3520
matrix, 3687, 3802, 4800
matrix, 3688, 3013, 3943
matrix, 3689, 2546, 2303
matrix, 3690, 4191, 3811
matrix, 3691, 3184, 3451
matrix, 3692, 2917, 3171
matrix, 3693, 3684, 3491
matrix, 3694, 3955, 3755
matrix, 3695, 5595, 4737
matrix, 3696, 4592, 4010
matrix, 3697, 3264, 3354
matrix, 3698, 1862, 2890
matrix, 3699, 3812, 3892
matrix, 3700, 3364, 3315
matrix, 3701, 4149, 3847
matrix, 3702, 3637, 3706
matrix, 3703, 4619, 2516
matrix, 3704, 2907, 2988
matrix, 3705, 2248, 2315
matrix, 3706, 3615, 3730
matrix, 3707, 3764, 3141
matrix, 3708, 3214, 2819
matrix, 3709, 4911, 3517
matrix, 3710, 3808, 3061
matrix, 3711, 4471, 3635
matrix, 3712, 4007, 3088
matrix, 3713, 5492, 4567
matrix, 3714, 1672, 4732
matrix, 3715, 3965, 2558
matrix, 3716, 3520, 4180
matrix, 3717, 4225, 4097
matrix, 3718, 1783, 3039
matrix, 3719, 1535, 2490
matrix, 3720, 3190, 4065
matrix, 3721, 2371, 2509
matrix, 3722, 4182, 4072
matrix, 3723, 4445, 4447
matrix, 3724, 809, 2436
matrix, 3725, 7049, 4724
matrix, 3726, 4330, 3254
matrix, 3727, 2696, 3269
matrix, 3728, 4025, 3305
matrix, 3729, 3947, 4787
matrix, 3730, 3115, 4360
matrix, 3731, 3569, 3850
matrix, 3732, 2391, 2578
matrix, 3733, 3102, 3696
matrix, 3734, 3888, 3747
matrix, 3735, 2982, 3302
matrix, 3736, 3408, 4852
matrix, 3737, 2985, 3462
matrix, 3738, 1857, 2493
matrix, 3739, 4461, 3880
matrix, 3740, 1328, 3332
matrix, 3741, 4171, 3996
matrix, 3742, 3960, 4275
matrix, 3743, 3542, 4106
matrix, 3744, 2038, 3328
matrix, 3745, 2809, 3330
matrix, 3746, 3092, 3403
matrix, 3747, 3068, 3589
matrix, 3748, 2950, 3246
matrix, 3749, 1443, 3684
matrix, 3750, 6171, 4534
matrix, 3751, 3977, 4049
matrix, 3752, 4093, 4627
matrix, 3753, 4941, 4422
matrix, 3754, 3394, 2828
matrix, 3755, 4770, 4809
matrix, 3756, 3624, 4032
matrix, 3757, 1558, 2981
matrix, 3758, 2446, 3583
matrix, 3759, 4115, 4313
matrix, 3760, 2327, 2789
matrix, 3761, 3282, 3735
matrix, 3762, 3981, 3927
matrix, 3763, 3941, 3894
matrix, 3764, 2204, 3140
matrix, 3765, 3171, 3732
matrix, 3766, 3262, 3146
matrix, 3767, 4295, 4879
matrix, 3768, 4708, 4696
matrix, 3769, 3056, 3561
matrix, 3770, 4278, 3799
matrix, 3771, 1165, 1983
matrix, 3772, 3083, 3689
matrix, 3773, 5184, 4825
matrix, 3774, 4862, 3762
matrix, 3775, 4919, 3615
matrix, 3776, 3796, 4909
matrix, 3777, 6046, 4452
matrix, 3778, 3713, 4568
matrix, 3779, 3097, 2972
matrix, 3780, 2709, 3413
matrix, 3781, 5883, 5223
matrix, 3782, 4850, 4764
matrix, 3783, 3717, 4098
matrix, 3784, 3974, 4390
matrix, 3785, 3902, 3220
matrix, 3786, 3967, 2808
matrix, 3787, 4927, 5144
matrix, 3788, 4236, 3251
matrix, 3789, 4064, 4290
matrix, 3790, 2704, 3012
matrix, 3791, 2016, 3420
matrix, 3792, 4214, 3001
matrix, 3793, 3272, 3530
matrix, 3794, 4224, 4153
matrix, 3795, 4853, 4384
matrix, 3796, 4197, 4908
matrix, 3797, 3983, 3882
matrix, 3798, 5360, 3884
matrix, 3799, 5008, 4487
matrix, 3800, 2695, 3312
matrix, 3801, 2944, 4027
matrix, 3802, 5096, 4799
matrix, 3803, 4967, 3653
matrix, 3804, 4655, 5794
matrix, 3805, 2136, 2772
matrix, 3806, 4641, 5182
matrix, 3807, 2180, 3284
matrix, 3808, 3235, 3060
matrix, 3809, 2316, 3266
matrix, 3810, 4259, 4170
matrix, 3811, 2773, 1881
matrix, 3812, 3205, 3891
matrix, 3813, 2512, 3175
matrix, 3814, 5154, 4186
matrix, 3815, 4689, 3715
matrix, 3816, 2938, 3416
matrix, 3817, 2781, 3418
matrix, 3818, 3871, 3796
matrix, 3819, 4387, 4317
matrix, 3820, 5641, 4955
matrix, 3821, 3907, 3767
matrix, 3822, 3657, 3597
matrix, 3823, 4615, 4730
matrix, 3824, 5224, 4633
matrix, 3825, 3648, 3656
matrix, 3826, 4351, 4132
matrix, 3827, 6586, 4766
matrix, 3828, 3994, 4150
matrix, 3829, 2545, 3618
matrix, 3830, 4994, 5098
matrix, 3831, 5965, 4694
matrix, 3832, 4098, 4370
matrix, 3833, 3277, 3984
matrix, 3834, 1237, 2643
matrix, 3835, 4881, 5118
matrix, 3836, 3098, 3743
matrix, 3837, 3172, 2848
matrix, 3838, 3645, 3701
matrix, 3839, 3703, 2517
matrix, 3840, 1734, 2767
matrix, 3841, 4264, 4219
matrix, 3842, 4803, 4560
matrix, 3843, 3220, 4461
matrix, 3844, 2831, 3667
matrix, 3845, 4735, 2684
matrix, 3846, 4901, 4719
matrix, 3847, 3952, 3865
matrix, 3848, 4576, 4834
matrix, 3849, 4427, 3841
matrix, 3850, 2272, 3080
matrix, 3851, 4120, 5031
matrix, 3852, 3791, 3421
matrix, 3853, 6232, 3708
matrix, 3854, 4045, 4651
matrix, 3855, 3980, 3831
matrix, 3856, 4377, 3959
matrix, 3857, 4534, 4373
matrix, 3858, 2178, 3374
matrix, 3859, 2662, 3134
matrix, 3860, 3654, 3186
matrix, 3861, 2455, 2785
matrix, 3862, 3742, 4276
matrix, 3863, 5135, 4375
matrix, 3864, 3644, 3825
matrix, 3865, 4984, 4842
matrix, 3866, 4831, 5061
matrix, 3867, 4649, 3164
matrix, 3868, 4005, 3860
matrix, 3869, 3622, 2832
matrix, 3870, 5792, 5582
matrix, 3871, 4094, 3795
matrix, 3872, 4841, 4812
matrix, 3873, 4423, 3678
matrix, 3874, 3961, 3769
matrix, 3875, 5305, 4576
matrix, 3876, 3584, 2823
matrix, 3877, 4091, 4546
matrix, 3878, 3323, 2334
matrix, 3879, 4297, 4076
matrix, 3880, 3881, 4346
matrix, 3881, 4599, 4345
matrix, 3882, 4650, 3972
matrix, 3883, 2915, 2860
matrix, 3884, 4899, 4381
matrix, 3885, 4965, 4125
matrix, 3886, 3518, 3003
matrix, 3887, 2590, 3279
matrix, 3888, 3218, 3746
matrix, 3889, 4133, 3750
matrix, 3890, 3650, 2331
matrix, 3891, 2376, 3966
matrix, 3892, 2737, 4206
matrix, 3893, 5933, 4599
matrix, 3894, 2328, 3126
matrix, 3895, 4312, 4051
matrix, 3896, 654, 1667
matrix, 3897, 2450, 3427
matrix, 3898, 2881, 3297
matrix, 3899, 3588, 4245
matrix, 3900, 4742, 5189
matrix, 3901, 4751, 4969
matrix, 3902, 4768, 3219
matrix, 3903, 1786, 3807
matrix, 3904, 4491, 3910
matrix, 3905, 5389, 4190
matrix, 3906, 5278, 5586
matrix, 3907, 4425, 3766
matrix, 3908, 2341, 2978
matrix, 3909, 2163, 2715
matrix, 3910, 3151, 3394
matrix, 3911, 2591, 3409
matrix, 3912, 2813, 2930
matrix, 3913, 1673, 1797
matrix, 3914, 4352, 4358
matrix, 3915, 5433, 4649
matrix, 3916, 3333, 3837
matrix, 3917, 4946, 4854
matrix, 3918, 4512, 3976
matrix, 3919, 3079, 2104
matrix, 3920, 5020, 4401
matrix, 3921, 4969, 4266
matrix, 3922, 2934, 3378
matrix, 3923, 3440, 3917
matrix, 3924, 4084, 4337
matrix, 3925, 5180, 4687
matrix, 3926, 4666, 4436
matrix, 3927, 4578, 6718
matrix, 3928, 3854, 4652
matrix, 3929, 4588, 3968
matrix, 3930, 3869, 2833
matrix, 3931, 3240, 4222
matrix, 3932, 5483, 5175
matrix, 3933, 5051, 2554
matrix, 3934, 5830, 4949
matrix, 3935, 4141, 3364
matrix, 3936, 4308, 4925
matrix, 3937, 3734, 3748
matrix, 3938, 5238, 4356
matrix, 3939, 5745, 4183
matrix, 3940, 5363, 4865
matrix, 3941, 3699, 3893
matrix, 3942, 4686, 4280
matrix, 3943, 4266, 4629
matrix, 3944, 3014, 3389
matrix, 3945, 4814, 4511
matrix, 3946, 4128, 4299
matrix, 3947, 3247, 4786
matrix, 3948, 3534, 3779
matrix, 3949, 3635, 3935
matrix, 3950, 4687, 5132
matrix, 3951, 3946, 4300
matrix, 3952, 2923, 3864
matrix, 3953, 3585, 3565
matrix, 3954, 5268, 5327
matrix, 3955, 3290, 3754
matrix, 3956, 4799, 4672
matrix, 3957, 2332, 2536
matrix, 3958, 1731, 3485
matrix, 3959, 4029, 3113
matrix, 3960, 5780, 4274
matrix, 3961, 3821, 3768
matrix, 3962, 2301, 2198
matrix, 3963, 5817, 5202
matrix, 3964, 3073, 4583
matrix, 3965, 2669, 2557
matrix, 3966, 2312, 3131
matrix, 3967, 1793, 2807
matrix, 3968, 4470, 3424
matrix, 3969, 4612, 4343
matrix, 3970, 3116, 3608
matrix, 3971, 3920, 4402
matrix, 3972, 3795, 4385
matrix, 3973, 3774, 3763
matrix, 3974, 4465, 4389
matrix, 3975, 4241, 4728
matrix, 3976, 2125, 4250
matrix, 3977, 3461, 4048
matrix, 3978, 4642, 3856
matrix, 3979, 5564, 4699
matrix, 3980, 3671, 3830
matrix, 3981, 5208, 3926
matrix, 3982, 2954, 2660
matrix, 3983, 3739, 3881
matrix, 3984, 5247, 4912
matrix, 3985, 3181, 3238
matrix, 3986, 3664, 3335
matrix, 3987, 2657, 3488
matrix, 3988, 4953, 4306
matrix, 3989, 5521, 6147
matrix, 3990, 3030, 3352
matrix, 3991, 3769, 3562
matrix, 3992, 5445, 4353
matrix, 3993, 6206, 5282
matrix, 3994, 4403, 4149
matrix, 3995, 5187, 4740
matrix, 3996, 2537, 2883
matrix, 3997, 6144, 4022
matrix, 3998, 3979, 4700
matrix, 3999, 3593, 3157
matrix, 4000, 3425, 3599
matrix, 4001, 4874, 5033
matrix, 4002, 4678, 3908
matrix, 4003, 4902, 4996
matrix, 4004, 4652, 3815
matrix, 4005, 3611, 3859
matrix, 4006, 2756, 2795
matrix, 4007, 2887, 3087
matrix, 4008, 4825, 4039
matrix, 4009, 4918, 5334
matrix, 4010, 5252, 4772
matrix, 4011, 4284, 3775
matrix, 4012, 2847, 3272
matrix, 4013, 2173, 2560
matrix, 4014, 4271, 4470
matrix, 4015, 4180, 4093
matrix, 4016, 4406, 4467
matrix, 4017, 3429, 2751
matrix, 4018, 3826, 4133
matrix, 4019, 4038, 3698
matrix, 4020, 5418, 4439
matrix, 4021, 4129, 3054
matrix, 4022, 4600, 4971
matrix, 4023, 4195, 4157
matrix, 4024, 1927, 4069
matrix, 4025, 3400, 3304
matrix, 4026, 2214, 2598
matrix, 4027, 3391, 3407
matrix, 4028, 6712, 6562
matrix, 4029, 3678, 3112
matrix, 4030, 2857, 3091
matrix, 4031, 3923, 3918
matrix, 4032, 4273, 3872
matrix, 4033, 4318, 3441
matrix, 4034, 5402, 3630
matrix, 4035, 4131, 3545
matrix, 4036, 4745, 4443
matrix, 4037, 4039, 4081
matrix, 4038, 3733, 3697
matrix, 4039, 4616, 4080
matrix, 4040, 4733, 5361
matrix, 4041, 4456, 3196
matrix, 4042, 4658, 5112
matrix, 4043, 3785, 3221
matrix, 4044, 5085, 5089
matrix, 4045, 3915, 4650
matrix, 4046, 5279, 5529
matrix, 4047, 3571, 3475
matrix, 4048, 4774, 3974
matrix, 4049, 4382, 4322
matrix, 4050, 3446, 4119
matrix, 4051, 5270, 3512
matrix, 4052, 3954, 5328
matrix, 4053, 4204, 3396
matrix, 4054, 4011, 3776
matrix, 4055, 3353, 2932
matrix, 4056, 5054, 4408
matrix, 4057, 4680, 4674
matrix, 4058, 2941, 4532
matrix, 4059, 4638, 4410
matrix, 4060, 4178, 3585
matrix, 4061, 4054, 3777
matrix, 4062, 3281, 3230
matrix, 4063, 4703, 4160
matrix, 4064, 3590, 4289
matrix, 4065, 4222, 4499
matrix, 4066, 3058, 1873
matrix, 4067, 5463, 4108
matrix, 4068, 5071, 4603
matrix, 4069, 3943, 4630
matrix, 4070, 4763, 4959
matrix, 4071, 5403, 5194
matrix, 4072, 3134, 3262
matrix, 4073, 3897, 3428
matrix, 4074, 4871, 4791
matrix, 4075, 5482, 5588
matrix, 4076, 3175, 3385
matrix, 4077, 2989, 3436
matrix, 4078, 4596, 4004
matrix, 4079, 3696, 4011
matrix, 4080, 2474, 3257
matrix, 4081, 1372, 2120
matrix, 4082, 3761, 3736
matrix, 4083, 6539, 5339
matrix, 4084, 4547, 4336
matrix, 4085, 3528, 3534
matrix, 4086, 3132, 3843
matrix, 4087, 5455, 5901
matrix, 4088, 3683, 3721
matrix, 4089, 3663, 4364
matrix, 4090, 5303, 4420
matrix, 4091, 4836, 4545
matrix, 4092, 3253, 3367
matrix, 4093, 2700, 4626
matrix, 4094, 2336, 3794
matrix, 4095, 3864, 3826
matrix, 4096, 4376, 3906
matrix, 4097, 5884, 5622
matrix, 4098, 4634, 4369
matrix, 4099, 5091, 4248
matrix, 4100, 3874, 3770
matrix, 4101, 4478, 3633
matrix, 4102, 5352, 6113
matrix, 4103, 4245, 4061
matrix, 4104, 2791, 2914
matrix, 4105, 5964, 4287
matrix, 4106, 5262, 5048
matrix, 4107, 4067, 4109
matrix, 4108, 3153, 2984
matrix, 4109, 3798, 3885
matrix, 4110, 3931, 4223
matrix, 4111, 2874, 3558
matrix, 4112, 4624, 4089
matrix, 4113, 3828, 4151
matrix, 4114, 2587, 3318
matrix, 4115, 3104, 4312
matrix, 4116, 5159, 5806
matrix, 4117, 3803, 3654
matrix, 4118, 3868, 3861
matrix, 4119, 2971, 4564
matrix, 4120, 4929, 5030
matrix, 4121, 2894, 2968
matrix, 4122, 1169, 3504
matrix, 4123, 5592, 4816
matrix, 4124, 6260, 6336
matrix, 4125, 4807, 4490
matrix, 4126, 3627, 4623
matrix, 4127, 2799, 4128
matrix, 4128, 4417, 4298
matrix, 4129, 2281, 3053
matrix, 4130, 4573, 3083
matrix, 4131, 3508, 3544
matrix, 4132, 4668, 4572
matrix, 4133, 3937, 3749
matrix, 4134, 3631, 2911
matrix, 4135, 4396, 3029
matrix, 4136, 2322, 3741
matrix, 4137, 2231, 2452
matrix, 4138, 3393, 3123
matrix, 4139, 2733, 3110
matrix, 4140, 5080, 4145
matrix, 4141, 3549, 3363
matrix, 4142, 5056, 4989
matrix, 4143, 2889, 2641
matrix, 4144, 4169, 3970
matrix, 4145, 5897, 5163
matrix, 4146, 2730, 4091
matrix, 4147, 7297, 5780
matrix, 4148, 3970, 3609
matrix, 4149, 3514, 3846
matrix, 4150, 4485, 6303
matrix, 4151, 3814, 4187
matrix, 4152, 2672, 3094
matrix, 4153, 5419, 5006
matrix, 4154, 2973, 2742
matrix, 4155, 6846, 6471
matrix, 4156, 6047, 4793
matrix, 4157, 4315, 4591
matrix, 4158, 3005, 3576
matrix, 4159, 7544, 6613
matrix, 4160, 3942, 4281
matrix, 4161, 2603, 3340
matrix, 4162, 4585, 5003
matrix, 4163, 4985, 3788
matrix, 4164, 3221, 3214
matrix, 4165, 5358, 4074
matrix, 4166, 3763, 3895
matrix, 4167, 5060, 5930
matrix, 4168, 7208, 4614
matrix, 4169, 3929, 3969
matrix, 4170, 4536, 3955
matrix, 4171, 3630, 3995
matrix, 4172, 3532, 3718
matrix, 4173, 4889, 4876
matrix, 4174, 5235, 4445
matrix, 4175, 5646, 3606
matrix, 4176, 3770, 3800
matrix, 4177, 4466, 4646
matrix, 4178, 3758, 3584
matrix, 4179, 4637, 4398
matrix, 4180, 4146, 4092
matrix, 4181, 5859, 5435
matrix, 4182, 5041, 4071
matrix, 4183, 5856, 3802
matrix, 4184, 3476, 5215
matrix, 4185, 424, 2475
matrix, 4186, 4202, 4211
matrix, 4187, 4292, 4415
matrix, 4188, 4329, 3528
matrix, 4189, 4020, 4440
matrix, 4190, 4207, 3938
matrix, 4191, 3628, 3810
matrix, 4192, 4998, 4233
matrix, 4193, 4785, 4139
matrix, 4194, 2259, 3551
matrix, 4195, 4756, 4156
matrix, 4196, 3971, 4403
matrix, 4197, 5517, 4907
matrix, 4198, 5057, 4872
matrix, 4199, 2899, 3288
matrix, 4200, 4764, 4496
matrix, 4201, 4122, 3505
matrix, 4202, 4313, 4210
matrix, 4203, 3474, 3569
matrix, 4204, 3910, 3395
matrix, 4205, 4533, 5168
matrix, 4206, 3376, 3703
matrix, 4207, 4497, 3937
matrix, 4208, 4706, 4502
matrix, 4209, 2548, 1812
matrix, 4210, 2010, 3199
matrix, 4211, 4869, 4818
matrix, 4212, 3374, 2926
matrix, 4213, 5058, 4579
matrix, 4214, 3565, 3000
matrix, 4215, 6268, 5451
matrix, 4216, 3984, 4913
matrix, 4217, 3000, 4103
matrix, 4218, 5053, 4743
matrix, 4219, 3309, 2461
matrix, 4220, 4873, 4526
matrix, 4221, 3794, 4154
matrix, 4222, 4450, 4498
matrix, 4223, 4977, 4734
matrix, 4224, 4113, 4152
matrix, 4225, 4335, 4096
matrix, 4226, 4014, 4471
matrix, 4227, 3801, 4028
matrix, 4228, 5788, 5315
matrix, 4229, 6121, 5566
matrix, 4230, 3204, 4378
matrix, 4231, 4780, 3646
matrix, 4232, 3948, 3780
matrix, 4233, 3647, 4227
matrix, 4234, 5285, 5124
matrix, 4235, 3544, 2920
matrix, 4236, 3489, 3250
matrix, 4237, 5307, 4367
matrix, 4238, 5152, 4166
matrix, 4239, 5084, 4562
matrix, 4240, 1785, 2697
matrix, 4241, 5199, 4727
matrix, 4242, 4089, 4365
matrix, 4243, 4583, 4208
matrix, 4244, 7131, 5354
matrix, 4245, 4630, 4060
matrix, 4246, 3404, 3671
matrix, 4247, 4161, 3341
matrix, 4248, 3509, 4055
matrix, 4249, 2658, 3998
matrix, 4250, 4380, 4230
matrix, 4251, 8426, 7367
matrix, 4252, 4402, 3223
matrix, 4253, 4752, 4325
matrix, 4254, 3806, 5183
matrix, 4255, 4524, 4333
matrix, 4256, 5475, 5000
matrix, 4257, 2869, 4115
matrix, 4258, 3818, 3797
matrix, 4259, 4830, 4169
matrix, 4260, 3859, 3135
matrix, 4261, 3261, 4708
matrix, 4262, 3995, 4741
matrix, 4263, 5076, 4349
matrix, 4264, 4283, 4218
matrix, 4265, 4725, 4553
matrix, 4266, 3752, 4628
matrix, 4267, 5565, 4857
matrix, 4268, 3756, 4033
matrix, 4269, 5436, 4456
matrix, 4270, 2697, 4514
matrix, 4271, 4502, 4469
matrix, 4272, 5050, 3758
matrix, 4273, 3653, 3871
matrix, 4274, 5810, 5819
matrix, 4275, 5029, 4982
matrix, 4276, 4060, 3586
matrix, 4277, 6017, 5501
matrix, 4278, 4258, 3798
matrix, 4279, 6068, 4806
matrix, 4280, 5045, 4413
matrix, 4281, 2723, 3624
matrix, 4282, 5153, 4692
matrix, 4283, 3538, 4217
matrix, 4284, 1791, 3774
matrix, 4285, 2255, 2871
matrix, 4286, 6831, 6537
matrix, 4287, 3064, 4130
matrix, 4288, 3431, 4042
matrix, 4289, 5289, 5277
matrix, 4290, 6133, 4745
matrix, 4291, 4386, 4821
matrix, 4292, 4280, 4414
matrix, 4293, 4157, 4592
matrix, 4294, 4717, 5109
matrix, 4295, 6317, 4878
matrix, 4296, 5707, 5658
matrix, 4297, 4165, 4075
matrix, 4298, 5171, 4241
matrix, 4299, 4682, 4141
matrix, 4300, 4558, 4425
matrix, 4301, 6222, 5301
matrix, 4302, 4746, 4014
matrix, 4303, 4499, 4025
matrix, 4304, 3366, 4162
matrix, 4305, 6744, 5725
matrix, 4306, 5559, 4823
matrix, 4307, 4393, 4030
matrix, 4308, 4529, 4924
matrix, 4309, 5535, 5291
matrix, 4310, 4044, 5090
matrix, 4311, 4525, 4721
matrix, 4312, 3751, 4050
matrix, 4313, 4243, 4209
matrix, 4314, 4362, 4202
matrix, 4315, 5249, 4590
matrix, 4316, 4408, 4607
matrix, 4317, 1836, 2541
matrix, 4318, 2902, 3440
matrix, 4319, 4238, 4167
matrix, 4320, 3052, 4035
matrix, 4321, 2435, 3180
matrix, 4322, 2911, 4239
matrix, 4323, 5875, 5356
matrix, 4324, 4481, 4481
matrix, 4325, 3832, 4371
matrix, 4326, 2249, 3554
matrix, 4327, 5026, 3961
matrix, 4328, 4647, 4173
matrix, 4329, 2752, 3527
matrix, 4330, 2088, 3253
matrix, 4331, 6486, 5871
matrix, 4332, 4564, 5015
matrix, 4333, 2814, 2705
matrix, 4334, 3388, 3572
matrix, 4335, 4949, 4095
matrix, 4336, 4981, 4548
matrix, 4337, 3386, 3524
matrix, 4338, 5753, 5367
matrix, 4339, 4769, 4319
matrix, 4340, 6198, 4612
matrix, 4341, 3988, 4307
matrix, 4342, 5969, 4827
matrix, 4343, 5624, 5524
matrix, 4344, 3958, 3486
matrix, 4345, 3587, 3819
matrix, 4346, 3316, 4086
matrix, 4347, 5557, 5247
matrix, 4348, 3559, 4750
matrix, 4349, 5845, 4596
matrix, 4350, 3701, 3848
matrix, 4351, 4287, 4131
matrix, 4352, 3938, 4357
matrix, 4353, 7699, 6528
matrix, 4354, 5046, 4256
matrix, 4355, 5625, 4362
matrix, 4356, 3866, 5062
matrix, 4357, 7765, 4891
matrix, 4358, 6083, 4713
matrix, 4359, 4490, 3991
matrix, 4360, 4987, 4927
matrix, 4361, 3552, 3160
matrix, 4362, 3131, 4201
matrix, 4363, 6052, 5877
matrix, 4364, 5501, 4454
matrix, 4365, 4605, 4101
matrix, 4366, 4933, 4259
matrix, 4367, 4978, 3358
matrix, 4368, 4328, 4174
matrix, 4369, 3233, 2132
matrix, 4370, 6384, 4640
matrix, 4371, 5103, 5770
matrix, 4372, 2326, 1823
matrix, 4373, 3437, 3638
matrix, 4374, 3501, 4685
matrix, 4375, 3572, 3472
matrix, 4376, 1551, 3905
matrix, 4377, 3598, 3958
matrix, 4378, 6372, 5152
matrix, 4379, 1640, 3098
matrix, 4380, 5341, 4229
matrix, 4381, 3529, 6686
matrix, 4382, 6183, 4321
matrix, 4383, 2788, 4020
matrix, 4384, 4068, 4604
matrix, 4385, 5350, 5490
matrix, 4386, 5813, 4820
matrix, 4387, 4570, 4316
matrix, 4388, 4532, 5391
matrix, 4389, 3916, 3838
matrix, 4390, 3783, 4099
matrix, 4391, 4801, 4747
matrix, 4392, 3885, 4126
matrix, 4393, 4227, 4029
matrix, 4394, 5664, 4392
matrix, 4395, 5887, 5527
matrix, 4396, 3377, 3028
matrix, 4397, 3610, 4111
matrix, 4398, 3930, 2834
matrix, 4399, 5450, 4662
matrix, 4400, 5929, 5742
matrix, 4401, 4049, 4323
matrix, 4402, 4043, 3222
matrix, 4403, 3511, 4148
matrix, 4404, 4269, 4457
matrix, 4405, 1908, 4331
matrix, 4406, 4629, 4466
matrix, 4407, 2731, 4394
matrix, 4408, 5300, 4606
matrix, 4409, 2304, 3299
matrix, 4410, 4910, 4536
matrix, 4411, 3101, 3953
matrix, 4412, 5131, 4262
matrix, 4413, 5028, 5512
matrix, 4414, 4909, 4328
matrix, 4415, 5142, 4669
matrix, 4416, 285, 1186
matrix, 4417, 6647, 4297
matrix, 4418, 4432, 4236
matrix, 4419, 2842, 4176
matrix, 4420, 6087, 5729
matrix, 4421, 4997, 5758
matrix, 4422, 3159, 3243
matrix, 4423, 2302, 3677
matrix, 4424, 4800, 3387
matrix, 4425, 4482, 3765
matrix, 4426, 4651, 4268
matrix, 4427, 4557, 3840
matrix, 4428, 2804, 4586
matrix, 4429, 4556, 3875
matrix, 4430, 4528, 4915
matrix, 4431, 4674, 5019
matrix, 4432, 2743, 4235
matrix, 4433, 5013, 4901
matrix, 4434, 4050, 4120
matrix, 4435, 7603, 6673
matrix, 4436, 5487, 5173
matrix, 4437, 4140, 4146
matrix, 4438, 4656, 4123
matrix, 4439, 5295, 5323
matrix, 4440, 5304, 4774
matrix, 4441, 3940, 4866
matrix, 4442, 5819, 4135
matrix, 4443, 5281, 5654
matrix, 4444, 5015, 3724
matrix, 4445, 4174, 4446
matrix, 4446, 6465, 5385
matrix, 4447, 4203, 3570
matrix, 4448, 5598, 5325
matrix, 4449, 4160, 4282
matrix, 4450, 4200, 4497
matrix, 4451, 5083, 5560
matrix, 4452, 3459, 3536
matrix, 4453, 4037, 4082
matrix, 4454, 4418, 4237
matrix, 4455, 3762, 3928
matrix, 4456, 2975, 3195
matrix, 4457, 4613, 4617
matrix, 4458, 6807, 6056
matrix, 4459, 2055, 2941
matrix, 4460, 5327, 5054
matrix, 4461, 2919, 3879
matrix, 4462, 6741, 5383
matrix, 4463, 5618, 5343
matrix, 4464, 5454, 5578
matrix, 4465, 3157, 4388
matrix, 4466, 4604, 4645
matrix, 4467, 2062, 3470
matrix, 4468, 5548, 3933
matrix, 4469, 3870, 5583
matrix, 4470, 2179, 3423
matrix, 4471, 4101, 3634
matrix, 4472, 4574, 4225
matrix, 4473, 4248, 4056
matrix, 4474, 5332, 5633
matrix, 4475, 6157, 6128
matrix, 4476, 4132, 4573
matrix, 4477, 4494, 4192
matrix, 4478, 2694, 3632
matrix, 4479, 4475, 6129
matrix, 4480, 3581, 3897
matrix, 4481, 4487, 4480
matrix, 4482, 3973, 3764
matrix, 4483, 5602, 5122
matrix, 4484, 4196, 4404
matrix, 4485, 6991, 6302
matrix, 4486, 7324, 5318
matrix, 4487, 5134, 4479
matrix, 4488, 4875, 5226
matrix, 4489, 3031, 3499
matrix, 4490, 3435, 3990
matrix, 4491, 4002, 3909
matrix, 4492, 3679, 3784
matrix, 4493, 4654, 4254
matrix, 4494, 3905, 4191
matrix, 4495, 6959, 6444
matrix, 4496, 2155, 2635
matrix, 4497, 3949, 3936
matrix, 4498, 4632, 4710
matrix, 4499, 3500, 4024
matrix, 4500, 3460, 3494
matrix, 4501, 4345, 3820
matrix, 4502, 4016, 4468
matrix, 4503, 2122, 2810
matrix, 4504, 4783, 4621
matrix, 4505, 6298, 4797
matrix, 4506, 4177, 4647
matrix, 4507, 6231, 5810
matrix, 4508, 4370, 4641
matrix, 4509, 2750, 3981
matrix, 4510, 6192, 5074
matrix, 4511, 4428, 4587
matrix, 4512, 4048, 3975
matrix, 4513, 4087, 5902
matrix, 4514, 4792, 5627
matrix, 4515, 2215, 3692
matrix, 4516, 1177, 2410
matrix, 4517, 2834, 3501
matrix, 4518, 4835, 4660
matrix, 4519, 3872, 4813
matrix, 4520, 5144, 4508
matrix, 4521, 3402, 3018
matrix, 4522, 4843, 4550
matrix, 4523, 8483, 8046
matrix, 4524, 4405, 4332
matrix, 4525, 3846, 4720
matrix, 4526, 3843, 4462
matrix, 4527, 3071, 3868
matrix, 4528, 4216, 4914
matrix, 4529, 4584, 4923
matrix, 4530, 2951, 4755
matrix, 4531, 7136, 5550
matrix, 4532, 5505, 5390
matrix, 4533, 5319, 5167
matrix, 4534, 4325, 4372
matrix, 4535, 3723, 4448
matrix, 4536, 4411, 3954
matrix, 4537, 5430, 4540
matrix, 4538, 3720, 4066
matrix, 4539, 8074, 6819
matrix, 4540, 6161, 5170
matrix, 4541, 6118, 4658
matrix, 4542, 5217, 5673
matrix, 4543, 3086, 3308
matrix, 4544, 2017, 2854
matrix, 4545, 5136, 4078
matrix, 4546, 4938, 5050
matrix, 4547, 5942, 4335
matrix, 4548, 4787, 4477
matrix, 4549, 4186, 4212
matrix, 4550, 4270, 4515
matrix, 4551, 4550, 4516
matrix, 4552, 2939, 3234
matrix, 4553, 3834, 2644
matrix, 4554, 5426, 4941
matrix, 4555, 3127, 3772
matrix, 4556, 2931, 3874
matrix, 4557, 4389, 3839
matrix, 4558, 5017, 4424
matrix, 4559, 3863, 4376
matrix, 4560, 3573, 3514
matrix, 4561, 3862, 4277
matrix, 4562, 6478, 5268
matrix, 4563, 5052, 5349
matrix, 4564, 4691, 5014
matrix, 4565, 3620, 4518
matrix, 4566, 5124, 4506
matrix, 4567, 4996, 5251
matrix, 4568, 5807, 4430
matrix, 4569, 3224, 3604
matrix, 4570, 5197, 4315
matrix, 4571, 4492, 3785
matrix, 4572, 4845, 5286
matrix, 4573, 3381, 3082
matrix, 4574, 4110, 4224
matrix, 4575, 4198, 4873
matrix, 4576, 5179, 4833
matrix, 4577, 4275, 4983
matrix, 4578, 4959, 6717
matrix, 4579, 4046, 5530
matrix, 4580, 4760, 5021
matrix, 4581, 3595, 3350
matrix, 4582, 4603, 4528
matrix, 4583, 3892, 4207
matrix, 4584, 4920, 4922
matrix, 4585, 5192, 5002
matrix, 4586, 4069, 4631
matrix, 4587, 4414, 4329
matrix, 4588, 3891, 3967
matrix, 4589, 3972, 4386
matrix, 4590, 6471, 5458
matrix, 4591, 4003, 4997
matrix, 4592, 3016, 4009
matrix, 4593, 4293, 4593
matrix, 4594, 4602, 5217
matrix, 4595, 5590, 6197
matrix, 4596, 2651, 4003
matrix, 4597, 5422, 5082
matrix, 4598, 5672, 5693
matrix, 4599, 3969, 4344
matrix, 4600, 3901, 4970
matrix, 4601, 4378, 5153
matrix, 4602, 4184, 5216
matrix, 4603, 4220, 4527
matrix, 4604, 5781, 4644
matrix, 4605, 4390, 4100
matrix, 4606, 4116, 5807
matrix, 4607, 3365, 3594
matrix, 4608, 5214, 5541
matrix, 4609, 5098, 5827
matrix, 4610, 4314, 4203
matrix, 4611, 6905, 6201
matrix, 4612, 4749, 4342
matrix, 4613, 4867, 4616
matrix, 4614, 4701, 4933
matrix, 4615, 3975, 4729
matrix, 4616, 4545, 4079
matrix, 4617, 5297, 4654
matrix, 4618, 5434, 5084
matrix, 4619, 1491, 2515
matrix, 4620, 3661, 3835
matrix, 4621, 6915, 5985
matrix, 4622, 3319, 4178
matrix, 4623, 3697, 3355
matrix, 4624, 3271, 4088
matrix, 4625, 5073, 5257
matrix, 4626, 5240, 4976
matrix, 4627, 5236, 4947
matrix, 4628, 3632, 3923
matrix, 4629, 4719, 4465
matrix, 4630, 2981, 4059
matrix, 4631, 4930, 5043
matrix, 4632, 4261, 4709
matrix, 4633, 3458, 4428
matrix, 4634, 4237, 4368
matrix, 4635, 5039, 3945
matrix, 4636, 6141, 5716
matrix, 4637, 5668, 4397
matrix, 4638, 4056, 4409
matrix, 4639, 4828, 3948
matrix, 4640, 2784, 3444
matrix, 4641, 4683, 5181
matrix, 4642, 2652, 3855
matrix, 4643, 2494, 2401
matrix, 4644, 5704, 4929
matrix, 4645, 5163, 5376
matrix, 4646, 5065, 4937
matrix, 4647, 4713, 4172
matrix, 4648, 5346, 4143
matrix, 4649, 3481, 3163
matrix, 4650, 4144, 3971
matrix, 4651, 3921, 4267
matrix, 4652, 2875, 3814
matrix, 4653, 4498, 4711
matrix, 4654, 1583, 4253
matrix, 4655, 5504, 5793
matrix, 4656, 3638, 4122
matrix, 4657, 5569, 5308
matrix, 4658, 3490, 5111
matrix, 4659, 5615, 5663
matrix, 4660, 4755, 4881
matrix, 4661, 6346, 4931
matrix, 4662, 3345, 4543
matrix, 4663, 5580, 6425
matrix, 4664, 4086, 3844
matrix, 4665, 5035, 5158
matrix, 4666, 5927, 4435
matrix, 4667, 5002, 4406
matrix, 4668, 6484, 4571
matrix, 4669, 3385, 3567
matrix, 4670, 3646, 4483
matrix, 4671, 3062, 4682
matrix, 4672, 2303, 3051
matrix, 4673, 4951, 4986
matrix, 4674, 5216, 5018
matrix, 4675, 4023, 4158
matrix, 4676, 6631, 6382
matrix, 4677, 5005, 5011
matrix, 4678, 4096, 3907
matrix, 4679, 4822, 4706
matrix, 4680, 3956, 4673
matrix, 4681, 3032, 3212
matrix, 4682, 4193, 4140
matrix, 4683, 5471, 5180
matrix, 4684, 5032, 3190
matrix, 4685, 4145, 5164
matrix, 4686, 3297, 4279
matrix, 4687, 3677, 5131
matrix, 4688, 3976, 4251
matrix, 4689, 3527, 3714
matrix, 4690, 5765, 4309
matrix, 4691, 4887, 5013
matrix, 4692, 3493, 3345
matrix, 4693, 3596, 3833
matrix, 4694, 6063, 5545
matrix, 4695, 3486, 4665
matrix, 4696, 4866, 5106
matrix, 4697, 5107, 4895
matrix, 4698, 6599, 6876
matrix, 4699, 5229, 5206
matrix, 4700, 3951, 4301
matrix, 4701, 4661, 4932
matrix, 4702, 5105, 4285
matrix, 4703, 4675, 4159
matrix, 4704, 2645, 3072
matrix, 4705, 6049, 5949
matrix, 4706, 4778, 4501
matrix, 4707, 4407, 4395
matrix, 4708, 3831, 4695
matrix, 4709, 4347, 5248
matrix, 4710, 3963, 5203
matrix, 4711, 5351, 4829
matrix, 4712, 5021, 5259
matrix, 4713, 3810, 4171
matrix, 4714, 2993, 4715
matrix, 4715, 3034, 4768
matrix, 4716, 5467, 4473
matrix, 4717, 3570, 5108
matrix, 4718, 3875, 4577
matrix, 4719, 5339, 4464
matrix, 4720, 4327, 3962
matrix, 4721, 5354, 4993
matrix, 4722, 5477, 5197
matrix, 4723, 6164, 5402
matrix, 4724, 4731, 4601
matrix, 4725, 5379, 4552
matrix, 4726, 5930, 5136
matrix, 4727, 3536, 4953
matrix, 4728, 5609, 5615
matrix, 4729, 6036, 5408
matrix, 4730, 3061, 3464
matrix, 4731, 3893, 4600
matrix, 4732, 5523, 4899
matrix, 4733, 6166, 5360
matrix, 4734, 4861, 5069
matrix, 4735, 2670, 2683
matrix, 4736, 2883, 4295
matrix, 4737, 3484, 3920
matrix, 4738, 7743, 6637
matrix, 4739, 5949, 5519
matrix, 4740, 4097, 5623
matrix, 4741, 4247, 3342
matrix, 4742, 6283, 5188
matrix, 4743, 7565, 7089
matrix, 4744, 6285, 4450
matrix, 4745, 5078, 4442
matrix, 4746, 3183, 4013
matrix, 4747, 3895, 4052
matrix, 4748, 4469, 5584
matrix, 4749, 3284, 4341
matrix, 4750, 4848, 5296
matrix, 4751, 4753, 4968
matrix, 4752, 4401, 4324
matrix, 4753, 5715, 4967
matrix, 4754, 4554, 4942
matrix, 4755, 3767, 4880
matrix, 4756, 4221, 4155
matrix, 4757, 6172, 5713
matrix, 4758, 3144, 3805
matrix, 4759, 5660, 4557
matrix, 4760, 4431, 5020
matrix, 4761, 4004, 3816
matrix, 4762, 4963, 4757
matrix, 4763, 5691, 4958
matrix, 4764, 6028, 4495
matrix, 4765, 6596, 5851
matrix, 4766, 4935, 4780
matrix, 4767, 4433, 4902
matrix, 4768, 3438, 3218
matrix, 4769, 3819, 4318
matrix, 4770, 5801, 4808
matrix, 4771, 5087, 5680
matrix, 4772, 5132, 6225
matrix, 4773, 3324, 4493
matrix, 4774, 3882, 3973
matrix, 4775, 4356, 5063
matrix, 4776, 4272, 3759
matrix, 4777, 5913, 6214
matrix, 4778, 4065, 4500
matrix, 4779, 4430, 4916
matrix, 4780, 3355, 3645
matrix, 4781, 5695, 4837
matrix, 4782, 2639, 2416
matrix, 4783, 2344, 4620
matrix, 4784, 2519, 2005
matrix, 4785, 2936, 4138
matrix, 4786, 6929, 6080
matrix, 4787, 3006, 4476
matrix, 4788, 4885, 4339
matrix, 4789, 4962, 6706
matrix, 4790, 6352, 5233
matrix, 4791, 3804, 5795
matrix, 4792, 5126, 5626
matrix, 4793, 5342, 5303
matrix, 4794, 4359, 3992
matrix, 4795, 3775, 3616
matrix, 4796, 5639, 5539
matrix, 4797, 5921, 5921
matrix, 4798, 4126, 4624
matrix, 4799, 4817, 4671
matrix, 4800, 4076, 3386
matrix, 4801, 4290, 4746
matrix, 4802, 6568, 6592
matrix, 4803, 5581, 4559
matrix, 4804, 5947, 6136
matrix, 4805, 5155, 5371
matrix, 4806, 2158, 2797
matrix, 4807, 3314, 4489
matrix, 4808, 3496, 3901
matrix, 4809, 5647, 4944
matrix, 4810, 284, 3259
matrix, 4811, 3526, 3522
matrix, 4812, 6201, 5740
matrix, 4813, 2920, 4117
matrix, 4814, 5642, 4510
matrix, 4815, 6404, 5642
matrix, 4816, 5670, 4963
matrix, 4817, 4415, 4670
matrix, 4818, 6879, 5880
matrix, 4819, 3176, 3320
matrix, 4820, 3100, 4000
matrix, 4821, 4896, 5469
matrix, 4822, 5828, 4705
matrix, 4823, 3167, 4418
matrix, 4824, 4507, 5811
matrix, 4825, 3077, 4038
matrix, 4826, 4934, 4839
matrix, 4827, 4059, 4411
matrix, 4828, 2910, 3947
matrix, 4829, 5997, 5306
matrix, 4830, 4319, 4168
matrix, 4831, 6153, 5060
matrix, 4832, 5343, 5036
matrix, 4833, 4617, 4655
matrix, 4834, 4747, 4053
matrix, 4835, 4541, 4659
matrix, 4836, 4662, 4544
matrix, 4837, 5127, 5563
matrix, 4838, 6086, 6416
matrix, 4839, 4883, 5369
matrix, 4840, 5031, 5288
matrix, 4841, 4876, 4811
matrix, 4842, 3820, 4956
matrix, 4843, 4336, 4549
matrix, 4844, 6894, 6821
matrix, 4845, 5472, 5285
matrix, 4846, 5783, 5191
matrix, 4847, 4150, 6304
matrix, 4848, 6289, 5295
matrix, 4849, 4208, 4503
matrix, 4850, 4915, 4763
matrix, 4851, 7412, 7283
matrix, 4852, 5634, 4761
matrix, 4853, 5016, 4383
matrix, 4854, 3833, 3985
matrix, 4855, 2160, 5185
matrix, 4856, 4877, 5873
matrix, 4857, 5233, 5273
matrix, 4858, 4357, 4892
matrix, 4859, 4884, 4920
matrix, 4860, 3352, 4782
matrix, 4861, 5570, 5068
matrix, 4862, 3399, 3761
matrix, 4863, 6662, 5933
matrix, 4864, 4892, 4770
matrix, 4865, 6439, 5675
matrix, 4866, 5383, 5105
matrix, 4867, 4168, 4615
matrix, 4868, 3122, 4886
matrix, 4869, 4123, 4817
matrix, 4870, 4923, 5229
matrix, 4871, 4879, 4790
matrix, 4872, 5516, 5494
matrix, 4873, 5552, 4525
matrix, 4874, 3851, 5032
matrix, 4875, 6093, 5225
matrix, 4876, 3755, 4810
matrix, 4877, 4331, 5872
matrix, 4878, 3426, 4304
matrix, 4879, 5357, 4789
matrix, 4880, 4348, 4751
matrix, 4881, 4954, 5117
matrix, 4882, 6683, 6582
matrix, 4883, 4338, 5368
matrix, 4884, 6406, 4919
matrix, 4885, 3924, 4338
matrix, 4886, 8411, 7959
matrix, 4887, 4677, 5012
matrix, 4888, 6514, 6917
matrix, 4889, 5321, 4875
matrix, 4890, 4071, 5195
matrix, 4891, 3285, 3710
matrix, 4892, 4715, 4769
matrix, 4893, 4263, 4350
matrix, 4894, 6615, 5220
matrix, 4895, 6272, 6140
matrix, 4896, 6124, 5468
matrix, 4897, 5375, 6024
matrix, 4898, 4022, 4972
matrix, 4899, 6602, 4380
matrix, 4900, 4936, 4523
matrix, 4901, 5344, 4718
matrix, 4902, 5018, 4995
matrix, 4903, 6160, 6568
matrix, 4904, 6649, 6001
matrix, 4905, 2802, 3432
matrix, 4906, 5553, 5483
matrix, 4907, 4737, 3921
matrix, 4908, 4480, 3898
matrix, 4909, 5364, 4327
matrix, 4910, 3750, 4535
matrix, 4911, 3551, 3516
matrix, 4912, 3656, 2894
matrix, 4913, 6400, 6170
matrix, 4914, 5547, 5114
matrix, 4915, 4852, 4762
matrix, 4916, 5145, 4581
matrix, 4917, 4832, 5037
matrix, 4918, 6690, 5333
matrix, 4919, 3453, 3614
matrix, 4920, 4859, 4921
matrix, 4921, 7339, 5774
matrix, 4922, 5024, 5254
matrix, 4923, 5290, 5228
matrix, 4924, 4162, 5004
matrix, 4925, 6967, 6353
matrix, 4926, 7090, 6454
matrix, 4927, 5589, 5143
matrix, 4928, 4601, 5154
matrix, 4929, 5848, 5029
matrix, 4930, 5234, 5042
matrix, 4931, 4540, 5171
matrix, 4932, 3078, 3669
matrix, 4933, 3601, 4258
matrix, 4934, 4781, 4838
matrix, 4935, 5201, 4779
matrix, 4936, 5001, 4522
matrix, 4937, 5571, 5237
matrix, 4938, 4106, 5049
matrix, 4939, 5631, 6411
matrix, 4940, 4300, 4426
matrix, 4941, 4090, 4421
matrix, 4942, 3609, 3889
matrix, 4943, 2897, 3447
matrix, 4944, 2762, 4679
matrix, 4945, 4645, 5377
matrix, 4946, 3736, 4853
matrix, 4947, 6840, 6576
matrix, 4948, 3021, 3712
matrix, 4949, 4015, 4094
matrix, 4950, 7104, 6040
matrix, 4951, 3248, 4985
matrix, 4952, 4821, 5470
matrix, 4953, 4878, 4305
matrix, 4954, 5382, 5116
matrix, 4955, 6842, 5720
matrix, 4956, 3488, 5139
matrix, 4957, 3254, 3467
matrix, 4958, 5666, 4849
matrix, 4959, 7383, 6716
matrix, 4960, 5874, 5815
matrix, 4961, 4316, 4608
matrix, 4962, 7088, 6705
matrix, 4963, 4530, 4756
matrix, 4964, 5806, 4935
matrix, 4965, 4438, 4124
matrix, 4966, 4567, 5252
matrix, 4967, 3312, 3652
matrix, 4968, 3824, 4634
matrix, 4969, 2790, 4265
matrix, 4970, 5406, 5161
matrix, 4971, 5269, 5405
matrix, 4972, 3926, 4437
matrix, 4973, 3829, 3619
matrix, 4974, 5831, 5454
matrix, 4975, 4568, 4431
matrix, 4976, 4514, 5628
matrix, 4977, 3714, 4733
matrix, 4978, 2640, 3357
matrix, 4979, 6696, 5638
matrix, 4980, 6925, 5509
matrix, 4981, 3877, 4547
matrix, 4982, 3695, 4738
matrix, 4983, 4476, 4574
matrix, 4984, 2945, 4841
matrix, 4985, 4989, 3787
matrix, 4986, 5411, 5609
matrix, 4987, 3936, 4926
matrix, 4988, 7211, 5823
matrix, 4989, 4571, 3786
matrix, 4990, 4310, 5091
matrix, 4991, 4598, 5694
matrix, 4992, 5493, 6063
matrix, 4993, 6907, 6082
matrix, 4994, 5873, 5097
matrix, 4995, 5750, 6073
matrix, 4996, 5621, 5250
matrix, 4997, 5714, 5757
matrix, 4998, 3223, 4232
matrix, 4999, 3229, 3383
matrix, 5000, 6688, 5572
matrix, 5001, 3633, 4521
matrix, 5002, 4484, 4405
matrix, 5003, 5551, 5439
matrix, 5004, 6666, 6265
matrix, 5005, 5387, 5010
matrix, 5006, 5431, 5312
matrix, 5007, 5210, 5320
matrix, 5008, 3478, 4486
matrix, 5009, 5688, 4861
matrix, 5010, 6135, 5536
matrix, 5011, 5758, 5008
matrix, 5012, 4260, 3136
matrix, 5013, 4732, 4900
matrix, 5014, 3917, 4855
matrix, 5015, 6901, 3723
matrix, 5016, 3884, 4382
matrix, 5017, 3753, 4423
matrix, 5018, 4721, 4994
matrix, 5019, 2627, 3497
matrix, 5020, 5338, 4400
matrix, 5021, 4625, 5258
matrix, 5022, 5761, 5421
matrix, 5023, 5684, 5937
matrix, 5024, 4966, 5253
matrix, 5025, 7232, 6221
matrix, 5026, 3856, 3960
matrix, 5027, 6752, 6091
matrix, 5028, 5764, 5511
matrix, 5029, 5141, 4981
matrix, 5030, 5220, 6289
matrix, 5031, 4572, 5287
matrix, 5032, 2528, 3189
matrix, 5033, 6196, 6913
matrix, 5034, 5030, 6290
matrix, 5035, 5311, 5157
matrix, 5036, 6385, 5100
matrix, 5037, 5149, 5733
matrix, 5038, 5890, 4016
matrix, 5039, 3688, 3944
matrix, 5040, 4711, 4830
matrix, 5041, 4024, 4070
matrix, 5042, 5006, 5313
matrix, 5043, 6604, 5772
matrix, 5044, 4979, 5639
matrix, 5045, 4827, 4412
matrix, 5046, 4493, 4255
matrix, 5047, 4958, 4850
matrix, 5048, 6726, 4637
matrix, 5049, 2960, 3264
matrix, 5050, 3537, 3757
matrix, 5051, 3091, 2553
matrix, 5052, 5349, 5348
matrix, 5053, 4262, 4742
matrix, 5054, 4667, 4407
matrix, 5055, 4820, 4001
matrix, 5056, 6421, 4988
matrix, 5057, 3466, 4871
matrix, 5058, 4718, 4578
matrix, 5059, 4816, 4964
matrix, 5060, 5992, 5929
matrix, 5061, 7345, 6724
matrix, 5062, 5742, 5842
matrix, 5063, 5156, 5078
matrix, 5064, 3173, 4784
matrix, 5065, 4964, 4936
matrix, 5066, 8694, 8936
matrix, 5067, 5782, 5394
matrix, 5068, 5706, 5475
matrix, 5069, 4956, 5140
matrix, 5070, 3026, 3592
matrix, 5071, 4724, 4602
matrix, 5072, 4320, 4036
matrix, 5073, 6032, 5256
matrix, 5074, 4223, 4735
matrix, 5075, 5790, 5620
matrix, 5076, 3641, 4348
matrix, 5077, 6419, 5866
matrix, 5078, 4189, 4441
matrix, 5079, 6282, 5599
matrix, 5080, 4648, 4144
matrix, 5081, 5228, 5071
matrix, 5082, 5200, 4046
matrix, 5083, 6414, 5559
matrix, 5084, 3842, 4561
matrix, 5085, 5488, 5088
matrix, 5086, 4215, 5452
matrix, 5087, 5669, 5679
matrix, 5088, 4671, 4683
matrix, 5089, 5751, 6059
matrix, 5090, 4815, 5643
matrix, 5091, 2961, 4247
matrix, 5092, 3472, 3648
matrix, 5093, 4549, 4213
matrix, 5094, 6654, 5731
matrix, 5095, 3932, 5176
matrix, 5096, 4505, 4798
matrix, 5097, 3835, 5119
matrix, 5098, 6557, 5826
matrix, 5099, 5188, 5066
matrix, 5100, 5093, 4214
matrix, 5101, 4449, 4283
matrix, 5102, 5701, 6030
matrix, 5103, 6039, 5769
matrix, 5104, 6127, 4804
matrix, 5105, 5101, 4284
matrix, 5106, 5620, 5669
matrix, 5107, 6176, 4894
matrix, 5108, 6278, 6015
matrix, 5109, 3927, 6719
matrix, 5110, 6367, 5478
matrix, 5111, 5815, 6610
matrix, 5112, 5204, 4777
matrix, 5113, 9450, 5834
matrix, 5114, 6999, 6497
matrix, 5115, 4750, 5297
matrix, 5116, 5716, 5798
matrix, 5117, 4818, 5881
matrix, 5118, 5827, 5235
matrix, 5119, 5640, 5148
matrix, 5120, 5755, 5414
matrix, 5121, 4805, 5372
matrix, 5122, 5095, 5177
matrix, 5123, 4833, 4656
matrix, 5124, 5169, 4505
matrix, 5125, 4052, 5329
matrix, 5126, 6644, 5625
matrix, 5127, 5378, 5562
matrix, 5128, 6165, 5431
matrix, 5129, 4442, 4136
matrix, 5130, 4109, 3886
matrix, 5131, 3185, 4261
matrix, 5132, 6312, 6224
matrix, 5133, 7806, 5959
matrix, 5134, 4548, 4478
matrix, 5135, 3857, 4374
matrix, 5136, 3879, 4077
matrix, 5137, 4695, 4666
matrix, 5138, 6742, 6133
matrix, 5139, 4349, 4597
matrix, 5140, 5317, 4690
matrix, 5141, 5500, 4980
matrix, 5142, 5414, 4668
matrix, 5143, 4928, 5155
matrix, 5144, 4566, 4507
matrix, 5145, 4213, 4580
matrix, 5146, 5191, 6028
matrix, 5147, 4102, 6114
matrix, 5148, 5331, 6003
matrix, 5149, 5094, 5732
matrix, 5150, 5952, 5423
matrix, 5151, 6370, 5128
matrix, 5152, 3266, 4165
matrix, 5153, 5140, 4691
matrix, 5154, 2506, 4185
matrix, 5155, 4839, 5370
matrix, 5156, 5771, 5077
matrix, 5157, 3198, 3950
matrix, 5158, 3725, 4725
matrix, 5159, 5415, 5805
matrix, 5160, 6598, 5859
matrix, 5161, 5242, 5701
matrix, 5162, 4937, 5238
matrix, 5163, 5310, 5375
matrix, 5164, 6863, 6258
matrix, 5165, 2990, 4007
matrix, 5166, 4001, 5034
matrix, 5167, 6580, 5570
matrix, 5168, 6060, 5736
matrix, 5169, 4849, 4504
matrix, 5170, 5555, 5336
matrix, 5171, 4322, 4240
matrix, 5172, 5769, 6144
matrix, 5173, 4880, 4752
matrix, 5174, 6938, 5416
matrix, 5175, 5287, 5396
matrix, 5176, 4646, 4938
matrix, 5177, 5842, 5666
matrix, 5178, 6296, 5683
matrix, 5179, 6066, 4832
matrix, 5180, 4374, 4686
matrix, 5181, 6270, 5786
matrix, 5182, 4697, 4896
matrix, 5183, 5511, 5703
matrix, 5184, 4306, 4824
matrix, 5185, 4714, 4716
matrix, 5186, 3040, 3640
matrix, 5187, 4982, 4739
matrix, 5188, 5795, 5065
matrix, 5189, 4000, 3600
matrix, 5190, 7395, 5507
matrix, 5191, 7089, 6027
matrix, 5192, 4256, 5001
matrix, 5193, 5746, 5265
matrix, 5194, 3480, 5209
matrix, 5195, 6223, 5444
matrix, 5196, 6366, 5418
matrix, 5197, 3759, 4314
matrix, 5198, 5160, 5860
matrix, 5199, 5158, 4726
matrix, 5200, 2815, 4045
matrix, 5201, 5112, 4778
matrix, 5202, 4070, 4960
matrix, 5203, 6276, 6380
matrix, 5204, 5717, 4776
matrix, 5205, 5100, 4215
matrix, 5206, 5468, 5718
matrix, 5207, 3660, 5442
matrix, 5208, 3123, 3925
matrix, 5209, 5545, 5919
matrix, 5210, 4486, 5319
matrix, 5211, 6371, 5696
matrix, 5212, 2832, 3792
matrix, 5213, 5435, 6013
matrix, 5214, 4796, 5540
matrix, 5215, 5732, 5543
matrix, 5216, 5353, 5017
matrix, 5217, 5896, 5672
matrix, 5218, 5484, 5534
matrix, 5219, 4311, 4722
matrix, 5220, 6308, 6288
matrix, 5221, 5882, 5685
matrix, 5222, 5170, 5337
matrix, 5223, 2675, 4018
matrix, 5224, 4586, 4632
matrix, 5225, 3535, 3853
matrix, 5226, 6389, 5652
matrix, 5227, 4847, 6305
matrix, 5228, 4734, 5070
matrix, 5229, 7731, 5205
matrix, 5230, 5283, 5410
matrix, 5231, 8324, 7990
matrix, 5232, 6572, 5024
matrix, 5233, 5401, 5272
matrix, 5234, 5248, 5041
matrix, 5235, 4036, 4444
matrix, 5236, 5776, 4946
matrix, 5237, 6228, 6108
matrix, 5238, 3120, 4355
matrix, 5239, 5648, 5514
matrix, 5240, 5372, 4975
matrix, 5241, 5833, 5242
matrix, 5242, 7028, 5700
matrix, 5243, 5377, 5722
matrix, 5244, 5417, 5381
matrix, 5245, 5162, 5239
matrix, 5246, 5429, 6068
matrix, 5247, 5760, 4911
matrix, 5248, 5340, 5040
matrix, 5249, 5322, 4589
matrix, 5250, 5712, 5365
matrix, 5251, 5528, 5428
matrix, 5252, 4864, 4771
matrix, 5253, 6021, 5426
matrix, 5254, 6980, 6103
matrix, 5255, 5829, 5862
matrix, 5256, 6684, 6539
matrix, 5257, 3252, 3581
matrix, 5258, 4125, 4491
matrix, 5259, 6545, 5803
matrix, 5260, 4657, 5309
matrix, 5261, 5726, 6679
matrix, 5262, 5593, 5047
matrix, 5263, 4156, 4794
matrix, 5264, 5451, 4845
matrix, 5265, 4952, 5471
matrix, 5266, 4660, 4882
matrix, 5267, 5275, 5607
matrix, 5268, 4448, 5326
matrix, 5269, 6006, 5404
matrix, 5270, 2650, 3511
matrix, 5271, 6168, 7150
matrix, 5272, 5916, 5891
matrix, 5273, 5480, 5813
matrix, 5274, 3390, 6036
matrix, 5275, 6520, 5606
matrix, 5276, 4289, 5278
matrix, 5277, 4124, 6337
matrix, 5278, 4748, 5585
matrix, 5279, 4395, 5528
matrix, 5280, 5211, 5697
matrix, 5281, 5226, 5653
matrix, 5282, 6504, 6903
matrix, 5283, 4729, 5409
matrix, 5284, 3925, 4688
matrix, 5285, 4483, 5123
matrix, 5286, 6014, 5517
matrix, 5287, 5067, 5395
matrix, 5288, 8239, 5592
matrix, 5289, 5690, 5276
matrix, 5290, 4488, 5227
matrix, 5291, 6102, 5134
matrix, 5292, 4840, 5289
matrix, 5293, 5861, 5789
matrix, 5294, 6490, 6626
matrix, 5295, 6212, 5322
matrix, 5296, 2867, 2961
matrix, 5297, 3928, 4653
matrix, 5298, 5384, 5026
matrix, 5299, 5276, 5279
matrix, 5300, 4384, 4605
matrix, 5301, 3442, 5095
matrix, 5302, 5872, 5691
matrix, 5303, 4823, 4419
matrix, 5304, 4010, 4773
matrix, 5305, 4983, 4575
matrix, 5306, 5531, 4884
matrix, 5307, 4242, 4366
matrix, 5308, 5959, 6070
matrix, 5309, 4217, 4104
matrix, 5310, 6074, 5374
matrix, 5311, 5143, 5156
matrix, 5312, 5606, 5744
matrix, 5313, 2871, 5485
matrix, 5314, 5937, 5846
matrix, 5315, 5237, 6109
matrix, 5316, 6665, 7036
matrix, 5317, 5284, 4689
matrix, 5318, 6412, 6780
matrix, 5319, 5613, 5166
matrix, 5320, 7166, 6703
matrix, 5321, 4575, 4874
matrix, 5322, 4511, 4588
matrix, 5323, 3485, 4243
matrix, 5324, 5059, 4965
matrix, 5325, 6664, 6293
matrix, 5326, 6239, 5648
matrix, 5327, 5911, 5053
matrix, 5328, 4457, 4618
matrix, 5329, 6554, 5503
matrix, 5330, 6220, 6413
matrix, 5331, 4904, 6002
matrix, 5332, 6724, 5632
matrix, 5333, 5938, 5776
matrix, 5334, 5582, 5146
matrix, 5335, 7377, 4991
matrix, 5336, 9352, 6446
matrix, 5337, 6200, 5552
matrix, 5338, 4179, 4399
matrix, 5339, 4526, 4463
matrix, 5340, 6423, 5039
matrix, 5341, 4233, 4228
matrix, 5342, 4301, 5302
matrix, 5343, 5166, 5035
matrix, 5344, 5185, 4717
matrix, 5345, 6438, 7059
matrix, 5346, 4299, 4142
matrix, 5347, 6261, 5555
matrix, 5348, 5779, 5270
matrix, 5349, 7096, 5347
matrix, 5350, 5520, 5489
matrix, 5351, 4342, 4828
matrix, 5352, 6334, 6112
matrix, 5353, 4332, 5016
matrix, 5354, 5335, 4992
matrix, 5355, 5811, 4610
matrix, 5356, 4894, 5221
matrix, 5357, 3729, 4788
matrix, 5358, 3722, 4073
matrix, 5359, 5183, 5704
matrix, 5360, 3797, 3883
matrix, 5361, 6876, 6557
matrix, 5362, 6195, 5778
matrix, 5363, 3215, 4864
matrix, 5364, 4253, 4326
matrix, 5365, 6364, 6010
matrix, 5366, 6737, 6405
matrix, 5367, 6656, 6387
matrix, 5368, 5804, 5883
matrix, 5369, 3934, 4950
matrix, 5370, 6287, 6186
matrix, 5371, 6107, 5967
matrix, 5372, 2803, 4974
matrix, 5373, 6010, 5200
matrix, 5374, 5886, 6051
matrix, 5375, 5674, 6023
matrix, 5376, 5168, 5737
matrix, 5377, 4955, 5721
matrix, 5378, 4451, 5561
matrix, 5379, 4522, 4551
matrix, 5380, 5812, 5299
matrix, 5381, 5068, 5476
matrix, 5382, 4914, 5115
matrix, 5383, 5787, 5104
matrix, 5384, 5232, 5025
matrix, 5385, 5280, 5698
matrix, 5386, 3687, 4801
matrix, 5387, 5011, 5009
matrix, 5388, 7014, 7111
matrix, 5389, 5407, 4189
matrix, 5390, 3847, 3866
matrix, 5391, 5116, 5799
matrix, 5392, 3522, 3988
matrix, 5393, 6766, 6243
matrix, 5394, 6089, 5498
matrix, 5395, 4857, 5274
matrix, 5396, 5600, 5293
matrix, 5397, 6329, 6138
matrix, 5398, 4739, 5520
matrix, 5399, 5175, 5397
matrix, 5400, 6225, 6586
matrix, 5401, 5348, 5271
matrix, 5402, 3483, 3629
matrix, 5403, 6589, 5193
matrix, 5404, 5854, 5460
matrix, 5405, 6525, 5907
matrix, 5406, 5629, 5160
matrix, 5407, 4151, 4188
matrix, 5408, 4057, 4675
matrix, 5409, 6499, 6089
matrix, 5410, 4474, 5634
matrix, 5411, 5267, 5608
matrix, 5412, 5693, 4869
matrix, 5413, 3768, 4697
matrix, 5414, 5137, 4667
matrix, 5415, 5259, 5804
matrix, 5416, 6532, 6463
matrix, 5417, 5920, 5380
matrix, 5418, 4972, 4438
matrix, 5419, 4924, 5005
matrix, 5420, 4537, 4541
matrix, 5421, 5584, 5765
matrix, 5422, 5652, 5081
matrix, 5423, 5394, 5499
matrix, 5424, 7336, 6810
matrix, 5425, 5617, 5412
matrix, 5426, 5961, 4940
matrix, 5427, 4305, 5726
matrix, 5428, 4513, 5903
matrix, 5429, 6125, 6067
matrix, 5430, 5759, 4539
matrix, 5431, 6134, 5311
matrix, 5432, 4913, 6171
matrix, 5433, 4506, 4648
matrix, 5434, 4597, 5083
matrix, 5435, 5534, 6012
matrix, 5436, 4364, 4455
matrix, 5437, 4779, 4917
matrix, 5438, 5713, 5045
matrix, 5439, 6719, 5463
matrix, 5440, 4265, 4554
matrix, 5441, 7072, 7029
matrix, 5442, 4404, 4458
matrix, 5443, 4582, 4529
matrix, 5444, 6307, 6403
matrix, 5445, 3133, 4352
matrix, 5446, 4716, 4474
matrix, 5447, 4694, 5546
matrix, 5448, 5616, 6564
matrix, 5449, 7729, 6619
matrix, 5450, 4518, 4661
matrix, 5451, 2356, 4844
matrix, 5452, 3413, 3478
matrix, 5453, 6655, 6834
matrix, 5454, 6250, 5577
matrix, 5455, 5885, 5900
matrix, 5456, 6316, 6101
matrix, 5457, 4995, 6074
matrix, 5458, 6293, 5854
matrix, 5459, 5537, 5840
matrix, 5460, 6035, 5923
matrix, 5461, 5227, 6306
matrix, 5462, 2974, 3532
matrix, 5463, 3743, 4107
matrix, 5464, 5318, 6781
matrix, 5465, 5299, 5280
matrix, 5466, 4663, 6426
matrix, 5467, 4226, 4472
matrix, 5468, 4636, 5717
matrix, 5469, 6374, 4888
matrix, 5470, 3700, 3316
matrix, 5471, 5834, 5179
matrix, 5472, 5924, 5284
matrix, 5473, 4391, 4748
matrix, 5474, 4992, 6064
matrix, 5475, 3613, 4999
matrix, 5476, 7588, 6617
matrix, 5477, 4890, 5196
matrix, 5478, 3996, 2884
matrix, 5479, 6005, 5446
matrix, 5480, 4824, 5812
matrix, 5481, 4565, 4519
matrix, 5482, 3906, 5587
matrix, 5483, 4436, 5174
matrix, 5484, 6246, 5533
matrix, 5485, 4908, 3899
matrix, 5486, 7779, 7904
matrix, 5487, 4931, 5172
matrix, 5488, 3621, 5087
matrix, 5489, 4705, 5950
matrix, 5490, 7103, 6688
matrix, 5491, 5265, 5472
matrix, 5492, 5836, 4566
matrix, 5493, 6492, 6062
matrix, 5494, 7022, 7311
matrix, 5495, 4897, 6025
matrix, 5496, 4837, 5564
matrix, 5497, 6530, 7478
matrix, 5498, 6877, 6854
matrix, 5499, 7056, 6260
matrix, 5500, 5786, 4979
matrix, 5501, 3777, 4453
matrix, 5502, 5627, 6178
matrix, 5503, 5193, 5266
matrix, 5504, 5705, 5792
matrix, 5505, 5622, 5389
matrix, 5506, 6564, 6357
matrix, 5507, 5182, 4897
matrix, 5508, 5090, 5644
matrix, 5509, 7561, 7083
matrix, 5510, 3604, 4198
matrix, 5511, 5161, 5702
matrix, 5512, 2770, 6195
matrix, 5513, 6264, 6249
matrix, 5514, 4563, 5350
matrix, 5515, 6152, 5056
matrix, 5516, 5614, 5493
matrix, 5517, 3321, 4906
matrix, 5518, 5632, 5363
matrix, 5519, 7129, 6713
matrix, 5520, 5583, 5488
matrix, 5521, 7098, 6146
matrix, 5522, 6507, 7011
matrix, 5523, 5507, 4898
matrix, 5524, 4083, 5340
matrix, 5525, 4757, 5714
matrix, 5526, 5138, 6134
matrix, 5527, 4103, 4062
matrix, 5528, 5253, 5427
matrix, 5529, 6556, 5465
matrix, 5530, 4700, 4302
matrix, 5531, 5266, 4883
matrix, 5532, 6418, 5688
matrix, 5533, 3046, 5245
matrix, 5534, 5365, 6011
matrix, 5535, 5292, 5290
matrix, 5536, 6931, 5126
matrix, 5537, 5943, 5839
matrix, 5538, 6413, 6317
matrix, 5539, 5538, 6318
matrix, 5540, 6443, 5893
matrix, 5541, 6884, 6976
matrix, 5542, 5540, 5894
matrix, 5543, 5037, 5734
matrix, 5544, 5655, 5345
matrix, 5545, 5748, 5918
matrix, 5546, 6319, 6941
matrix, 5547, 4042, 5113
matrix, 5548, 3592, 3932
matrix, 5549, 5682, 5708
matrix, 5550, 5775, 5650
matrix, 5551, 6441, 5438
matrix, 5552, 4900, 4524
matrix, 5553, 7622, 5482
matrix, 5554, 5850, 6006
matrix, 5555, 4009, 5335
matrix, 5556, 6333, 5856
matrix, 5557, 5533, 5246
matrix, 5558, 7026, 6505
matrix, 5559, 4291, 4822
matrix, 5560, 6265, 6340
matrix, 5561, 6926, 6479
matrix, 5562, 4767, 4903
matrix, 5563, 4699, 5207
matrix, 5564, 5413, 4698
matrix, 5565, 5014, 4856
matrix, 5566, 5752, 6126
matrix, 5567, 6731, 6843
matrix, 5568, 4771, 5681
matrix, 5569, 4829, 5307
matrix, 5570, 5099, 5067
matrix, 5571, 5118, 5236
matrix, 5572, 6856, 6530
matrix, 5573, 4793, 5304
matrix, 5574, 4446, 5386
matrix, 5575, 6826, 5991
matrix, 5576, 6447, 6389
matrix, 5577, 5915, 5830
matrix, 5578, 6978, 6795
matrix, 5579, 6667, 6268
matrix, 5580, 6204, 6424
matrix, 5581, 4759, 4558
matrix, 5582, 3787, 5145
matrix, 5583, 6698, 5487
matrix, 5584, 6290, 5764
matrix, 5585, 6454, 6524
matrix, 5586, 5308, 6071
matrix, 5587, 6469, 6966
matrix, 5588, 5995, 6574
matrix, 5589, 5636, 5142
matrix, 5590, 5512, 6196
matrix, 5591, 6016, 6492
matrix, 5592, 5737, 4815
matrix, 5593, 5438, 5046
matrix, 5594, 4618, 5085
matrix, 5595, 5074, 4736
matrix, 5596, 8802, 8573
matrix, 5597, 7797, 7300
matrix, 5598, 4439, 5324
matrix, 5599, 5699, 6086
matrix, 5600, 4309, 5292
matrix, 5601, 8012, 6188
matrix, 5602, 6567, 5121
matrix, 5603, 6947, 6395
matrix, 5604, 5945, 6032
matrix, 5605, 7285, 7410
matrix, 5606, 4400, 5743
matrix, 5607, 6868, 5747
matrix, 5608, 5554, 6007
matrix, 5609, 6800, 5614
matrix, 5610, 2843, 3310
matrix, 5611, 4621, 5986
matrix, 5612, 7577, 5636
matrix, 5613, 4685, 5165
matrix, 5614, 6461, 5492
matrix, 5615, 5908, 5662
matrix, 5616, 4028, 6563
matrix, 5617, 5230, 5411
matrix, 5618, 6463, 5342
matrix, 5619, 5173, 4753
matrix, 5620, 6343, 5668
matrix, 5621, 4709, 5249
matrix, 5622, 5981, 5388
matrix, 5623, 4945, 5378
matrix, 5624, 6351, 5523
matrix, 5625, 3730, 4361
matrix, 5626, 7182, 5762
matrix, 5627, 7684, 6177
matrix, 5628, 5241, 5243
matrix, 5629, 4665, 5159
matrix, 5630, 5128, 5432
matrix, 5631, 6271, 6410
matrix, 5632, 4040, 5362
matrix, 5633, 4343, 5525
matrix, 5634, 3443, 4760
matrix, 5635, 5479, 5447
matrix, 5636, 5069, 5141
matrix, 5637, 4777, 6215
matrix, 5638, 5835, 5989
matrix, 5639, 7817, 5538
matrix, 5640, 5334, 5147
matrix, 5641, 4727, 4954
matrix, 5642, 4520, 4509
matrix, 5643, 7394, 7441
matrix, 5644, 5919, 6078
matrix, 5645, 4791, 5796
matrix, 5646, 4569, 3605
matrix, 5647, 4754, 4943
matrix, 5648, 4413, 5513
matrix, 5649, 5635, 5448
matrix, 5650, 6184, 6554
matrix, 5651, 6207, 6150
matrix, 5652, 5847, 5080
matrix, 5653, 6871, 7221
matrix, 5654, 6784, 6363
matrix, 5655, 4463, 5344
matrix, 5656, 6601, 5912
matrix, 5657, 6050, 5580
matrix, 5658, 5871, 5496
matrix, 5659, 6092, 5574
matrix, 5660, 3543, 4556
matrix, 5661, 1811, 4113
matrix, 5662, 5863, 5801
matrix, 5663, 6297, 5784
matrix, 5664, 3784, 4391
matrix, 5665, 6749, 5603
matrix, 5666, 3432, 4848
matrix, 5667, 6946, 4433
matrix, 5668, 4707, 4396
matrix, 5669, 5681, 5678
matrix, 5670, 5864, 4962
matrix, 5671, 4986, 5610
matrix, 5672, 5302, 5692
matrix, 5673, 5941, 5864
matrix, 5674, 6219, 6022
matrix, 5675, 3711, 3636
matrix, 5676, 3357, 5331
matrix, 5677, 6100, 6018
matrix, 5678, 8845, 7113
matrix, 5679, 5857, 6601
matrix, 5680, 3589, 3903
matrix, 5681, 5956, 5677
matrix, 5682, 6493, 5707
matrix, 5683, 7139, 6665
matrix, 5684, 5869, 5936
matrix, 5685, 4323, 5357
matrix, 5686, 6071, 5596
matrix, 5687, 5747, 6691
matrix, 5688, 2687, 4860
matrix, 5689, 8717, 8398
matrix, 5690, 5395, 5275
matrix, 5691, 4842, 4957
matrix, 5692, 6301, 5352
matrix, 5693, 6163, 4868
matrix, 5694, 5816, 6207
matrix, 5695, 6111, 4836
matrix, 5696, 5432, 6172
matrix, 5697, 5491, 5473
matrix, 5698, 6149, 6520
matrix, 5699, 6048, 6085
matrix, 5700, 5656, 5913
matrix, 5701, 5146, 6029
matrix, 5702, 6812, 6608
matrix, 5703, 5510, 4199
matrix, 5704, 4360, 4928
matrix, 5705, 6252, 5791
matrix, 5706, 5697, 5474
matrix, 5707, 6011, 5657
matrix, 5708, 5891, 6651
matrix, 5709, 6820, 6502
matrix, 5710, 5416, 6464
matrix, 5711, 6357, 5505
matrix, 5712, 5518, 5364
matrix, 5713, 4631, 5044
matrix, 5714, 6142, 5756
matrix, 5715, 5324, 4966
matrix, 5716, 5645, 5797
matrix, 5717, 4440, 4775
matrix, 5718, 5196, 5419
matrix, 5719, 4990, 5092
matrix, 5720, 5048, 4638
matrix, 5721, 5079, 5600
matrix, 5722, 6521, 6861
matrix, 5723, 5917, 5612
matrix, 5724, 6754, 7291
matrix, 5725, 5110, 5479
matrix, 5726, 6982, 6678
matrix, 5727, 3346, 4292
matrix, 5728, 6235, 6605
matrix, 5729, 6009, 5886
matrix, 5730, 4510, 5075
matrix, 5731, 5954, 6631
matrix, 5732, 4608, 5542
matrix, 5733, 8366, 7106
matrix, 5734, 6681, 6762
matrix, 5735, 6802, 6517
matrix, 5736, 5119, 5149
matrix, 5737, 4519, 4814
matrix, 5738, 7392, 6218
matrix, 5739, 5421, 5766
matrix, 5740, 6799, 6231
matrix, 5741, 6533, 4677
matrix, 5742, 5459, 5841
matrix, 5743, 7074, 7155
matrix, 5744, 3230, 3323
matrix, 5745, 3322, 4182
matrix, 5746, 6051, 5264
matrix, 5747, 5971, 6690
matrix, 5748, 6214, 5917
matrix, 5749, 5789, 5548
matrix, 5750, 5586, 6072
matrix, 5751, 6350, 6058
matrix, 5752, 6075, 6125
matrix, 5753, 5250, 5366
matrix, 5754, 8116, 6888
matrix, 5755, 5425, 5413
matrix, 5756, 5825, 6053
matrix, 5757, 6341, 7178
matrix, 5758, 4153, 5007
matrix, 5759, 3560, 4538
matrix, 5760, 3776, 4910
matrix, 5761, 5718, 5420
matrix, 5762, 7869, 6598
matrix, 5763, 7237, 7130
matrix, 5764, 4980, 5510
matrix, 5765, 4341, 4308
matrix, 5766, 6730, 6368
matrix, 5767, 7521, 6118
matrix, 5768, 7224, 6489
matrix, 5769, 8311, 6143
matrix, 5770, 5314, 5847
matrix, 5771, 5730, 5076
matrix, 5772, 4579, 5531
matrix, 5773, 7016, 6046
matrix, 5774, 6417, 6430
matrix, 5775, 5326, 5649
matrix, 5776, 4809, 4945
matrix, 5777, 2211, 2210
matrix, 5778, 4855, 5186
matrix, 5779, 4562, 5269
matrix, 5780, 5809, 4273
matrix, 5781, 3259, 4643
matrix, 5782, 6054, 5393
matrix, 5783, 3900, 5190
matrix, 5784, 7274, 6440
matrix, 5785, 5851, 6547
matrix, 5786, 5994, 4978
matrix, 5787, 3629, 5103
matrix, 5788, 5042, 5314
matrix, 5789, 5447, 5547
matrix, 5790, 5973, 5619
matrix, 5791, 5743, 7156
matrix, 5792, 5657, 5581
matrix, 5793, 5762, 6599
matrix, 5794, 8196, 7578
matrix, 5795, 4775, 5064
matrix, 5796, 5922, 5262
matrix, 5797, 7912, 7817
matrix, 5798, 5508, 5645
matrix, 5799, 6860, 7189
matrix, 5800, 6221, 6099
matrix, 5801, 4279, 4807
matrix, 5802, 7041, 6911
matrix, 5803, 6522, 6329
matrix, 5804, 5117, 5882
matrix, 5805, 5457, 6075
matrix, 5806, 4614, 4934
matrix, 5807, 4633, 4429
matrix, 5808, 5151, 5129
matrix, 5809, 6470, 4272
matrix, 5810, 6941, 5818
matrix, 5811, 4961, 4609
matrix, 5812, 5115, 5298
matrix, 5813, 4211, 4819
matrix, 5814, 6327, 7016
matrix, 5815, 5702, 6609
matrix, 5816, 6563, 6206
matrix, 5817, 5373, 5201
matrix, 5818, 5696, 6173
matrix, 5819, 4018, 4134
matrix, 5820, 6442, 6721
matrix, 5821, 5393, 6244
matrix, 5822, 6178, 6281
matrix, 5823, 4974, 5455
matrix, 5824, 5686, 5597
matrix, 5825, 5374, 6052
matrix, 5826, 3492, 4195
matrix, 5827, 4790, 5234
matrix, 5828, 3470, 4704
matrix, 5829, 5198, 5861
matrix, 5830, 4627, 4948
matrix, 5831, 5086, 5453
matrix, 5832, 5733, 7107
matrix, 5833, 6213, 5241
matrix, 5834, 5122, 5178
matrix, 5835, 5903, 5988
matrix, 5836, 4119, 4565
matrix, 5837, 9248, 8729
matrix, 5838, 9167, 8155
matrix, 5839, 5940, 5955
matrix, 5840, 6004, 6157
matrix, 5841, 6678, 5896
matrix, 5842, 5988, 5665
matrix, 5843, 6105, 5952
matrix, 5844, 7233, 6469
matrix, 5845, 5951, 4595
matrix, 5846, 7238, 6323
matrix, 5847, 5063, 5079
matrix, 5848, 3161, 5028
matrix, 5849, 8149, 7436
matrix, 5850, 6777, 6005
matrix, 5851, 6636, 6546
matrix, 5852, 4228, 5316
matrix, 5853, 7396, 6928
matrix, 5854, 4590, 5459
matrix, 5855, 7428, 6590
matrix, 5856, 4176, 3801
matrix, 5857, 5793, 6600
matrix, 5858, 4722, 5198
matrix, 5859, 6354, 5434
matrix, 5860, 4181, 5436
matrix, 5861, 7200, 5788
matrix, 5862, 6304, 6817
matrix, 5863, 5391, 5800
matrix, 5864, 5202, 4961
matrix, 5865, 6850, 7354
matrix, 5866, 5562, 4904
matrix, 5867, 6182, 6385
matrix, 5868, 6156, 6667
matrix, 5869, 6291, 5935
matrix, 5870, 6825, 6473
matrix, 5871, 4872, 5495
matrix, 5872, 6162, 5690
matrix, 5873, 5301, 5096
matrix, 5874, 5273, 5814
matrix, 5875, 4244, 5355
matrix, 5876, 6716, 6277
matrix, 5877, 6984, 6239
matrix, 5878, 6727, 6165
matrix, 5879, 6485, 6311
matrix, 5880, 4274, 5820
matrix, 5881, 5529, 5466
matrix, 5882, 5178, 5684
matrix, 5883, 5356, 5222
matrix, 5884, 5075, 5621
matrix, 5885, 7617, 5899
matrix, 5886, 6588, 6050
matrix, 5887, 5633, 5526
matrix, 5888, 7117, 7241
matrix, 5889, 4968, 4635
matrix, 5890, 4302, 4015
matrix, 5891, 6517, 6650
matrix, 5892, 5727, 4293
matrix, 5893, 4728, 5616
matrix, 5894, 5251, 5429
matrix, 5895, 7834, 5965
matrix, 5896, 6675, 5671
matrix, 5897, 4970, 5162
matrix, 5898, 4712, 5260
matrix, 5899, 5608, 6008
matrix, 5900, 6031, 6661
matrix, 5901, 6216, 6475
matrix, 5902, 5133, 5960
matrix, 5903, 5611, 5987
matrix, 5904, 5849, 7437
matrix, 5905, 6300, 6894
matrix, 5906, 6679, 5231
matrix, 5907, 5928, 6315
matrix, 5908, 6794, 5661
matrix, 5909, 5738, 6219
matrix, 5910, 6819, 6456
matrix, 5911, 6503, 5052
matrix, 5912, 8914, 7553
matrix, 5913, 7199, 6213
matrix, 5914, 6159, 6729
matrix, 5915, 6286, 5829
matrix, 5916, 6642, 5890
matrix, 5917, 5671, 5611
matrix, 5918, 7438, 6974
matrix, 5919, 6380, 6077
matrix, 5920, 5623, 5379
matrix, 5921, 5209, 5920
matrix, 5922, 5898, 5261
matrix, 5923, 6113, 7350
matrix, 5924, 3993, 5283
matrix, 5925, 5398, 5521
matrix, 5926, 6928, 7198
matrix, 5927, 5667, 4434
matrix, 5928, 6467, 6314
matrix, 5929, 4812, 5741
matrix, 5930, 5291, 5135
matrix, 5931, 6774, 6038
matrix, 5932, 7382, 6500
matrix, 5933, 5139, 4598
matrix, 5934, 6673, 7181
matrix, 5935, 7792, 5998
matrix, 5936, 8329, 6901
matrix, 5937, 6131, 5845
matrix, 5938, 4921, 5775
matrix, 5939, 5405, 5908
matrix, 5940, 7038, 5954
matrix, 5941, 5255, 5863
matrix, 5942, 4255, 4334
matrix, 5943, 6605, 5838
matrix, 5944, 4363, 5878
matrix, 5945, 5102, 6031
matrix, 5946, 4075, 5589
matrix, 5947, 5526, 6135
matrix, 5948, 5946, 5590
matrix, 5949, 5286, 5518
matrix, 5950, 5575, 5992
matrix, 5951, 4593, 4594
matrix, 5952, 5022, 5422
matrix, 5953, 7221, 6262
matrix, 5954, 7586, 6630
matrix, 5955, 5607, 5748
matrix, 5956, 4865, 5676
matrix, 5957, 6429, 6043
matrix, 5958, 5549, 5709
matrix, 5959, 5246, 6069
matrix, 5960, 6199, 6419
matrix, 5961, 5176, 4939
matrix, 5962, 5150, 5424
matrix, 5963, 9001, 8509
matrix, 5964, 4702, 4286
matrix, 5965, 4282, 4693
matrix, 5966, 6832, 5594
matrix, 5967, 5939, 5909
matrix, 5968, 6838, 6190
matrix, 5969, 3773, 4826
matrix, 5970, 7130, 6345
matrix, 5971, 5490, 6689
matrix, 5972, 5773, 6047
matrix, 5973, 6085, 5618
matrix, 5974, 6309, 5983
matrix, 5975, 5315, 6110
matrix, 5976, 5023, 5938
matrix, 5977, 5312, 5745
matrix, 5978, 5719, 5093
matrix, 5979, 6625, 6308
matrix, 5980, 5803, 6330
matrix, 5981, 5574, 5387
matrix, 5982, 7045, 6634
matrix, 5983, 6238, 7073
matrix, 5984, 6247, 6392
matrix, 5985, 5221, 5686
matrix, 5986, 7101, 6401
matrix, 5987, 6869, 6283
matrix, 5988, 4659, 5664
matrix, 5989, 5999, 6485
matrix, 5990, 6115, 6183
matrix, 5991, 5768, 6490
matrix, 5992, 6614, 5928
matrix, 5993, 2741, 3274
matrix, 5994, 4626, 4977
matrix, 5995, 7153, 6573
matrix, 5996, 7262, 7395
matrix, 5997, 5573, 5305
matrix, 5998, 6541, 6097
matrix, 5999, 8023, 6484
matrix, 6000, 5366, 6406
matrix, 6001, 4421, 5759
matrix, 6002, 8126, 7899
matrix, 6003, 6591, 5995
matrix, 6004, 6129, 6156
matrix, 6005, 5195, 5445
matrix, 6006, 4723, 5403
matrix, 6007, 6084, 6234
matrix, 6008, 5263, 4795
matrix, 6009, 6037, 5885
matrix, 6010, 5858, 5199
matrix, 6011, 6756, 5656
matrix, 6012, 5376, 5738
matrix, 6013, 8255, 7096
matrix, 6014, 6070, 5516
matrix, 6015, 5910, 6457
matrix, 6016, 5991, 6491
matrix, 6017, 5423, 5500
matrix, 6018, 5846, 6324
matrix, 6019, 7474, 6320
matrix, 6020, 4765, 5852
matrix, 6021, 5962, 5425
matrix, 6022, 6064, 6256
matrix, 6023, 6645, 5568
matrix, 6024, 7946, 6738
matrix, 6025, 4670, 4484
matrix, 6026, 6007, 6235
matrix, 6027, 6180, 5978
matrix, 6028, 4773, 4494
matrix, 6029, 7503, 7542
matrix, 6030, 7906, 6603
matrix, 6031, 6288, 6660
matrix, 6032, 4922, 5255
matrix, 6033, 6735, 6812
matrix, 6034, 6330, 6869
matrix, 6035, 4797, 5922
matrix, 6036, 6396, 5407
matrix, 6037, 5368, 5884
matrix, 6038, 5025, 6222
matrix, 6039, 6998, 5768
matrix, 6040, 5147, 6115
matrix, 6041, 6772, 6227
matrix, 6042, 6331, 6566
matrix, 6043, 5650, 6555
matrix, 6044, 5960, 6420
matrix, 6045, 6921, 6695
matrix, 6046, 4744, 4451
matrix, 6047, 4074, 4792
matrix, 6048, 6080, 6084
matrix, 6049, 7497, 5948
matrix, 6050, 4464, 5579
matrix, 6051, 5796, 5263
matrix, 6052, 6806, 5876
matrix, 6053, 8130, 7174
matrix, 6054, 4388, 5392
matrix, 6055, 5519, 6714
matrix, 6056, 7025, 6347
matrix, 6057, 8042, 7583
matrix, 6058, 6873, 6366
matrix, 6059, 8644, 8586
matrix, 6060, 5543, 5735
matrix, 6061, 7290, 6864
matrix, 6062, 5799, 7190
matrix, 6063, 5215, 5544
matrix, 6064, 6708, 6255
matrix, 6065, 6658, 6123
matrix, 6066, 5040, 4831
matrix, 6067, 7384, 7054
matrix, 6068, 5104, 4805
matrix, 6069, 8804, 8854
matrix, 6070, 5239, 5515
matrix, 6071, 5966, 5595
matrix, 6072, 6723, 5976
matrix, 6073, 4479, 6130
matrix, 6074, 5121, 5373
matrix, 6075, 6065, 6124
matrix, 6076, 6844, 7171
matrix, 6077, 6347, 5752
matrix, 6078, 5987, 6284
matrix, 6079, 6482, 6623
matrix, 6080, 4993, 6083
matrix, 6081, 7275, 6247
matrix, 6082, 5685, 5358
matrix, 6083, 4653, 4712
matrix, 6084, 6729, 6233
matrix, 6085, 5893, 5617
matrix, 6086, 6950, 6415
matrix, 6087, 6428, 5728
matrix, 6088, 8018, 7819
matrix, 6089, 5658, 5497
matrix, 6090, 3989, 6148
matrix, 6091, 4838, 6417
matrix, 6092, 5000, 5573
matrix, 6093, 3781, 5224
matrix, 6094, 7061, 6595
matrix, 6095, 8418, 6701
matrix, 6096, 6281, 6698
matrix, 6097, 5345, 7060
matrix, 6098, 4976, 5629
matrix, 6099, 7539, 7945
matrix, 6100, 6332, 6017
matrix, 6101, 7110, 6823
matrix, 6102, 3950, 5133
matrix, 6103, 6717, 6921
matrix, 6104, 5784, 6441
matrix, 6105, 5489, 5951
matrix, 6106, 5756, 6054
matrix, 6107, 5895, 5966
matrix, 6108, 6728, 5213
matrix, 6109, 5264, 4846
matrix, 6110, 7559, 7518
matrix, 6111, 3848, 4835
matrix, 6112, 4988, 5824
matrix, 6113, 8616, 7349
matrix, 6114, 7295, 6377
matrix, 6115, 6771, 6182
matrix, 6116, 6652, 6371
matrix, 6117, 7007, 6272
matrix, 6118, 5123, 4657
matrix, 6119, 5404, 5461
matrix, 6120, 6392, 6507
matrix, 6121, 5496, 5565
matrix, 6122, 6643, 7320
matrix, 6123, 6824, 6355
matrix, 6124, 5881, 5467
matrix, 6125, 6823, 6066
matrix, 6126, 7429, 7572
matrix, 6127, 3494, 4803
matrix, 6128, 6627, 6433
matrix, 6129, 6362, 6155
matrix, 6130, 5282, 6904
matrix, 6131, 6227, 5844
matrix, 6132, 6890, 7386
matrix, 6133, 4218, 4744
matrix, 6134, 5260, 5310
matrix, 6135, 5218, 5535
matrix, 6136, 7546, 6932
matrix, 6137, 7518, 7506
matrix, 6138, 7269, 7599
matrix, 6139, 6416, 6494
matrix, 6140, 6816, 6544
matrix, 6141, 5525, 5715
matrix, 6142, 6464, 5755
matrix, 6143, 7692, 7526
matrix, 6144, 4383, 4021
matrix, 6145, 8111, 8255
matrix, 6146, 6487, 6093
matrix, 6147, 7116, 7416
matrix, 6148, 7989, 7308
matrix, 6149, 7256, 6519
matrix, 6150, 8536, 7176
matrix, 6151, 5578, 6796
matrix, 6152, 4460, 5055
matrix, 6153, 6256, 5059
matrix, 6154, 6841, 7067
matrix, 6155, 8250, 8013
matrix, 6156, 5683, 6666
matrix, 6157, 5566, 6127
matrix, 6158, 6738, 6237
matrix, 6159, 6543, 6728
matrix, 6160, 6042, 6567
matrix, 6161, 4205, 5169
matrix, 6162, 5532, 5689
matrix, 6163, 4441, 4867
matrix, 6164, 6415, 5401
matrix, 6165, 5894, 5430
matrix, 6166, 6082, 5359
matrix, 6167, 7017, 6845
matrix, 6168, 6804, 7149
matrix, 6169, 5243, 5723
matrix, 6170, 5399, 5398
matrix, 6171, 4058, 4533
matrix, 6172, 6971, 5712
matrix, 6173, 6305, 6628
matrix, 6174, 7468, 6768
matrix, 6175, 7080, 6792
matrix, 6176, 4858, 4893
matrix, 6177, 7219, 6971
matrix, 6178, 6956, 6280
matrix, 6179, 6257, 6105
matrix, 6180, 6072, 5977
matrix, 6181, 7537, 7052
matrix, 6182, 7184, 6384
matrix, 6183, 4339, 4320
matrix, 6184, 7435, 6553
matrix, 6185, 6248, 5211
matrix, 6186, 5798, 5646
matrix, 6187, 7304, 7047
matrix, 6188, 6849, 5962
matrix, 6189, 7283, 6252
matrix, 6190, 7144, 5836
matrix, 6191, 5587, 6967
matrix, 6192, 6702, 5073
matrix, 6193, 6701, 5974
matrix, 6194, 6981, 6787
matrix, 6195, 5333, 5777
matrix, 6196, 5802, 6912
matrix, 6197, 6736, 6512
matrix, 6198, 5355, 4611
matrix, 6199, 6091, 6418
matrix, 6200, 4531, 5551
matrix, 6201, 6012, 5739
matrix, 6202, 6510, 6296
matrix, 6203, 5694, 6208
matrix, 6204, 7294, 6423
matrix, 6205, 7042, 7146
matrix, 6206, 5465, 5281
matrix, 6207, 6090, 6149
matrix, 6208, 7822, 8007
matrix, 6209, 6229, 6161
matrix, 6210, 7872, 6935
matrix, 6211, 6197, 6513
matrix, 6212, 5007, 5321
matrix, 6213, 5245, 5240
matrix, 6214, 6369, 5916
matrix, 6215, 6629, 7165
matrix, 6216, 5870, 6474
matrix, 6217, 6565, 6806
matrix, 6218, 5659, 5575
matrix, 6219, 6466, 6021
matrix, 6220, 4939, 6412
matrix, 6221, 5998, 6098
matrix, 6222, 5380, 5300
matrix, 6223, 5207, 5443
matrix, 6224, 5651, 6151
matrix, 6225, 6900, 6585
matrix, 6226, 5077, 5867
matrix, 6227, 5062, 5843
matrix, 6228, 7889, 6107
matrix, 6229, 6993, 6160
matrix, 6230, 7122, 6541
matrix, 6231, 6386, 5809
matrix, 6232, 3702, 3707
matrix, 6233, 7472, 6776
matrix, 6234, 4580, 5022
matrix, 6235, 6030, 6604
matrix, 6236, 6033, 6813
matrix, 6237, 5561, 6480
matrix, 6238, 6867, 7072
matrix, 6239, 6186, 5647
matrix, 6240, 6874, 7094
matrix, 6241, 7762, 7462
matrix, 6242, 5649, 5449
matrix, 6243, 7816, 6658
matrix, 6244, 6476, 7313
matrix, 6245, 6810, 7204
matrix, 6246, 5772, 5532
matrix, 6247, 6762, 6391
matrix, 6248, 5194, 5210
matrix, 6249, 5868, 6668
matrix, 6250, 6218, 5576
matrix, 6251, 6906, 6648
matrix, 6252, 5293, 5790
matrix, 6253, 4187, 4416
matrix, 6254, 5878, 6166
matrix, 6255, 5522, 7012
matrix, 6256, 6733, 5058
matrix, 6257, 5254, 6104
matrix, 6258, 6398, 7246
matrix, 6259, 6098, 5630
matrix, 6260, 6668, 6335
matrix, 6261, 6295, 5554
matrix, 6262, 7143, 6759
matrix, 6263, 5818, 6174
matrix, 6264, 6081, 6248
matrix, 6265, 7534, 6339
matrix, 6266, 6695, 6375
matrix, 6267, 5876, 6278
matrix, 6268, 6242, 5450
matrix, 6269, 5731, 6632
matrix, 6270, 5663, 5785
matrix, 6271, 7446, 6409
matrix, 6272, 5397, 6139
matrix, 6273, 7907, 7492
matrix, 6274, 6018, 6325
matrix, 6275, 7649, 6754
matrix, 6276, 8241, 6379
matrix, 6277, 6497, 6241
matrix, 6278, 5213, 6014
matrix, 6279, 9133, 8383
matrix, 6280, 5498, 6855
matrix, 6281, 7442, 6697
matrix, 6282, 5824, 5598
matrix, 6283, 5778, 5187
matrix, 6284, 5577, 5831
matrix, 6285, 4535, 4449
matrix, 6286, 4609, 5828
matrix, 6287, 6427, 6185
matrix, 6288, 6243, 6659
matrix, 6289, 5396, 5294
matrix, 6290, 5626, 5763
matrix, 6291, 4863, 5934
matrix, 6292, 5687, 6692
matrix, 6293, 6020, 5853
matrix, 6294, 7355, 5888
matrix, 6295, 5337, 5553
matrix, 6296, 5568, 5682
matrix, 6297, 7001, 5783
matrix, 6298, 6008, 4796
matrix, 6299, 6040, 6116
matrix, 6300, 6653, 6893
matrix, 6301, 5514, 5351
matrix, 6302, 8963, 6450
matrix, 6303, 7902, 6880
matrix, 6304, 6368, 6816
matrix, 6305, 5294, 6627
matrix, 6306, 8259, 7339
matrix, 6307, 5986, 6402
matrix, 6308, 7084, 6287
matrix, 6309, 6411, 5982
matrix, 6310, 6027, 5979
matrix, 6311, 4947, 6577
matrix, 6312, 6038, 6223
matrix, 6313, 6263, 6175
matrix, 6314, 7545, 5972
matrix, 6315, 6805, 6333
matrix, 6316, 5800, 6100
matrix, 6317, 4173, 4877
matrix, 6318, 7541, 7750
matrix, 6319, 7255, 6940
matrix, 6320, 7125, 6790
matrix, 6321, 7972, 7530
matrix, 6322, 6244, 7314
matrix, 6323, 6697, 6745
matrix, 6324, 6202, 6297
matrix, 6325, 4960, 5816
matrix, 6326, 4167, 5931
matrix, 6327, 6881, 7015
matrix, 6328, 5316, 7037
matrix, 6329, 4804, 6137
matrix, 6330, 7347, 6868
matrix, 6331, 5448, 6565
matrix, 6332, 5108, 6016
matrix, 6333, 5458, 5855
matrix, 6334, 5975, 6111
matrix, 6335, 4595, 6198
matrix, 6336, 7362, 7361
matrix, 6337, 7837, 7230
matrix, 6338, 6324, 6298
matrix, 6339, 7911, 6743
matrix, 6340, 7254, 6956
matrix, 6341, 6150, 7177
matrix, 6342, 4856, 5874
matrix, 6343, 5177, 5667
matrix, 6344, 5841, 5897
matrix, 6345, 6558, 6962
matrix, 6346, 4644, 4930
matrix, 6347, 6519, 5751
matrix, 6348, 6518, 6944
matrix, 6349, 6450, 5944
matrix, 6350, 4458, 6057
matrix, 6351, 5925, 5522
matrix, 6352, 5906, 5232
matrix, 6353, 5036, 5101
matrix, 6354, 5630, 5433
matrix, 6355, 8511, 8108
matrix, 6356, 5710, 6465
matrix, 6357, 5329, 5504
matrix, 6358, 6401, 6559
matrix, 6359, 7923, 7636
matrix, 6360, 6349, 5945
matrix, 6361, 7680, 6908
matrix, 6362, 7034, 6154
matrix, 6363, 5823, 5456
matrix, 6364, 5899, 6009
matrix, 6365, 6839, 6676
matrix, 6366, 5174, 5417
matrix, 6367, 5381, 5477
matrix, 6368, 6502, 6815
matrix, 6369, 6387, 5915
matrix, 6370, 5536, 5127
matrix, 6371, 4991, 5695
matrix, 6372, 6792, 5151
matrix, 6373, 7764, 7135
matrix, 6374, 4868, 4887
matrix, 6375, 7062, 8452
matrix, 6376, 7963, 7515
matrix, 6377, 5957, 6044
matrix, 6378, 8124, 7794
matrix, 6379, 6209, 6162
matrix, 6380, 5805, 6076
matrix, 6381, 6120, 6508
matrix, 6382, 7279, 5926
matrix, 6383, 6024, 6739
matrix, 6384, 5720, 4639
matrix, 6385, 3830, 5099
matrix, 6386, 4606, 5808
matrix, 6387, 5700, 5914
matrix, 6388, 5572, 6531
matrix, 6389, 5550, 5651
matrix, 6390, 3554, 5869
matrix, 6391, 6639, 6749
matrix, 6392, 5558, 6506
matrix, 6393, 6634, 6832
matrix, 6394, 6773, 7103
matrix, 6395, 7323, 7586
matrix, 6396, 4971, 5406
matrix, 6397, 6917, 7272
matrix, 6398, 7922, 7245
matrix, 6399, 7478, 7864
matrix, 6400, 6757, 6169
matrix, 6401, 5361, 6558
matrix, 6402, 6019, 6321
matrix, 6403, 7485, 7645
matrix, 6404, 6985, 5641
matrix, 6405, 7632, 6095
matrix, 6406, 5437, 4918
matrix, 6407, 6459, 6437
matrix, 6408, 6552, 6349
matrix, 6409, 4698, 6877
matrix, 6410, 6663, 7470
matrix, 6411, 7368, 5981
matrix, 6412, 6989, 6779
matrix, 6413, 5907, 6316
matrix, 6414, 6437, 5558
matrix, 6415, 3449, 5400
matrix, 6416, 5591, 6493
matrix, 6417, 7766, 6429
matrix, 6418, 5985, 5687
matrix, 6419, 5673, 5865
matrix, 6420, 7379, 7193
matrix, 6421, 4673, 4987
matrix, 6422, 6302, 6451
matrix, 6423, 4917, 5038
matrix, 6424, 7009, 7234
matrix, 6425, 5336, 6447
matrix, 6426, 7167, 7087
matrix, 6427, 5990, 6184
matrix, 6428, 5427, 5727
matrix, 6429, 6853, 6042
matrix, 6430, 5114, 6498
matrix, 6431, 6932, 6774
matrix, 6432, 5453, 6835
matrix, 6433, 9053, 7329
matrix, 6434, 5677, 6019
matrix, 6435, 8040, 7468
matrix, 6436, 5955, 5749
matrix, 6437, 7051, 5557
matrix, 6438, 6540, 7058
matrix, 6439, 4542, 5674
matrix, 6440, 7784, 7034
matrix, 6441, 5860, 5437
matrix, 6442, 5109, 6720
matrix, 6443, 5272, 5892
matrix, 6444, 8198, 7266
matrix, 6445, 7193, 7168
matrix, 6446, 7636, 7623
matrix, 6447, 5367, 6388
matrix, 6448, 6815, 6570
matrix, 6449, 7746, 7139
matrix, 6450, 6878, 5943
matrix, 6451, 6345, 6963
matrix, 6452, 7717, 7422
matrix, 6453, 7242, 7044
matrix, 6454, 8422, 6523
matrix, 6455, 6001, 5760
matrix, 6456, 6358, 6560
matrix, 6457, 6883, 6851
matrix, 6458, 5653, 7222
matrix, 6459, 7326, 6436
matrix, 6460, 6979, 7503
matrix, 6461, 4385, 5491
matrix, 6462, 5901, 6476
matrix, 6463, 5524, 5341
matrix, 6464, 6544, 5754
matrix, 6465, 4462, 5384
matrix, 6466, 6434, 6020
matrix, 6467, 6990, 6313
matrix, 6468, 6561, 6840
matrix, 6469, 7829, 6965
matrix, 6470, 3410, 4271
matrix, 6471, 6363, 5457
matrix, 6472, 7156, 6534
matrix, 6473, 4802, 6593
matrix, 6474, 6000, 6407
matrix, 6475, 5774, 6431
matrix, 6476, 5494, 7312
matrix, 6477, 6044, 6421
matrix, 6478, 5503, 5267
matrix, 6479, 6996, 6771
matrix, 6480, 6548, 7372
matrix, 6481, 7260, 7391
matrix, 6482, 6672, 6622
matrix, 6483, 7733, 7446
matrix, 6484, 3606, 4570
matrix, 6485, 7939, 6310
matrix, 6486, 6390, 5870
matrix, 6487, 5027, 6092
matrix, 6488, 4895, 6141
matrix, 6489, 8518, 7930
matrix, 6490, 7092, 6625
matrix, 6491, 6215, 7166
matrix, 6492, 3626, 6061
matrix, 6493, 7346, 5706
matrix, 6494, 6188, 5963
matrix, 6495, 8288, 8405
matrix, 6496, 7496, 6997
matrix, 6497, 5877, 6240
matrix, 6498, 3998, 4701
matrix, 6499, 6549, 6088
matrix, 6500, 8351, 8043
matrix, 6501, 7705, 6847
matrix, 6502, 6236, 6814
matrix, 6503, 4546, 5051
matrix, 6504, 5936, 6902
matrix, 6505, 6233, 6777
matrix, 6506, 6951, 6482
matrix, 6507, 7830, 7010
matrix, 6508, 6911, 6343
matrix, 6509, 7941, 7237
matrix, 6510, 3287, 6295
matrix, 6511, 7287, 7213
matrix, 6512, 6957, 6615
matrix, 6513, 7501, 6938
matrix, 6514, 7174, 6916
matrix, 6515, 6923, 7078
matrix, 6516, 6843, 7004
matrix, 6517, 6251, 6649
matrix, 6518, 7476, 6943
matrix, 6519, 6436, 5750
matrix, 6520, 7032, 5605
matrix, 6521, 7538, 6860
matrix, 6522, 6862, 6328
matrix, 6523, 7071, 7458
matrix, 6524, 5460, 5924
matrix, 6525, 6781, 5906
matrix, 6526, 5721, 5601
matrix, 6527, 6646, 6949
matrix, 6528, 6292, 6693
matrix, 6529, 5556, 5857
matrix, 6530, 7216, 7477
matrix, 6531, 7140, 6203
matrix, 6532, 6933, 6462
matrix, 6533, 5408, 4676
matrix, 6534, 7643, 7153
matrix, 6535, 5449, 6620
matrix, 6536, 8838, 8482
matrix, 6537, 6531, 6204
matrix, 6538, 6078, 6285
matrix, 6539, 5222, 5338
matrix, 6540, 7933, 7057
matrix, 6541, 6405, 6096
matrix, 6542, 7257, 7209
matrix, 6543, 6606, 6727
matrix, 6544, 6077, 5753
matrix, 6545, 5662, 5802
matrix, 6546, 6189, 6253
matrix, 6547, 5950, 5993
matrix, 6548, 8967, 7371
matrix, 6549, 5599, 6087
matrix, 6550, 6241, 7463
matrix, 6551, 7774, 6828
matrix, 6552, 6056, 6348
matrix, 6553, 9200, 8244
matrix, 6554, 4277, 5502
matrix, 6555, 8920, 7880
matrix, 6556, 5439, 5464
matrix, 6557, 6112, 5825
matrix, 6558, 7794, 6961
matrix, 6559, 6378, 7795
matrix, 6560, 6566, 6397
matrix, 6561, 7118, 6839
matrix, 6562, 7888, 7589
matrix, 6563, 6537, 6205
matrix, 6564, 6123, 6356
matrix, 6565, 6595, 6805
matrix, 6566, 5603, 6396
matrix, 6567, 5097, 5120
matrix, 6568, 5855, 6591
matrix, 6569, 7397, 6639
matrix, 6570, 6136, 6933
matrix, 6571, 7630, 7510
matrix, 6572, 6234, 5023
matrix, 6573, 7514, 6898
matrix, 6574, 6230, 6542
matrix, 6575, 7276, 7122
matrix, 6576, 6117, 6273
matrix, 6577, 7846, 8141
matrix, 6578, 6711, 6551
matrix, 6579, 7601, 6802
matrix, 6580, 6023, 5569
matrix, 6581, 8374, 9064
matrix, 6582, 7387, 7672
matrix, 6583, 5400, 6587
matrix, 6584, 7893, 5970
matrix, 6585, 6501, 6848
matrix, 6586, 3782, 4765
matrix, 6587, 6147, 7417
matrix, 6588, 6626, 6049
matrix, 6589, 4846, 5192
matrix, 6590, 8214, 7325
matrix, 6591, 6547, 5994
matrix, 6592, 7389, 7001
matrix, 6593, 8304, 7076
matrix, 6594, 8056, 7359
matrix, 6595, 6857, 6804
matrix, 6596, 6986, 5850
matrix, 6597, 6575, 7123
matrix, 6598, 6529, 5858
matrix, 6599, 7372, 6875
matrix, 6600, 8438, 7846
matrix, 6601, 6630, 5911
matrix, 6602, 4230, 4379
matrix, 6603, 8294, 7594
matrix, 6604, 4371, 5771
matrix, 6605, 6190, 5837
matrix, 6606, 7704, 6726
matrix, 6607, 7470, 7662
matrix, 6608, 6619, 6360
matrix, 6609, 7081, 7007
matrix, 6610, 5034, 6291
matrix, 6611, 5003, 5440
matrix, 6612, 6983, 6959
matrix, 6613, 8610, 7374
matrix, 6614, 6382, 5927
matrix, 6615, 7459, 5219
matrix, 6616, 4147, 5781
matrix, 6617, 6747, 7496
matrix, 6618, 6837, 6487
matrix, 6619, 7608, 6359
matrix, 6620, 6746, 5957
matrix, 6621, 6356, 6466
matrix, 6622, 8361, 8301
matrix, 6623, 6942, 7807
matrix, 6624, 7509, 8097
matrix, 6625, 5461, 6307
matrix, 6626, 5972, 6048
matrix, 6627, 6475, 6432
matrix, 6628, 6617, 7497
matrix, 6629, 7513, 7164
matrix, 6630, 5967, 5910
matrix, 6631, 5203, 6381
matrix, 6632, 7628, 6642
matrix, 6633, 5984, 6393
matrix, 6634, 7761, 6831
matrix, 6635, 7204, 6549
matrix, 6636, 6140, 6545
matrix, 6637, 6955, 6764
matrix, 6638, 5709, 6503
matrix, 6639, 8083, 6748
matrix, 6640, 7376, 7269
matrix, 6641, 6338, 6299
matrix, 6642, 6294, 5889
matrix, 6643, 8045, 7319
matrix, 6644, 4740, 5624
matrix, 6645, 4229, 5567
matrix, 6646, 8077, 6948
matrix, 6647, 4736, 4296
matrix, 6648, 7665, 7688
matrix, 6649, 7252, 6000
matrix, 6650, 7239, 6837
matrix, 6651, 6274, 6326
matrix, 6652, 3419, 6370
matrix, 6653, 6657, 6892
matrix, 6654, 4420, 5730
matrix, 6655, 6393, 6833
matrix, 6656, 5867, 6386
matrix, 6657, 7073, 6891
matrix, 6658, 6779, 6122
matrix, 6659, 8188, 7928
matrix, 6660, 9443, 7913
matrix, 6661, 6778, 6752
matrix, 6662, 6326, 5932
matrix, 6663, 6435, 7469
matrix, 6664, 6610, 6292
matrix, 6665, 6440, 7035
matrix, 6666, 6798, 6264
matrix, 6667, 6866, 6267
matrix, 6668, 6315, 6334
matrix, 6669, 8395, 8258
matrix, 6670, 7564, 6684
matrix, 6671, 6597, 7124
matrix, 6672, 6535, 6621
matrix, 6673, 9644, 7180
matrix, 6674, 5904, 7438
matrix, 6675, 5106, 5670
matrix, 6676, 7741, 8298
matrix, 6677, 6448, 6571
matrix, 6678, 5542, 5895
matrix, 6679, 4870, 5230
matrix, 6680, 7115, 6644
matrix, 6681, 8224, 6761
matrix, 6682, 7968, 7342
matrix, 6683, 7196, 6581
matrix, 6684, 4286, 6538
matrix, 6685, 6944, 6993
matrix, 6686, 6889, 6034
matrix, 6687, 6073, 6131
matrix, 6688, 5167, 5571
matrix, 6689, 6609, 7008
matrix, 6690, 5676, 5332
matrix, 6691, 8829, 7753
matrix, 6692, 7349, 6655
matrix, 6693, 7018, 6373
matrix, 6694, 9599, 8601
matrix, 6695, 6693, 6374
matrix, 6696, 5612, 5637
matrix, 6697, 6339, 6744
matrix, 6698, 5313, 5486
matrix, 6699, 6899, 7766
matrix, 6700, 6067, 7055
matrix, 6701, 6314, 5973
matrix, 6702, 5081, 5072
matrix, 6703, 6449, 7140
matrix, 6704, 7615, 6946
matrix, 6705, 5725, 5480
matrix, 6706, 6608, 6361
matrix, 6707, 6391, 6750
matrix, 6708, 6546, 6254
matrix, 6709, 5637, 6216
matrix, 6710, 6148, 7309
matrix, 6711, 6635, 6550
matrix, 6712, 6456, 6561
matrix, 6713, 5982, 6635
matrix, 6714, 6914, 7027
matrix, 6715, 6755, 7069
matrix, 6716, 6887, 6276
matrix, 6717, 7452, 6920
matrix, 6718, 5983, 7074
matrix, 6719, 6119, 5462
matrix, 6720, 7105, 7563
matrix, 6721, 8575, 7887
matrix, 6722, 5698, 6521
matrix, 6723, 6193, 5975
matrix, 6724, 6259, 5631
matrix, 6725, 8089, 7694
matrix, 6726, 5889, 4636
matrix, 6727, 6775, 6164
matrix, 6728, 6185, 5212
matrix, 6729, 5740, 6232
matrix, 6730, 6058, 6367
matrix, 6731, 7148, 6842
matrix, 6732, 7133, 7286
matrix, 6733, 5515, 5057
matrix, 6734, 7747, 6579
matrix, 6735, 5424, 6811
matrix, 6736, 7634, 6511
matrix, 6737, 5444, 6404
matrix, 6738, 6026, 6236
matrix, 6739, 7677, 7259
matrix, 6740, 7012, 6180
matrix, 6741, 5244, 5382
matrix, 6742, 6687, 6132
matrix, 6743, 8657, 6990
matrix, 6744, 6169, 5724
matrix, 6745, 8252, 6953
matrix, 6746, 5839, 5956
matrix, 6747, 7171, 7495
matrix, 6748, 5708, 6652
matrix, 6749, 6526, 5602
matrix, 6750, 4267, 4858
matrix, 6751, 4375, 3473
matrix, 6752, 5409, 6090
matrix, 6753, 6013, 7097
matrix, 6754, 7380, 7290
matrix, 6755, 6154, 7068
matrix, 6756, 4443, 5655
matrix, 6757, 7154, 6168
matrix, 6758, 6767, 6270
matrix, 6759, 8577, 8203
matrix, 6760, 7409, 7380
matrix, 6761, 5763, 7131
matrix, 6762, 5576, 6390
matrix, 6763, 6827, 6896
matrix, 6764, 8235, 8332
matrix, 6765, 8109, 8074
matrix, 6766, 6277, 6242
matrix, 6767, 5579, 6269
matrix, 6768, 8220, 7949
matrix, 6769, 7796, 6988
matrix, 6770, 8607, 8375
matrix, 6771, 6740, 6181
matrix, 6772, 4772, 6226
matrix, 6773, 7046, 7102
matrix, 6774, 5274, 6037
matrix, 6775, 6379, 6163
matrix, 6776, 7350, 7825
matrix, 6777, 5148, 6004
matrix, 6778, 6707, 6751
matrix, 6779, 7137, 6121
matrix, 6780, 8757, 8828
matrix, 6781, 6829, 5905
matrix, 6782, 8096, 6986
matrix, 6783, 7169, 7481
matrix, 6784, 6706, 6362
matrix, 6785, 6511, 7214
matrix, 6786, 8502, 7786
matrix, 6787, 7433, 7251
matrix, 6788, 6335, 6199
matrix, 6789, 5968, 6191
matrix, 6790, 7445, 7196
matrix, 6791, 6628, 7498
matrix, 6792, 5736, 5150
matrix, 6793, 8097, 7910
matrix, 6794, 6930, 5660
matrix, 6795, 6076, 7172
matrix, 6796, 6203, 6209
matrix, 6797, 8014, 7664
matrix, 6798, 5953, 6263
matrix, 6799, 6897, 6230
matrix, 6800, 5723, 5613
matrix, 6801, 8179, 6741
matrix, 6802, 7161, 6516
matrix, 6803, 6177, 6972
matrix, 6804, 6845, 7148
matrix, 6805, 7029, 6332
matrix, 6806, 6342, 5875
matrix, 6807, 6106, 6055
matrix, 6808, 5814, 7017
matrix, 6809, 8654, 7832
matrix, 6810, 7682, 7203
matrix, 6811, 5791, 7157
matrix, 6812, 7570, 6607
matrix, 6813, 7899, 7347
matrix, 6814, 7932, 8149
matrix, 6815, 4903, 6569
matrix, 6816, 6574, 6543
matrix, 6817, 7328, 6980
matrix, 6818, 6094, 6596
matrix, 6819, 4926, 6455
matrix, 6820, 5932, 6501
matrix, 6821, 7401, 7538
matrix, 6822, 6787, 7252
matrix, 6823, 5474, 6065
matrix, 6824, 4925, 6354
matrix, 6825, 4155, 6472
matrix, 6826, 5638, 5990
matrix, 6827, 5905, 6895
matrix, 6828, 7065, 7454
matrix, 6829, 5428, 5904
matrix, 6830, 7823, 7264
matrix, 6831, 7775, 6536
matrix, 6832, 5288, 5593
matrix, 6833, 5767, 6119
matrix, 6834, 6965, 7065
matrix, 6835, 7440, 7980
matrix, 6836, 6909, 6951
matrix, 6837, 5989, 6486
matrix, 6838, 5601, 6189
matrix, 6839, 7064, 6675
matrix, 6840, 5588, 6575
matrix, 6841, 6834, 7066
matrix, 6842, 5206, 5719
matrix, 6843, 7623, 7003
matrix, 6844, 7066, 7170
matrix, 6845, 6205, 7147
matrix, 6846, 5844, 6470
matrix, 6847, 7672, 7700
matrix, 6848, 7316, 7337
matrix, 6849, 5902, 5961
matrix, 6850, 8286, 7353
matrix, 6851, 7737, 7870
matrix, 6852, 9517, 9204
matrix, 6853, 4950, 6041
matrix, 6854, 6587, 7418
matrix, 6855, 7121, 7428
matrix, 6856, 4353, 6529
matrix, 6857, 6579, 6803
matrix, 6858, 6110, 7519
matrix, 6859, 7162, 7116
matrix, 6860, 7037, 7188
matrix, 6861, 9468, 8020
matrix, 6862, 6651, 6327
matrix, 6863, 6022, 6257
matrix, 6864, 8866, 8173
matrix, 6865, 4882, 6583
matrix, 6866, 5004, 6266
matrix, 6867, 6885, 7071
matrix, 6868, 5977, 5746
matrix, 6869, 5822, 6282
matrix, 6870, 5722, 6862
matrix, 6871, 7191, 7220
matrix, 6872, 6621, 6467
matrix, 6873, 6891, 6365
matrix, 6874, 7351, 7093
matrix, 6875, 8000, 8722
matrix, 6876, 6043, 6556
matrix, 6877, 7532, 6853
matrix, 6878, 7956, 5942
matrix, 6879, 5944, 5879
matrix, 6880, 6381, 6509
matrix, 6881, 9042, 7014
matrix, 6882, 6245, 7205
matrix, 6883, 6948, 6850
matrix, 6884, 5918, 6975
matrix, 6885, 6715, 7070
matrix, 6886, 7138, 7050
matrix, 6887, 7020, 6275
matrix, 6888, 9270, 7559
matrix, 6889, 5604, 6033
matrix, 6890, 7471, 7385
matrix, 6891, 5654, 6364
matrix, 6892, 6407, 6438
matrix, 6893, 7609, 7472
matrix, 6894, 4539, 6820
matrix, 6895, 8007, 7789
matrix, 6896, 8586, 8699
matrix, 6897, 8882, 6229
matrix, 6898, 8142, 7630
matrix, 6899, 8381, 7765
matrix, 6900, 6865, 6584
matrix, 6901, 4088, 3722
matrix, 6902, 8269, 8027
matrix, 6903, 6739, 7260
matrix, 6904, 8036, 7939
matrix, 6905, 6788, 6200
matrix, 6906, 6919, 6647
matrix, 6907, 4786, 6081
matrix, 6908, 6210, 6936
matrix, 6909, 6527, 6950
matrix, 6910, 7348, 7063
matrix, 6911, 8535, 6342
matrix, 6912, 7212, 7021
matrix, 6913, 9284, 7126
matrix, 6914, 7681, 7026
matrix, 6915, 5974, 5984
matrix, 6916, 7086, 7120
matrix, 6917, 8145, 7271
matrix, 6918, 6551, 6829
matrix, 6919, 7134, 6646
matrix, 6920, 7314, 7400
matrix, 6921, 6528, 6694
matrix, 6922, 8317, 7932
matrix, 6923, 6593, 7077
matrix, 6924, 8170, 6926
matrix, 6925, 5190, 5508
matrix, 6926, 7235, 6478
matrix, 6927, 7815, 8111
matrix, 6928, 6790, 7197
matrix, 6929, 5644, 6079
matrix, 6930, 4296, 5659
matrix, 6931, 4234, 5125
matrix, 6932, 7013, 6773
matrix, 6933, 7281, 6461
matrix, 6934, 7405, 7257
matrix, 6935, 6962, 6923
matrix, 6936, 7690, 7334
matrix, 6937, 6559, 7796
matrix, 6938, 5120, 5415
matrix, 6939, 6388, 6532
matrix, 6940, 8396, 7780
matrix, 6941, 6325, 5817
matrix, 6942, 7332, 7806
matrix, 6943, 6760, 7381
matrix, 6944, 8368, 6992
matrix, 6945, 8797, 6351
matrix, 6946, 4975, 4432
matrix, 6947, 6633, 6394
matrix, 6948, 6585, 6849
matrix, 6949, 7543, 7615
matrix, 6950, 5330, 6414
matrix, 6951, 6237, 6481
matrix, 6952, 6104, 6442
matrix, 6953, 4888, 6918
matrix, 6954, 7625, 7523
matrix, 6955, 5734, 6763
matrix, 6956, 6267, 6279
matrix, 6957, 4159, 6614
matrix, 6958, 9168, 8981
matrix, 6959, 6952, 6443
matrix, 6960, 8092, 7545
matrix, 6961, 6453, 7045
matrix, 6962, 6103, 6922
matrix, 6963, 6034, 6870
matrix, 6964, 6096, 6699
matrix, 6965, 6910, 7064
matrix, 6966, 6603, 7595
matrix, 6967, 6945, 6352
matrix, 6968, 6097, 7061
matrix, 6969, 6699, 7767
matrix, 6970, 9760, 9077
matrix, 6971, 7819, 5711
matrix, 6972, 7572, 7024
matrix, 6973, 5513, 6250
matrix, 6974, 6029, 7543
matrix, 6975, 7940, 7276
matrix, 6976, 9650, 8753
matrix, 6977, 7695, 7254
matrix, 6978, 8081, 6794
matrix, 6979, 7271, 7502
matrix, 6980, 5456, 6102
matrix, 6981, 7015, 6786
matrix, 6982, 6365, 6677
matrix, 6983, 8140, 6958
matrix, 6984, 6158, 6238
matrix, 6985, 5044, 5640
matrix, 6986, 7641, 5849
matrix, 6987, 6360, 5946
matrix, 6988, 8206, 7297
matrix, 6989, 6505, 6778
matrix, 6990, 5879, 6312
matrix, 6991, 7983, 6301
matrix, 6992, 8595, 7232
matrix, 6993, 7082, 6159
matrix, 6994, 8152, 7288
matrix, 6995, 5585, 6525
matrix, 6996, 7714, 6770
matrix, 6997, 7793, 8001
matrix, 6998, 5739, 5767
matrix, 6999, 7280, 6496
matrix, 7000, 7758, 7839
matrix, 7001, 6616, 5782
matrix, 7002, 6062, 7191
matrix, 7003, 9897, 8315
matrix, 7004, 8585, 7654
matrix, 7005, 6128, 6434
matrix, 7006, 7160, 7369
matrix, 7007, 6758, 6271
matrix, 7008, 7163, 7581
matrix, 7009, 6992, 7233
matrix, 7010, 7595, 6978
matrix, 7011, 7526, 7316
matrix, 7012, 5502, 6179
matrix, 7013, 6479, 6772
matrix, 7014, 8986, 7110
matrix, 7015, 3318, 6785
matrix, 7016, 6377, 6045
matrix, 7017, 5567, 6844
matrix, 7018, 6116, 6372
matrix, 7019, 7528, 7099
matrix, 7020, 6576, 6274
matrix, 7021, 9830, 8553
matrix, 7022, 6710, 7310
matrix, 7023, 7325, 7484
matrix, 7024, 8071, 8169
matrix, 7025, 5970, 6346
matrix, 7026, 6638, 6504
matrix, 7027, 6847, 7701
matrix, 7028, 5385, 5699
matrix, 7029, 5980, 6331
matrix, 7030, 6912, 7022
matrix, 7031, 7402, 7456
matrix, 7032, 5665, 5604
matrix, 7033, 6002, 7900
matrix, 7034, 7159, 6153
matrix, 7035, 8996, 8280
matrix, 7036, 7227, 7848
matrix, 7037, 8335, 7187
matrix, 7038, 5843, 5953
matrix, 7039, 8878, 8412
matrix, 7040, 8693, 8581
matrix, 7041, 8941, 6910
matrix, 7042, 7158, 7145
matrix, 7043, 7821, 7715
matrix, 7044, 7288, 7443
matrix, 7045, 6269, 6633
matrix, 7046, 7999, 7101
matrix, 7047, 9592, 7757
matrix, 7048, 5371, 5968
matrix, 7049, 5219, 4723
matrix, 7050, 8685, 8059
matrix, 7051, 5347, 5556
matrix, 7052, 7648, 6735
matrix, 7053, 8178, 7987
matrix, 7054, 5111, 6611
matrix, 7055, 7145, 6798
matrix, 7056, 5164, 6259
matrix, 7057, 6280, 6856
matrix, 7058, 7302, 6681
matrix, 7059, 6061, 6865
matrix, 7060, 7155, 7837
matrix, 7061, 6473, 6594
matrix, 7062, 8227, 8451
matrix, 7063, 7373, 7920
matrix, 7064, 4435, 6674
matrix, 7065, 7426, 7453
matrix, 7066, 6445, 7169
matrix, 7067, 8150, 7274
matrix, 7068, 8067, 8167
matrix, 7069, 7209, 7393
matrix, 7070, 8486, 8904
matrix, 7071, 7031, 7457
matrix, 7072, 6714, 7028
matrix, 7073, 7207, 6890
matrix, 7074, 6534, 7154
matrix, 7075, 5912, 7554
matrix, 7076, 7555, 7143
matrix, 7077, 6101, 6824
matrix, 7078, 5821, 6245
matrix, 7079, 8550, 7834
matrix, 7080, 6320, 6791
matrix, 7081, 7249, 7006
matrix, 7082, 5840, 6158
matrix, 7083, 8118, 6399
matrix, 7084, 6538, 6286
matrix, 7085, 8683, 8353
matrix, 7086, 7493, 7119
matrix, 7087, 7808, 7696
matrix, 7088, 5320, 6704
matrix, 7089, 5495, 6026
matrix, 7090, 8292, 6453
matrix, 7091, 5605, 7411
matrix, 7092, 6079, 6624
matrix, 7093, 8711, 8234
matrix, 7094, 8308, 6670
matrix, 7095, 9054, 7809
matrix, 7096, 5544, 5346
matrix, 7097, 6483, 7447
matrix, 7098, 5172, 6145
matrix, 7099, 9862, 9036
matrix, 7100, 5865, 7355
matrix, 7101, 7083, 6400
matrix, 7102, 7579, 8177
matrix, 7103, 4381, 6687
matrix, 7104, 5931, 6039
matrix, 7105, 7525, 7562
matrix, 7106, 6785, 7215
matrix, 7107, 9221, 7133
matrix, 7108, 7291, 7528
matrix, 7109, 7600, 7032
matrix, 7110, 4844, 6822
matrix, 7111, 5832, 7108
matrix, 7112, 5597, 7301
matrix, 7113, 7453, 6709
matrix, 7114, 5880, 5821
matrix, 7115, 6632, 6643
matrix, 7116, 7926, 7415
matrix, 7117, 7185, 7240
matrix, 7118, 6650, 6838
matrix, 7119, 7892, 8125
matrix, 7120, 7358, 7091
matrix, 7121, 7655, 7427
matrix, 7122, 5256, 6540
matrix, 7123, 7750, 7377
matrix, 7124, 6194, 6788
matrix, 7125, 7124, 6789
matrix, 7126, 6569, 6640
matrix, 7127, 8876, 7042
matrix, 7128, 8094, 8346
matrix, 7129, 7146, 6712
matrix, 7130, 6508, 6344
matrix, 7131, 5692, 5353
matrix, 7132, 6284, 5832
matrix, 7133, 8037, 7285
matrix, 7134, 6680, 6645
matrix, 7135, 7607, 7081
matrix, 7136, 5749, 5549
matrix, 7137, 6833, 6120
matrix, 7138, 7393, 7049
matrix, 7139, 7688, 6664
matrix, 7140, 4611, 6202
matrix, 7141, 6433, 7330
matrix, 7142, 6562, 7590
matrix, 7143, 7490, 6758
matrix, 7144, 5113, 5835
matrix, 7145, 6151, 6797
matrix, 7146, 7795, 6711
matrix, 7147, 8282, 7487
matrix, 7148, 6468, 6841
matrix, 7149, 6995, 6526
matrix, 7150, 7360, 8129
matrix, 7151, 6583, 6588
matrix, 7152, 5497, 7479
matrix, 7153, 6677, 6572
matrix, 7154, 6254, 6167
matrix, 7155, 7995, 7836
matrix, 7156, 6939, 6533
matrix, 7157, 7754, 7970
matrix, 7158, 7076, 7144
matrix, 7159, 6224, 6152
matrix, 7160, 4251, 7368
matrix, 7161, 7181, 6515
matrix, 7162, 7366, 7115
matrix, 7163, 8108, 7580
matrix, 7164, 7058, 6682
matrix, 7165, 8837, 8199
matrix, 7166, 6095, 6702
matrix, 7167, 8298, 7086
matrix, 7168, 6776, 7826
matrix, 7169, 7152, 7480
matrix, 7170, 7371, 7993
matrix, 7171, 7997, 7494
matrix, 7172, 8137, 7403
matrix, 7173, 7942, 8182
matrix, 7174, 7715, 6915
matrix, 7175, 8219, 8765
matrix, 7176, 9099, 8607
matrix, 7177, 8421, 7984
matrix, 7178, 8296, 8284
matrix, 7179, 8991, 8500
matrix, 7180, 6966, 7596
matrix, 7181, 6211, 6514
matrix, 7182, 6455, 5761
matrix, 7183, 7801, 7408
matrix, 7184, 4676, 6383
matrix, 7185, 7659, 7239
matrix, 7186, 7548, 7508
matrix, 7187, 8568, 7293
matrix, 7188, 7194, 6808
matrix, 7189, 7611, 7306
matrix, 7190, 8027, 8273
matrix, 7191, 8107, 7219
matrix, 7192, 6748, 6653
matrix, 7193, 6491, 7167
matrix, 7194, 6217, 6807
matrix, 7195, 9744, 8957
matrix, 7196, 6734, 6580
matrix, 7197, 7150, 8130
matrix, 7198, 7951, 8190
matrix, 7199, 7674, 6212
matrix, 7200, 5181, 5787
matrix, 7201, 7213, 7670
matrix, 7202, 9091, 8342
matrix, 7203, 9212, 8533
matrix, 7204, 5785, 6548
matrix, 7205, 8202, 7954
matrix, 7206, 6685, 6994
matrix, 7207, 5754, 6889
matrix, 7208, 4340, 4613
matrix, 7209, 6481, 7392
matrix, 7210, 9063, 7632
matrix, 7211, 7114, 5822
matrix, 7212, 7330, 7020
matrix, 7213, 7638, 7669
matrix, 7214, 6452, 7423
matrix, 7215, 6258, 7247
matrix, 7216, 7809, 7476
matrix, 7217, 7957, 7574
matrix, 7218, 7422, 7652
matrix, 7219, 8153, 6970
matrix, 7220, 8369, 7211
matrix, 7221, 5499, 6261
matrix, 7222, 6355, 8109
matrix, 7223, 6323, 6746
matrix, 7224, 6618, 6488
matrix, 7225, 6789, 6192
matrix, 7226, 7566, 7137
matrix, 7227, 6600, 7847
matrix, 7228, 8183, 8022
matrix, 7229, 8621, 8545
matrix, 7230, 7730, 7431
matrix, 7231, 8498, 7640
matrix, 7232, 5909, 6220
matrix, 7233, 6872, 6468
matrix, 7234, 7500, 8260
matrix, 7235, 6462, 6477
matrix, 7236, 7596, 7322
matrix, 7237, 7813, 7129
matrix, 7238, 6402, 6322
matrix, 7239, 6432, 6836
matrix, 7240, 9831, 8240
matrix, 7241, 8079, 8033
matrix, 7242, 7127, 7043
matrix, 7243, 8047, 7821
matrix, 7244, 7354, 6826
matrix, 7245, 7938, 7521
matrix, 7246, 7423, 7875
matrix, 7247, 7023, 7485
matrix, 7248, 8659, 8784
matrix, 7249, 6516, 7005
matrix, 7250, 8555, 8187
matrix, 7251, 7277, 6858
matrix, 7252, 5935, 5999
matrix, 7253, 6624, 8098
matrix, 7254, 7650, 6955
matrix, 7255, 6513, 6939
matrix, 7256, 5735, 6518
matrix, 7257, 8064, 7208
matrix, 7258, 6613, 7375
matrix, 7259, 7311, 7569
matrix, 7260, 7415, 7390
matrix, 7261, 8022, 7942
matrix, 7262, 7069, 7394
matrix, 7263, 5976, 5939
matrix, 7264, 7094, 6671
matrix, 7265, 7783, 8102
matrix, 7266, 7755, 6906
matrix, 7267, 8057, 6873
matrix, 7268, 5509, 7084
matrix, 7269, 7788, 7598
matrix, 7270, 6590, 7326
matrix, 7271, 7856, 7501
matrix, 7272, 8608, 8025
matrix, 7273, 7241, 8034
matrix, 7274, 6892, 6439
matrix, 7275, 7078, 6246
matrix, 7276, 6916, 7121
matrix, 7277, 7057, 6857
matrix, 7278, 8749, 7728
matrix, 7279, 6524, 5925
matrix, 7280, 6139, 6495
matrix, 7281, 7621, 6460
matrix, 7282, 8192, 8749
matrix, 7283, 6973, 6251
matrix, 7284, 6321, 7531
matrix, 7285, 7183, 7409
matrix, 7286, 7170, 7994
matrix, 7287, 7220, 7212
matrix, 7288, 5643, 7442
matrix, 7289, 8230, 8092
matrix, 7290, 6870, 6863
matrix, 7291, 6143, 7527
matrix, 7292, 6303, 6881
matrix, 7293, 6275, 6755
matrix, 7294, 6477, 6422
matrix, 7295, 6266, 6376
matrix, 7296, 6648, 7689
matrix, 7297, 5362, 5779
matrix, 7298, 7969, 6733
matrix, 7299, 7284, 7532
matrix, 7300, 6703, 7141
matrix, 7301, 5934, 7182
matrix, 7302, 5261, 6680
matrix, 7303, 9678, 8461
matrix, 7304, 6961, 7046
matrix, 7305, 7390, 8907
matrix, 7306, 8191, 8400
matrix, 7307, 8086, 7966
matrix, 7308, 7299, 7533
matrix, 7309, 8313, 7465
matrix, 7310, 7515, 7536
matrix, 7311, 7965, 7568
matrix, 7312, 9122, 8262
matrix, 7313, 5820, 6722
matrix, 7314, 7451, 7399
matrix, 7315, 9827, 9242
matrix, 7316, 7769, 7336
matrix, 7317, 8476, 8629
matrix, 7318, 4523, 8047
matrix, 7319, 8688, 7228
matrix, 7320, 6720, 7564
matrix, 7321, 7043, 7716
matrix, 7322, 8028, 7617
matrix, 7323, 7944, 7585
matrix, 7324, 5852, 5317
matrix, 7325, 7691, 7483
matrix, 7326, 7005, 6435
matrix, 7327, 7897, 9031
matrix, 7328, 7010, 6979
matrix, 7329, 8942, 7773
matrix, 7330, 7803, 7019
matrix, 7331, 8703, 8598
matrix, 7332, 8552, 7805
matrix, 7333, 7177, 7985
matrix, 7334, 7085, 8354
matrix, 7335, 8035, 7720
matrix, 7336, 7188, 6809
matrix, 7337, 9662, 8057
matrix, 7338, 6132, 7387
matrix, 7339, 5043, 5773
matrix, 7340, 8919, 7449
matrix, 7341, 7757, 7278
matrix, 7342, 7604, 8094
matrix, 7343, 9087, 8222
matrix, 7344, 6444, 7267
matrix, 7345, 7313, 6723
matrix, 7346, 5359, 5705
matrix, 7347, 7562, 6867
matrix, 7348, 6968, 7062
matrix, 7349, 7192, 6654
matrix, 7350, 8186, 7824
matrix, 7351, 7120, 7092
matrix, 7352, 6500, 8044
matrix, 7353, 6515, 7079
matrix, 7354, 7077, 6825
matrix, 7355, 5729, 5887
matrix, 7356, 8256, 8175
matrix, 7357, 7411, 8004
matrix, 7358, 4743, 7090
matrix, 7359, 7661, 6885
matrix, 7360, 9210, 8128
matrix, 7361, 8162, 8775
matrix, 7362, 6594, 7360
matrix, 7363, 6851, 7871
matrix, 7364, 9441, 7397
matrix, 7365, 9424, 9257
matrix, 7366, 5678, 7114
matrix, 7367, 7863, 6800
matrix, 7368, 6310, 5980
matrix, 7369, 8466, 8335
matrix, 7370, 8301, 7698
matrix, 7371, 8615, 7992
matrix, 7372, 7267, 6874
matrix, 7373, 7547, 7919
matrix, 7374, 5923, 7351
matrix, 7375, 9382, 9232
matrix, 7376, 7344, 7268
matrix, 7377, 4142, 4990
matrix, 7378, 7938, 7521
matrix, 7379, 7002, 7192
matrix, 7380, 6994, 7289
matrix, 7381, 8189, 8010
matrix, 7382, 6430, 6499
matrix, 7383, 6055, 6715
matrix, 7384, 6181, 7053
matrix, 7385, 6770, 8376
matrix, 7386, 9051, 8485
matrix, 7387, 7201, 7671
matrix, 7388, 6977, 7255
matrix, 7389, 8417, 7000
matrix, 7390, 9434, 8906
matrix, 7391, 5900, 6662
matrix, 7392, 6709, 6217
matrix, 7393, 6187, 7048
matrix, 7394, 7399, 7440
matrix, 7395, 5711, 5506
matrix, 7396, 6924, 6927
matrix, 7397, 4738, 6638
matrix, 7398, 8583, 8327
matrix, 7399, 6674, 7439
matrix, 7400, 8571, 7576
matrix, 7401, 7310, 7537
matrix, 7402, 6828, 7455
matrix, 7403, 7884, 7815
matrix, 7404, 8146, 7778
matrix, 7405, 7388, 7256
matrix, 7406, 8076, 8050
matrix, 7407, 6997, 8002
matrix, 7408, 7598, 7742
matrix, 7409, 7535, 7379
matrix, 7410, 8488, 8642
matrix, 7411, 7407, 8003
matrix, 7412, 8008, 7282
matrix, 7413, 9657, 8578
matrix, 7414, 8875, 8691
matrix, 7415, 7461, 7389
matrix, 7416, 7035, 8281
matrix, 7417, 7825, 7736
matrix, 7418, 8732, 8542
matrix, 7419, 7112, 7302
matrix, 7420, 5837, 8730
matrix, 7421, 7713, 7730
matrix, 7422, 8420, 7651
matrix, 7423, 7666, 7874
matrix, 7424, 8500, 8065
matrix, 7425, 7293, 6756
matrix, 7426, 7540, 7452
matrix, 7427, 9338, 7738
matrix, 7428, 7151, 6589
matrix, 7429, 7519, 7571
matrix, 7430, 6692, 6656
matrix, 7431, 7827, 7999
matrix, 7432, 7753, 7262
matrix, 7433, 7660, 7250
matrix, 7434, 7710, 8088
matrix, 7435, 6578, 6552
matrix, 7436, 7292, 6882
matrix, 7437, 6460, 7504
matrix, 7438, 6803, 6973
matrix, 7439, 6786, 7787
matrix, 7440, 8764, 7979
matrix, 7441, 7749, 8134
matrix, 7442, 6045, 6696
matrix, 7443, 9377, 8873
matrix, 7444, 9592, 7757
matrix, 7445, 7814, 7195
matrix, 7446, 6474, 6408
matrix, 7447, 5914, 6730
matrix, 7448, 6943, 7382
matrix, 7449, 5888, 7242
matrix, 7450, 6904, 7940
matrix, 7451, 7364, 7398
matrix, 7452, 6953, 6919
matrix, 7453, 7807, 6708
matrix, 7454, 9497, 8472
matrix, 7455, 7880, 8392
matrix, 7456, 8482, 7722
matrix, 7457, 6376, 7516
matrix, 7458, 7924, 8386
matrix, 7459, 4594, 5218
matrix, 7460, 9590, 8702
matrix, 7461, 7338, 7388
matrix, 7462, 8275, 8556
matrix, 7463, 9606, 8618
matrix, 7464, 8303, 7686
matrix, 7465, 8509, 8841
matrix, 7466, 6328, 7038
matrix, 7467, 9863, 9144
matrix, 7468, 7744, 6767
matrix, 7469, 9314, 9181
matrix, 7470, 9926, 7661
matrix, 7471, 7966, 7384
matrix, 7472, 6431, 6775
matrix, 7473, 8073, 7184
matrix, 7474, 5539, 6319
matrix, 7475, 9792, 9161
matrix, 7476, 5546, 6942
matrix, 7477, 9735, 9264
matrix, 7478, 8811, 7863
matrix, 7479, 7168, 7827
matrix, 7480, 6954, 7524
matrix, 7481, 7847, 7159
matrix, 7482, 8367, 7830
matrix, 7483, 8049, 7162
matrix, 7484, 7759, 8395
matrix, 7485, 7662, 7644
matrix, 7486, 8851, 8062
matrix, 7487, 7818, 7962
matrix, 7488, 7964, 8161
matrix, 7489, 7263, 5940
matrix, 7490, 7425, 6757
matrix, 7491, 7052, 6736
matrix, 7492, 6573, 6899
matrix, 7493, 7836, 7118
matrix, 7494, 8218, 7540
matrix, 7495, 7675, 7657
matrix, 7496, 7507, 6996
matrix, 7497, 6987, 5947
matrix, 7498, 8409, 7906
matrix, 7499, 8132, 7812
matrix, 7500, 9368, 8259
matrix, 7501, 6908, 6937
matrix, 7502, 7531, 7547
matrix, 7503, 7494, 7541
matrix, 7504, 7935, 8225
matrix, 7505, 9468, 8020
matrix, 7506, 8119, 7895
matrix, 7507, 7206, 6995
matrix, 7508, 8852, 8293
matrix, 7509, 8723, 8096
matrix, 7510, 6336, 7362
matrix, 7511, 8513, 8660
matrix, 7512, 7436, 6883
matrix, 7513, 7483, 7163
matrix, 7514, 6763, 6897
matrix, 7515, 7640, 7535
matrix, 7516, 6920, 7401
matrix, 7517, 9469, 8055
matrix, 7518, 7437, 7505
matrix, 7519, 7259, 7570
matrix, 7520, 7988, 7602
matrix, 7521, 6299, 6117
matrix, 7522, 9160, 8489
matrix, 7523, 7465, 8842
matrix, 7524, 8527, 7225
matrix, 7525, 8401, 7561
matrix, 7526, 6322, 7315
matrix, 7527, 7473, 7185
matrix, 7528, 6753, 7098
matrix, 7529, 8043, 8512
matrix, 7530, 7270, 7327
matrix, 7531, 6960, 7546
matrix, 7532, 6457, 6852
matrix, 7533, 8850, 7707
matrix, 7534, 5277, 6338
matrix, 7535, 7123, 7378
matrix, 7536, 9414, 8946
matrix, 7537, 6886, 7051
matrix, 7538, 7251, 6859
matrix, 7539, 9638, 7944
matrix, 7540, 7851, 7451
matrix, 7541, 8258, 7749
matrix, 7542, 8324, 7990
matrix, 7543, 8533, 7614
matrix, 7544, 7054, 6612
matrix, 7545, 6584, 5971
matrix, 7546, 7948, 6931
matrix, 7547, 7852, 7918
matrix, 7548, 6137, 7507
matrix, 7549, 8766, 8212
matrix, 7550, 9265, 8325
matrix, 7551, 8631, 7711
matrix, 7552, 8860, 8920
matrix, 7553, 7799, 7691
matrix, 7554, 8300, 8158
matrix, 7555, 7300, 7142
matrix, 7556, 8695, 7935
matrix, 7557, 7307, 7967
matrix, 7558, 5466, 6427
matrix, 7559, 7457, 7517
matrix, 7560, 6191, 6968
matrix, 7561, 7135, 7082
matrix, 7562, 7059, 6866
matrix, 7563, 8918, 7974
matrix, 7564, 7164, 6683
matrix, 7565, 6426, 7088
matrix, 7566, 6373, 7136
matrix, 7567, 7557, 7968
matrix, 7568, 6902, 8028
matrix, 7569, 7147, 7488
matrix, 7570, 5728, 6606
matrix, 7571, 7447, 6731
matrix, 7572, 7030, 7023
matrix, 7573, 9170, 8445
matrix, 7574, 8251, 7782
matrix, 7575, 8461, 7606
matrix, 7576, 7044, 7444
matrix, 7577, 5410, 5635
matrix, 7578, 7024, 8170
matrix, 7579, 7356, 8176
matrix, 7580, 6394, 7104
matrix, 7581, 8602, 7771
matrix, 7582, 5853, 6929
matrix, 7583, 6359, 7637
matrix, 7584, 5926, 7199
matrix, 7585, 7225, 6193
matrix, 7586, 6173, 6629
matrix, 7587, 7419, 7303
matrix, 7588, 6512, 6616
matrix, 7589, 8982, 8741
matrix, 7590, 9445, 7997
matrix, 7591, 8370, 7489
matrix, 7592, 6496, 6998
matrix, 7593, 7645, 7345
matrix, 7594, 6458, 7223
matrix, 7595, 5541, 6977
matrix, 7596, 6122, 7321
matrix, 7597, 8115, 8257
matrix, 7598, 7920, 7741
matrix, 7599, 7309, 7466
matrix, 7600, 8507, 7031
matrix, 7601, 7367, 6801
matrix, 7602, 5464, 6782
matrix, 7603, 7264, 6672
matrix, 7604, 7289, 8093
matrix, 7605, 8121, 7551
matrix, 7606, 9038, 7947
matrix, 7607, 7353, 7080
matrix, 7608, 5506, 6358
matrix, 7609, 6410, 7471
matrix, 7610, 7230, 7432
matrix, 7611, 8127, 7305
matrix, 7612, 8187, 8927
matrix, 7613, 8054, 8132
matrix, 7614, 7214, 7424
matrix, 7615, 6348, 6945
matrix, 7616, 8529, 8566
matrix, 7617, 6344, 5898
matrix, 7618, 8138, 8593
matrix, 7619, 7842, 7217
matrix, 7620, 7883, 8151
matrix, 7621, 7820, 6459
matrix, 7622, 6705, 5481
matrix, 7623, 6592, 7002
matrix, 7624, 9151, 9227
matrix, 7625, 7378, 7522
matrix, 7626, 7828, 7612
matrix, 7627, 9040, 8816
matrix, 7628, 7126, 6641
matrix, 7629, 8019, 7855
matrix, 7630, 7186, 7509
matrix, 7631, 8712, 8193
matrix, 7632, 6146, 6094
matrix, 7633, 8323, 7732
matrix, 7634, 6880, 6510
matrix, 7635, 8923, 8759
matrix, 7636, 8622, 7622
matrix, 7637, 8039, 8433
matrix, 7638, 8199, 7668
matrix, 7639, 8273, 8478
matrix, 7640, 7308, 7534
matrix, 7641, 5770, 5848
matrix, 7642, 7960, 8215
matrix, 7643, 7945, 7152
matrix, 7644, 8886, 7627
matrix, 7645, 8393, 7344
matrix, 7646, 9739, 8409
matrix, 7647, 7141, 7331
matrix, 7648, 7298, 6734
matrix, 7649, 6661, 6753
matrix, 7650, 6745, 6954
matrix, 7651, 9796, 8464
matrix, 7652, 8783, 8084
matrix, 7653, 8596, 8802
matrix, 7654, 9867, 9131
matrix, 7655, 8050, 7426
matrix, 7656, 9277, 9088
matrix, 7657, 7563, 7975
matrix, 7658, 7306, 8401
matrix, 7659, 6509, 7238
matrix, 7660, 8310, 7249
matrix, 7661, 7512, 6884
matrix, 7662, 7929, 7643
matrix, 7663, 8477, 8732
matrix, 7664, 8785, 6983
matrix, 7665, 7464, 7687
matrix, 7666, 7961, 7873
matrix, 7667, 6660, 7914
matrix, 7668, 7334, 8355
matrix, 7669, 5838, 8156
matrix, 7670, 6963, 6871
matrix, 7671, 8228, 8209
matrix, 7672, 7370, 7699
matrix, 7673, 7359, 6886
matrix, 7674, 7900, 6211
matrix, 7675, 9393, 7656
matrix, 7676, 9637, 9234
matrix, 7677, 6934, 7258
matrix, 7678, 7499, 7813
matrix, 7679, 8684, 7853
matrix, 7680, 7266, 6907
matrix, 7681, 6972, 7025
matrix, 7682, 7787, 7202
matrix, 7683, 8106, 7858
matrix, 7684, 6313, 6176
matrix, 7685, 7205, 7955
matrix, 7686, 7286, 7995
matrix, 7687, 6854, 7419
matrix, 7688, 7391, 6663
matrix, 7689, 8384, 7866
matrix, 7690, 7953, 7333
matrix, 7691, 6783, 7482
matrix, 7692, 7480, 7525
matrix, 7693, 8544, 8122
matrix, 7694, 7831, 8369
matrix, 7695, 6822, 7253
matrix, 7696, 9281, 8153
matrix, 7697, 8827, 8080
matrix, 7698, 8564, 8870
matrix, 7699, 7149, 6527
matrix, 7700, 8945, 8363
matrix, 7701, 7341, 7279
matrix, 7702, 8983, 9193
matrix, 7703, 7317, 8630
matrix, 7704, 5061, 6725
matrix, 7705, 6167, 6846
matrix, 7706, 6882, 7206
matrix, 7707, 9917, 8421
matrix, 7708, 6403, 7646
matrix, 7709, 8849, 9202
matrix, 7710, 9451, 8087
matrix, 7711, 7850, 7801
matrix, 7712, 8147, 7746
matrix, 7713, 7278, 7729
matrix, 7714, 6174, 6769
matrix, 7715, 5033, 6914
matrix, 7716, 8336, 8475
matrix, 7717, 7772, 7421
matrix, 7718, 7533, 7708
matrix, 7719, 7075, 7555
matrix, 7720, 8599, 8018
matrix, 7721, 9437, 8359
matrix, 7722, 7187, 7294
matrix, 7723, 9336, 8717
matrix, 7724, 8207, 8100
matrix, 7725, 8341, 8289
matrix, 7726, 7410, 8643
matrix, 7727, 8645, 8038
matrix, 7728, 8504, 8147
matrix, 7729, 5476, 6618
matrix, 7730, 9112, 7430
matrix, 7731, 4710, 5204
matrix, 7732, 9782, 8436
matrix, 7733, 7576, 7445
matrix, 7734, 9958, 9255
matrix, 7735, 8017, 7676
matrix, 7736, 8464, 8526
matrix, 7737, 8473, 7869
matrix, 7738, 7848, 7460
matrix, 7739, 7958, 7592
matrix, 7740, 8494, 8207
matrix, 7741, 8066, 8297
matrix, 7742, 8237, 8309
matrix, 7743, 6713, 6636
matrix, 7744, 8425, 6766
matrix, 7745, 6424, 7235
matrix, 7746, 7226, 7138
matrix, 7747, 6311, 6578
matrix, 7748, 6425, 6448
matrix, 7749, 7613, 8133
matrix, 7750, 7258, 7376
matrix, 7751, 9274, 8676
matrix, 7752, 8943, 8189
matrix, 7753, 6903, 7261
matrix, 7754, 7567, 7969
matrix, 7755, 6130, 6905
matrix, 7756, 8034, 8626
matrix, 7757, 6975, 7277
matrix, 7758, 7060, 7838
matrix, 7759, 8522, 8394
matrix, 7760, 7011, 7317
matrix, 7761, 6918, 6830
matrix, 7762, 7738, 7461
matrix, 7763, 6797, 7665
matrix, 7764, 7107, 7134
matrix, 7765, 3433, 4890
matrix, 7766, 7558, 6428
matrix, 7767, 7434, 8089
matrix, 7768, 9102, 8236
matrix, 7769, 6936, 7335
matrix, 7770, 7418, 8543
matrix, 7771, 8091, 7405
matrix, 7772, 7687, 7420
matrix, 7773, 8005, 7620
matrix, 7774, 7244, 6827
matrix, 7775, 6472, 6535
matrix, 7776, 9612, 8789
matrix, 7777, 9080, 7608
matrix, 7778, 7246, 7876
matrix, 7779, 8718, 7903
matrix, 7780, 7449, 7243
matrix, 7781, 7091, 7412
matrix, 7782, 8753, 7861
matrix, 7783, 7724, 8101
matrix, 7784, 7109, 7033
matrix, 7785, 8044, 8570
matrix, 7786, 9158, 8427
matrix, 7787, 8842, 7201
matrix, 7788, 7180, 7597
matrix, 7789, 7727, 8039
matrix, 7790, 9093, 8291
matrix, 7791, 8416, 7726
matrix, 7792, 8451, 5997
matrix, 7793, 7431, 8000
matrix, 7794, 6612, 6960
matrix, 7795, 7113, 6710
matrix, 7796, 6782, 6987
matrix, 7797, 7936, 7299
matrix, 7798, 8772, 7798
matrix, 7799, 7296, 7690
matrix, 7800, 7210, 7633
matrix, 7801, 8478, 7407
matrix, 7802, 7901, 7679
matrix, 7803, 6808, 7018
matrix, 7804, 9611, 8984
matrix, 7805, 8457, 7724
matrix, 7806, 6620, 5958
matrix, 7807, 4789, 6707
matrix, 7808, 6725, 7695
matrix, 7809, 9355, 7475
matrix, 7810, 8612, 8852
matrix, 7811, 7862, 8205
matrix, 7812, 8135, 7951
matrix, 7813, 8090, 7128
matrix, 7814, 6420, 7194
matrix, 7815, 7222, 8110
matrix, 7816, 7430, 6657
matrix, 7817, 5010, 5537
matrix, 7818, 8075, 7961
matrix, 7819, 5958, 5710
matrix, 7820, 6015, 6458
matrix, 7821, 8523, 7714
matrix, 7822, 8072, 8006
matrix, 7823, 7432, 7263
matrix, 7824, 7231, 7641
matrix, 7825, 8427, 7735
matrix, 7826, 6721, 7888
matrix, 7827, 7590, 7998
matrix, 7828, 8006, 7611
matrix, 7829, 6451, 6964
matrix, 7830, 6689, 7009
matrix, 7831, 8182, 8368
matrix, 7832, 8293, 8286
matrix, 7833, 8653, 8779
matrix, 7834, 6494, 5964
matrix, 7835, 9534, 8866
matrix, 7836, 6859, 7117
matrix, 7837, 7319, 7229
matrix, 7838, 7639, 8479
matrix, 7839, 7573, 8446
matrix, 7840, 7100, 7356
matrix, 7841, 8412, 7892
matrix, 7842, 7106, 7216
matrix, 7843, 9019, 8268
matrix, 7844, 7833, 8780
matrix, 7845, 7864, 7040
matrix, 7846, 8279, 8140
matrix, 7847, 6811, 7158
matrix, 7848, 6523, 7459
matrix, 7849, 8676, 8116
matrix, 7850, 8223, 7800
matrix, 7851, 7340, 7450
matrix, 7852, 7982, 7917
matrix, 7853, 7651, 8465
matrix, 7854, 8165, 7851
matrix, 7855, 7708, 7647
matrix, 7856, 9356, 7500
matrix, 7857, 8296, 8284
matrix, 7858, 6817, 6981
matrix, 7859, 7551, 7712
matrix, 7860, 7832, 8287
matrix, 7861, 8105, 7957
matrix, 7862, 6759, 8204
matrix, 7863, 7055, 6799
matrix, 7864, 7466, 7039
matrix, 7865, 9975, 9028
matrix, 7866, 8444, 8591
matrix, 7867, 8915, 8844
matrix, 7868, 7416, 8282
matrix, 7869, 6818, 6597
matrix, 7870, 7874, 7434
matrix, 7871, 8161, 8734
matrix, 7872, 6570, 6934
matrix, 7873, 9392, 8696
matrix, 7874, 7610, 7433
matrix, 7875, 9096, 8145
matrix, 7876, 7826, 7889
matrix, 7877, 7711, 7802
matrix, 7878, 7732, 8437
matrix, 7879, 7463, 8619
matrix, 7880, 9478, 8391
matrix, 7881, 8514, 8491
matrix, 7882, 6395, 7587
matrix, 7883, 6814, 8150
matrix, 7884, 7678, 7814
matrix, 7885, 8921, 8378
matrix, 7886, 9124, 8468
matrix, 7887, 8437, 8072
matrix, 7888, 7882, 7588
matrix, 7889, 6179, 6106
matrix, 7890, 6691, 7754
matrix, 7891, 8266, 7897
matrix, 7892, 8082, 8124
matrix, 7893, 7048, 5969
matrix, 7894, 8175, 7972
matrix, 7895, 8558, 8231
matrix, 7896, 8935, 9209
matrix, 7897, 9131, 9030
matrix, 7898, 8938, 8305
matrix, 7899, 7593, 7346
matrix, 7900, 6796, 6210
matrix, 7901, 7973, 7678
matrix, 7902, 8032, 6879
matrix, 7903, 8939, 8517
matrix, 7904, 6446, 7624
matrix, 7905, 8910, 8344
matrix, 7906, 5679, 6602
matrix, 7907, 7980, 7491
matrix, 7908, 7716, 8476
matrix, 7909, 7664, 6984
matrix, 7910, 9983, 9223
matrix, 7911, 6801, 6742
matrix, 7912, 7403, 7816
matrix, 7913, 8704, 9012
matrix, 7914, 9073, 8877
matrix, 7915, 8819, 8371
matrix, 7916, 7928, 9234
matrix, 7917, 7556, 7936
matrix, 7918, 6495, 8406
matrix, 7919, 7484, 8396
matrix, 7920, 7986, 7740
matrix, 7921, 8465, 8547
matrix, 7922, 7780, 7244
matrix, 7923, 8013, 7635
matrix, 7924, 8796, 8385
matrix, 7925, 8168, 8106
matrix, 7926, 8122, 7414
matrix, 7927, 8510, 7365
matrix, 7928, 9697, 9233
matrix, 7929, 7824, 7642
matrix, 7930, 9041, 8794
matrix, 7931, 8570, 9151
matrix, 7932, 7728, 8148
matrix, 7933, 6700, 7056
matrix, 7934, 7502, 7548
matrix, 7935, 7971, 8224
matrix, 7936, 6988, 7298
matrix, 7937, 8283, 8320
matrix, 7938, 6858, 7520
matrix, 7939, 5979, 6309
matrix, 7940, 7067, 7275
matrix, 7941, 7745, 7236
matrix, 7942, 8001, 8181
matrix, 7943, 9577, 8799
matrix, 7944, 6057, 7584
matrix, 7945, 5271, 7151
matrix, 7946, 7491, 6737
matrix, 7947, 7322, 7618
matrix, 7948, 7582, 6930
matrix, 7949, 7886, 8469
matrix, 7950, 9844, 8755
matrix, 7951, 8194, 8189
matrix, 7952, 7652, 8085
matrix, 7953, 7647, 7332
matrix, 7954, 7198, 8191
matrix, 7955, 7498, 7907
matrix, 7956, 7489, 5941
matrix, 7957, 6126, 7573
matrix, 7958, 7142, 7591
matrix, 7959, 8857, 8494
matrix, 7960, 8446, 8214
matrix, 7961, 7363, 7872
matrix, 7962, 7027, 7702
matrix, 7963, 8236, 7514
matrix, 7964, 9843, 8160
matrix, 7965, 8225, 7567
matrix, 7966, 7448, 7383
matrix, 7967, 8404, 8623
matrix, 7968, 7970, 7341
matrix, 7969, 7571, 6732
matrix, 7970, 6306, 7340
matrix, 7971, 7343, 8223
matrix, 7972, 7108, 7529
matrix, 7973, 7735, 7677
matrix, 7974, 8435, 8041
matrix, 7975, 6318, 7751
matrix, 7976, 9397, 8958
matrix, 7977, 7918, 8407
matrix, 7978, 9153, 8889
matrix, 7979, 8603, 7884
matrix, 7980, 7591, 7490
matrix, 7981, 7767, 8090
matrix, 7982, 7991, 7916
matrix, 7983, 6641, 6300
matrix, 7984, 8434, 7844
matrix, 7985, 7777, 7609
matrix, 7986, 7427, 7739
matrix, 7987, 7916, 9235
matrix, 7988, 8547, 7601
matrix, 7989, 7189, 7307
matrix, 7990, 8139, 7775
matrix, 7991, 7667, 7915
matrix, 7992, 8379, 8251
matrix, 7993, 8331, 8938
matrix, 7994, 8614, 7882
matrix, 7995, 7079, 7835
matrix, 7996, 8743, 7674
matrix, 7997, 6273, 7493
matrix, 7998, 9804, 8635
matrix, 7999, 7019, 7100
matrix, 8000, 8805, 8721
matrix, 8001, 8450, 8180
matrix, 8002, 9918, 9033
matrix, 8003, 6895, 7790
matrix, 8004, 9614, 9247
matrix, 8005, 7947, 7619
matrix, 8006, 7985, 7610
matrix, 8007, 7439, 7788
matrix, 8008, 9009, 7281
matrix, 8009, 9178, 8219
matrix, 8010, 7033, 7901
matrix, 8011, 9347, 9204
matrix, 8012, 5370, 6187
matrix, 8013, 7800, 7634
matrix, 8014, 6607, 7663
matrix, 8015, 5963, 8510
matrix, 8016, 9227, 8550
matrix, 8017, 7996, 7675
matrix, 8018, 5797, 7818
matrix, 8019, 7679, 7854
matrix, 8020, 9430, 9003
matrix, 8021, 6793, 7911
matrix, 8022, 7450, 7941
matrix, 8023, 6506, 6483
matrix, 8024, 7644, 7628
matrix, 8025, 7812, 7952
matrix, 8026, 8959, 8751
matrix, 8027, 9218, 8272
matrix, 8028, 6949, 7616
matrix, 8029, 8065, 8772
matrix, 8030, 9350, 9093
matrix, 8031, 8813, 8136
matrix, 8032, 6409, 6878
matrix, 8033, 7904, 7625
matrix, 8034, 8455, 8625
matrix, 8035, 9759, 7719
matrix, 8036, 8419, 7938
matrix, 8037, 4851, 7284
matrix, 8038, 9928, 9265
matrix, 8039, 9052, 8432
matrix, 8040, 7599, 7467
matrix, 8041, 9372, 9040
matrix, 8042, 7008, 7582
matrix, 8043, 8015, 8511
matrix, 8044, 8600, 8569
matrix, 8045, 7760, 7318
matrix, 8046, 8650, 9010
matrix, 8047, 6088, 7820
matrix, 8048, 8681, 9209
matrix, 8049, 8297, 7161
matrix, 8050, 7614, 7425
matrix, 8051, 8859, 8164
matrix, 8052, 8892, 7792
matrix, 8053, 8445, 7878
matrix, 8054, 7197, 8131
matrix, 8055, 9512, 9033
matrix, 8056, 8574, 7358
matrix, 8057, 7670, 6872
matrix, 8058, 8709, 8266
matrix, 8059, 8085, 8380
matrix, 8060, 8268, 8016
matrix, 8061, 9764, 8761
matrix, 8062, 8148, 7964
matrix, 8063, 8588, 8898
matrix, 8064, 7706, 7207
matrix, 8065, 8291, 8771
matrix, 8066, 8141, 8296
matrix, 8067, 9064, 8166
matrix, 8068, 6208, 8008
matrix, 8069, 8143, 8104
matrix, 8070, 8160, 7744
matrix, 8071, 7068, 8168
matrix, 8072, 7357, 8005
matrix, 8073, 7301, 7183
matrix, 8074, 5862, 6818
matrix, 8075, 4886, 7960
matrix, 8076, 8516, 8049
matrix, 8077, 6704, 6947
matrix, 8078, 8185, 8674
matrix, 8079, 8204, 8032
matrix, 8080, 8946, 8810
matrix, 8081, 6175, 6793
matrix, 8082, 7693, 8123
matrix, 8083, 7223, 6747
matrix, 8084, 9845, 9078
matrix, 8085, 7885, 8379
matrix, 8086, 8062, 7965
matrix, 8087, 8844, 8338
matrix, 8088, 8373, 8847
matrix, 8089, 8337, 7693
matrix, 8090, 6913, 7127
matrix, 8091, 7172, 7404
matrix, 8092, 6974, 7544
matrix, 8093, 8450, 8180
matrix, 8094, 7905, 8345
matrix, 8095, 8419, 7938
matrix, 8096, 7909, 6985
matrix, 8097, 8215, 7909
matrix, 8098, 8307, 7926
matrix, 8099, 8281, 8351
matrix, 8100, 9583, 8507
matrix, 8101, 9961, 9004
matrix, 8102, 7726, 8644
matrix, 8103, 9243, 9030
matrix, 8104, 9829, 9198
matrix, 8105, 7685, 7956
matrix, 8106, 8780, 7857
matrix, 8107, 7619, 7218
matrix, 8108, 5794, 7579
matrix, 8109, 7887, 8073
matrix, 8110, 8377, 8247
matrix, 8111, 8322, 8254
matrix, 8112, 7979, 7885
matrix, 8113, 8927, 8340
matrix, 8114, 9166, 9085
matrix, 8115, 6145, 8256
matrix, 8116, 7673, 6887
matrix, 8117, 8713, 8318
matrix, 8118, 6560, 6398
matrix, 8119, 8264, 7894
matrix, 8120, 7578, 8171
matrix, 8121, 8154, 7550
matrix, 8122, 7781, 7413
matrix, 8123, 8340, 8459
matrix, 8124, 8052, 7793
matrix, 8125, 8305, 8505
matrix, 8126, 7891, 7898
matrix, 8127, 7587, 7304
matrix, 8128, 9364, 8621
matrix, 8129, 7099, 9037
matrix, 8130, 6795, 7173
matrix, 8131, 9362, 8540
matrix, 8132, 8520, 7811
matrix, 8133, 7488, 8162
matrix, 8134, 7440, 7980
matrix, 8135, 6768, 7950
matrix, 8136, 7843, 8269
matrix, 8137, 7516, 7402
matrix, 8138, 7866, 8592
matrix, 8139, 7329, 7774
matrix, 8140, 6340, 6957
matrix, 8141, 8726, 8295
matrix, 8142, 8024, 7629
matrix, 8143, 7265, 8103
matrix, 8144, 8879, 7649
matrix, 8145, 6640, 7270
matrix, 8146, 8271, 7777
matrix, 8147, 8070, 7745
matrix, 8148, 7487, 7963
matrix, 8149, 7870, 7435
matrix, 8150, 6397, 7273
matrix, 8151, 8542, 9219
matrix, 8152, 6732, 7287
matrix, 8153, 7560, 6969
matrix, 8154, 7934, 7549
matrix, 8155, 8810, 8497
matrix, 8156, 6764, 8333
matrix, 8157, 10000, 9186
matrix, 8158, 8173, 7769
matrix, 8159, 9816, 8423
matrix, 8160, 7408, 7743
matrix, 8161, 7663, 8733
matrix, 8162, 9986, 8774
matrix, 8163, 9005, 7763
matrix, 8164, 8722, 8991
matrix, 8165, 8387, 7850
matrix, 8166, 7700, 8364
matrix, 8167, 8508, 8932
matrix, 8168, 8069, 8105
matrix, 8169, 8546, 9212
matrix, 8170, 8627, 6925
matrix, 8171, 9432, 8509
matrix, 8172, 8136, 8270
matrix, 8173, 6969, 7768
matrix, 8174, 9274, 8676
matrix, 8175, 7157, 7971
matrix, 8176, 8235, 8332
matrix, 8177, 8372, 8753
matrix, 8178, 7333, 7986
matrix, 8179, 6383, 6740
matrix, 8180, 8641, 7982
matrix, 8181, 9880, 8863
matrix, 8182, 8618, 8367
matrix, 8183, 6861, 8021
matrix, 8184, 7722, 7295
matrix, 8185, 9349, 8673
matrix, 8186, 9351, 7823
matrix, 8187, 8675, 8926
matrix, 8188, 8098, 7927
matrix, 8189, 8068, 8009
matrix, 8190, 9933, 9036
matrix, 8191, 5689, 8399
matrix, 8192, 8345, 8748
matrix, 8193, 7712, 7747
matrix, 8194, 7250, 8188
matrix, 8195, 7937, 8321
matrix, 8196, 7400, 7577
matrix, 8197, 8173, 7769
matrix, 8198, 6830, 7265
matrix, 8199, 8493, 7667
matrix, 8200, 9108, 8899
matrix, 8201, 8505, 8441
matrix, 8202, 8025, 7953
matrix, 8203, 7440, 7980
matrix, 8204, 8471, 8031
matrix, 8205, 8868, 8536
matrix, 8206, 8184, 7296
matrix, 8207, 7253, 8099
matrix, 8208, 7719, 7556
matrix, 8209, 7882, 7588
matrix, 8210, 8869, 8523
matrix, 8211, 8468, 7682
matrix, 8212, 7536, 8947
matrix, 8213, 9728, 8373
matrix, 8214, 8578, 7324
matrix, 8215, 7955, 7908
matrix, 8216, 9721, 8895
matrix, 8217, 9165, 8529
matrix, 8218, 6821, 7539
matrix, 8219, 8806, 8764
matrix, 8220, 7606, 7948
matrix, 8221, 9320, 8951
matrix, 8222, 8548, 7759
matrix, 8223, 7798, 7799
matrix, 8224, 6262, 6760
matrix, 8225, 8257, 7566
matrix, 8226, 8976, 8849
matrix, 8227, 8439, 8450
matrix, 8228, 7740, 8208
matrix, 8229, 8788, 9081
matrix, 8230, 7981, 8091
matrix, 8231, 9172, 9136
matrix, 8232, 7646, 8410
matrix, 8233, 7881, 8492
matrix, 8234, 9308, 9044
matrix, 8235, 8634, 8331
matrix, 8236, 8911, 7513
matrix, 8237, 9758, 8308
matrix, 8238, 9490, 9180
matrix, 8239, 5948, 5591
matrix, 8240, 9293, 9000
matrix, 8241, 6114, 6378
matrix, 8242, 9240, 8922
matrix, 8243, 8463, 7704
matrix, 8244, 8360, 8323
matrix, 8245, 9558, 8860
matrix, 8246, 8408, 8836
matrix, 8247, 8267, 8416
matrix, 8248, 7413, 8579
matrix, 8249, 8964, 8455
matrix, 8250, 9162, 8012
matrix, 8251, 6940, 7781
matrix, 8252, 6836, 6952
matrix, 8253, 9433, 8561
matrix, 8254, 9653, 9251
matrix, 8255, 6240, 7095
matrix, 8256, 6864, 8174
matrix, 8257, 7320, 7565
matrix, 8258, 8193, 7748
matrix, 8259, 6848, 7338
matrix, 8260, 8287, 8313
matrix, 8261, 9487, 8425
matrix, 8262, 8295, 8615
matrix, 8263, 9106, 8388
matrix, 8264, 7841, 7893
matrix, 8265, 9783, 8715
matrix, 8266, 7506, 7896
matrix, 8267, 8356, 8415
matrix, 8268, 8415, 8015
matrix, 8269, 7272, 8026
matrix, 8270, 7418, 8543
matrix, 8271, 7990, 7776
matrix, 8272, 7331, 8599
matrix, 8273, 7908, 8477
matrix, 8274, 8500, 8065
matrix, 8275, 9793, 8555
matrix, 8276, 8792, 8143
matrix, 8277, 6571, 7511
matrix, 8278, 7697, 8081
matrix, 8279, 8386, 8139
matrix, 8280, 8448, 9053
matrix, 8281, 8391, 8350
matrix, 8282, 7247, 7486
matrix, 8283, 8117, 8319
matrix, 8284, 7768, 8237
matrix, 8285, 7000, 7840
matrix, 8286, 7374, 7352
matrix, 8287, 8658, 8312
matrix, 8288, 8784, 8404
matrix, 8289, 7321, 7717
matrix, 8290, 8104, 9199
matrix, 8291, 9993, 8770
matrix, 8292, 6422, 6452
matrix, 8293, 7178, 8285
matrix, 8294, 7739, 7593
matrix, 8295, 9030, 8614
matrix, 8296, 7868, 8283
matrix, 8297, 7481, 7160
matrix, 8298, 7268, 7085
matrix, 8299, 8593, 8068
matrix, 8300, 7669, 8157
matrix, 8301, 7087, 7697
matrix, 8302, 9389, 9049
matrix, 8303, 8663, 7685
matrix, 8304, 6718, 7075
matrix, 8305, 9057, 8504
matrix, 8306, 8786, 9174
matrix, 8307, 9032, 7925
matrix, 8308, 6249, 6669
matrix, 8309, 8284, 8238
matrix, 8310, 7215, 7248
matrix, 8311, 6488, 6142
matrix, 8312, 8201, 8442
matrix, 8313, 6550, 7464
matrix, 8314, 8839, 8521
matrix, 8315, 9022, 8993
matrix, 8316, 7175, 8766
matrix, 8317, 6489, 7931
matrix, 8318, 7050, 8060
matrix, 8319, 9287, 8833
matrix, 8320, 9543, 9254
matrix, 8321, 9335, 8114
matrix, 8322, 8538, 8253
matrix, 8323, 7421, 7731
matrix, 8324, 8922, 7989
matrix, 8325, 6676, 8299
matrix, 8326, 8733, 8664
matrix, 8327, 7786, 8428
matrix, 8328, 8243, 7705
matrix, 8329, 7492, 6900
matrix, 8330, 7165, 8200
matrix, 8331, 5066, 8937
matrix, 8332, 9224, 8745
matrix, 8333, 7173, 8183
matrix, 8334, 7689, 7867
matrix, 8335, 7527, 7186
matrix, 8336, 8606, 8474
matrix, 8337, 7553, 7692
matrix, 8338, 8456, 8275
matrix, 8339, 7826, 7889
matrix, 8340, 9125, 8458
matrix, 8341, 7860, 8288
matrix, 8342, 7479, 7828
matrix, 8343, 8591, 8818
matrix, 8344, 9369, 8549
matrix, 8345, 8433, 8747
matrix, 8346, 9419, 8036
matrix, 8347, 6622, 8302
matrix, 8348, 9456, 7922
matrix, 8349, 9435, 8944
matrix, 8350, 8578, 7324
matrix, 8351, 7974, 8042
matrix, 8352, 7802, 7680
matrix, 8353, 9309, 8787
matrix, 8354, 9452, 9008
matrix, 8355, 7873, 8697
matrix, 8356, 9275, 8414
matrix, 8357, 9973, 9195
matrix, 8358, 9277, 9088
matrix, 8359, 8604, 8575
matrix, 8360, 8195, 8322
matrix, 8361, 8325, 8300
matrix, 8362, 8702, 8632
matrix, 8363, 9262, 8688
matrix, 8364, 7849, 8117
matrix, 8365, 9058, 9119
matrix, 8366, 7580, 7105
matrix, 8367, 8342, 7829
matrix, 8368, 6743, 6991
matrix, 8369, 6542, 7210
matrix, 8370, 7147, 7488
matrix, 8371, 7179, 8501
matrix, 8372, 8026, 8752
matrix, 8373, 9658, 8846
matrix, 8374, 8955, 9063
matrix, 8375, 7950, 8756
matrix, 8376, 8731, 8989
matrix, 8377, 8864, 8246
matrix, 8378, 7406, 8051
matrix, 8379, 9048, 8250
matrix, 8380, 9004, 8916
matrix, 8381, 8163, 7764
matrix, 8382, 7616, 8567
matrix, 8383, 6976, 8754
matrix, 8384, 6399, 7865
matrix, 8385, 7718, 7709
matrix, 8386, 8751, 8138
matrix, 8387, 7036, 7849
matrix, 8388, 8102, 8645
matrix, 8389, 7228, 8023
matrix, 8390, 8436, 9007
matrix, 8391, 9016, 8349
matrix, 8392, 9786, 9078
matrix, 8393, 6682, 7343
matrix, 8394, 8788, 9081
matrix, 8395, 8115, 8257
matrix, 8396, 7404, 7779
matrix, 8397, 8283, 8320
matrix, 8398, 8394, 9082
matrix, 8399, 7707, 8422
matrix, 8400, 7785, 8571
matrix, 8401, 6888, 7560
matrix, 8402, 9008, 9059
matrix, 8403, 8166, 8365
matrix, 8404, 8128, 8622
matrix, 8405, 9299, 8514
matrix, 8406, 8390, 9008
matrix, 8407, 8101, 9005
matrix, 8408, 9044, 8835
matrix, 8409, 5486, 7905
matrix, 8410, 8378, 8052
matrix, 8411, 7861, 7958
matrix, 8412, 8715, 7891
matrix, 8413, 8405, 8515
matrix, 8414, 9613, 8713
matrix, 8415, 6155, 8014
matrix, 8416, 7805, 7725
matrix, 8417, 7592, 6999
matrix, 8418, 6964, 6700
matrix, 8419, 7917, 7937
matrix, 8420, 8144, 7650
matrix, 8421, 8180, 7983
matrix, 8422, 6722, 6522
matrix, 8423, 8898, 8757
matrix, 8424, 9298, 8966
matrix, 8425, 6637, 6765
matrix, 8426, 7927, 7366
matrix, 8427, 9818, 7734
matrix, 8428, 9426, 8650
matrix, 8429, 8521, 8242
matrix, 8430, 6814, 8150
matrix, 8431, 8831, 8655
matrix, 8432, 7949, 8470
matrix, 8433, 8576, 8746
matrix, 8434, 8656, 7843
matrix, 8435, 7789, 8040
matrix, 8436, 8407, 9006
matrix, 8437, 8799, 8071
matrix, 8438, 7984, 7845
matrix, 8439, 9206, 8449
matrix, 8440, 7331, 8599
matrix, 8441, 8222, 7760
matrix, 8442, 9764, 8761
matrix, 8443, 9656, 9046
matrix, 8444, 8765, 8590
matrix, 8445, 7778, 7877
matrix, 8446, 7549, 8213
matrix, 8447, 9036, 7604
matrix, 8448, 9648, 9052
matrix, 8449, 9482, 8647
matrix, 8450, 9510, 8179
matrix, 8451, 6003, 5996
matrix, 8452, 7895, 8232
matrix, 8453, 8038, 9266
matrix, 8454, 9988, 9124
matrix, 8455, 7967, 8624
matrix, 8456, 7190, 8274
matrix, 8457, 7456, 7723
matrix, 8458, 8410, 8053
matrix, 8459, 9177, 8538
matrix, 8460, 8862, 8812
matrix, 8461, 8447, 7605
matrix, 8462, 9525, 8885
matrix, 8463, 7962, 7703
matrix, 8464, 9065, 8525
matrix, 8465, 7229, 8546
matrix, 8466, 8156, 8334
matrix, 8467, 8263, 8389
matrix, 8468, 8352, 7681
matrix, 8469, 8840, 8196
matrix, 8470, 8660, 8969
matrix, 8471, 8735, 8030
matrix, 8472, 9836, 7784
matrix, 8473, 8334, 7868
matrix, 8474, 9332, 8911
matrix, 8475, 9078, 9261
matrix, 8476, 9035, 8628
matrix, 8477, 7420, 8731
matrix, 8478, 7771, 7406
matrix, 8479, 8007, 7789
matrix, 8480, 9664, 9187
matrix, 8481, 8190, 9037
matrix, 8482, 7335, 7721
matrix, 8483, 7352, 8045
matrix, 8484, 8174, 8677
matrix, 8485, 9164, 8657
matrix, 8486, 9893, 8903
matrix, 8487, 8778, 9251
matrix, 8488, 9931, 8641
matrix, 8489, 8517, 9061
matrix, 8490, 8009, 8220
matrix, 8491, 7935, 8225
matrix, 8492, 9954, 8977
matrix, 8493, 7763, 7666
matrix, 8494, 7811, 8206
matrix, 8495, 9006, 8956
matrix, 8496, 8897, 9066
matrix, 8497, 8469, 8197
matrix, 8498, 9017, 7639
matrix, 8499, 8908, 9244
matrix, 8500, 8741, 8064
matrix, 8501, 9582, 8997
matrix, 8502, 8472, 7785
matrix, 8503, 8696, 8756
matrix, 8504, 7875, 8146
matrix, 8505, 9154, 8440
matrix, 8506, 9937, 8185
matrix, 8507, 5441, 7030
matrix, 8508, 8725, 8931
matrix, 8509, 8569, 8840
matrix, 8510, 8677, 7364
matrix, 8511, 7925, 8107
matrix, 8512, 8299, 8069
matrix, 8513, 9199, 8659
matrix, 8514, 7522, 8490
matrix, 8515, 8208, 7557
matrix, 8516, 7318, 8048
matrix, 8517, 8402, 9060
matrix, 8518, 6659, 7929
matrix, 8519, 9681, 9250
matrix, 8520, 7095, 7810
matrix, 8521, 7240, 8241
matrix, 8522, 7455, 8393
matrix, 8523, 7859, 7713
matrix, 8524, 8359, 8576
matrix, 8525, 7003, 8316
matrix, 8526, 9617, 9206
matrix, 8527, 7594, 7224
matrix, 8528, 9268, 9208
matrix, 8529, 9028, 8565
matrix, 8530, 9142, 8559
matrix, 8531, 8155, 8498
matrix, 8532, 9184, 8979
matrix, 8533, 7626, 7613
matrix, 8534, 9654, 9263
matrix, 8535, 5560, 6341
matrix, 8536, 6053, 7175
matrix, 8537, 7305, 8908
matrix, 8538, 7992, 8252
matrix, 8539, 7495, 7658
matrix, 8540, 9745, 8739
matrix, 8541, 8219, 8765
matrix, 8542, 9407, 9218
matrix, 8543, 7914, 8878
matrix, 8544, 8924, 8121
matrix, 8545, 8873, 8604
matrix, 8546, 8907, 9211
matrix, 8547, 6138, 7600
matrix, 8548, 7047, 7758
matrix, 8549, 8894, 9076
matrix, 8550, 6809, 7833
matrix, 8551, 8231, 9137
matrix, 8552, 9014, 7804
matrix, 8553, 9062, 8681
matrix, 8554, 9107, 8908
matrix, 8555, 8506, 8186
matrix, 8556, 8107, 7219
matrix, 8557, 8517, 9061
matrix, 8558, 8912, 8230
matrix, 8559, 7524, 7226
matrix, 8560, 8327, 8429
matrix, 8561, 8406, 9009
matrix, 8562, 9039, 8915
matrix, 8563, 9801, 8862
matrix, 8564, 9186, 8869
matrix, 8565, 9159, 9251
matrix, 8566, 7312, 8263
matrix, 8567, 8807, 9201
matrix, 8568, 5724, 7292
matrix, 8569, 8584, 8839
matrix, 8570, 9121, 9150
matrix, 8571, 7217, 7575
matrix, 8572, 8708, 8797
matrix, 8573, 9706, 9262
matrix, 8574, 7840, 7357
matrix, 8575, 8112, 7886
matrix, 8576, 9224, 8745
matrix, 8577, 9376, 8202
matrix, 8578, 7236, 7323
matrix, 8579, 7994, 7883
matrix, 8580, 8733, 8664
matrix, 8581, 6922, 7933
matrix, 8582, 9077, 8960
matrix, 8583, 7550, 8326
matrix, 8584, 8791, 8838
matrix, 8585, 7218, 7653
matrix, 8586, 8355, 8698
matrix, 8587, 9193, 9205
matrix, 8588, 8670, 8897
matrix, 8589, 8046, 9011
matrix, 8590, 7618, 8594
matrix, 8591, 7627, 8817
matrix, 8592, 8899, 9269
matrix, 8593, 8776, 8067
matrix, 8594, 8211, 7683
matrix, 8595, 6337, 7231
matrix, 8596, 8870, 8801
matrix, 8597, 9920, 9259
matrix, 8598, 9045, 8487
matrix, 8599, 8060, 8017
matrix, 8600, 8382, 8568
matrix, 8601, 7504, 8226
matrix, 8602, 8158, 7770
matrix, 8603, 7994, 7883
matrix, 8604, 5596, 8574
matrix, 8605, 9182, 9262
matrix, 8606, 8633, 8473
matrix, 8607, 8213, 8374
matrix, 8608, 8389, 8024
matrix, 8609, 9197, 9107
matrix, 8610, 6480, 7373
matrix, 8611, 7871, 8735
matrix, 8612, 8750, 8851
matrix, 8613, 9906, 9073
matrix, 8614, 6555, 7881
matrix, 8615, 5231, 7991
matrix, 8616, 6813, 7348
matrix, 8617, 8242, 8923
matrix, 8618, 8403, 8366
matrix, 8619, 9519, 9067
matrix, 8620, 7637, 8434
matrix, 8621, 7770, 8544
matrix, 8622, 7773, 7621
matrix, 8623, 9957, 9216
matrix, 8624, 8739, 8076
matrix, 8625, 9566, 8670
matrix, 8626, 7398, 8328
matrix, 8627, 6935, 6924
matrix, 8628, 8316, 8767
matrix, 8629, 9316, 8986
matrix, 8630, 7658, 8402
matrix, 8631, 8385, 7710
matrix, 8632, 9515, 8588
matrix, 8633, 9497, 8472
matrix, 8634, 8896, 8330
matrix, 8635, 7375, 9233
matrix, 8636, 9250, 8820
matrix, 8637, 8952, 8807
matrix, 8638, 9871, 9158
matrix, 8639, 9817, 9248
matrix, 8640, 8582, 8961
matrix, 8641, 8203, 7981
matrix, 8642, 9945, 8992
matrix, 8643, 8913, 9134
matrix, 8644, 8747, 8585
matrix, 8645, 8346, 8037
matrix, 8646, 8315, 8994
matrix, 8647, 9173, 9042
matrix, 8648, 6694, 8602
matrix, 8649, 7694, 8370
matrix, 8650, 8354, 9009
matrix, 8651, 8912, 8230
matrix, 8652, 8721, 8683
matrix, 8653, 8769, 8778
matrix, 8654, 7482, 7831
matrix, 8655, 8546, 9212
matrix, 8656, 8781, 7842
matrix, 8657, 6769, 6989
matrix, 8658, 9060, 8311
matrix, 8659, 9556, 8783
matrix, 8660, 8746, 8968
matrix, 8661, 8564, 8870
matrix, 8662, 9673, 9252
matrix, 8663, 8594, 7684
matrix, 8664, 9333, 9269
matrix, 8665, 9860, 9208
matrix, 8666, 7361, 8776
matrix, 8667, 9825, 9171
matrix, 8668, 9493, 9016
matrix, 8669, 7656, 9089
matrix, 8670, 8216, 8896
matrix, 8671, 7898, 8306
matrix, 8672, 7602, 6783
matrix, 8673, 9564, 9057
matrix, 8674, 9651, 8609
matrix, 8675, 9105, 8925
matrix, 8676, 8321, 8115
matrix, 8677, 7510, 7363
matrix, 8678, 9379, 8858
matrix, 8679, 9120, 8913
matrix, 8680, 9870, 8999
matrix, 8681, 9819, 9208
matrix, 8682, 9610, 8953
matrix, 8683, 8099, 8352
matrix, 8684, 7854, 7852
matrix, 8685, 7337, 8058
matrix, 8686, 8114, 9086
matrix, 8687, 8441, 7761
matrix, 8688, 8559, 7227
matrix, 8689, 9603, 9249
matrix, 8690, 8059, 8381
matrix, 8691, 7642, 8216
matrix, 8692, 8906, 9236
matrix, 8693, 8248, 8580
matrix, 8694, 9205, 8935
matrix, 8695, 8581, 7934
matrix, 8696, 9119, 8755
matrix, 8697, 9110, 9100
matrix, 8698, 9558, 8860
matrix, 8699, 6623, 7808
matrix, 8700, 9709, 8727
matrix, 8701, 6375, 8453
matrix, 8702, 7703, 8631
matrix, 8703, 8814, 8597
matrix, 8704, 9367, 9011
matrix, 8705, 7462, 8557
matrix, 8706, 8326, 8665
matrix, 8707, 9873, 9110
matrix, 8708, 8826, 8796
matrix, 8709, 9366, 8265
matrix, 8710, 8380, 8917
matrix, 8711, 8452, 8233
matrix, 8712, 7954, 8192
matrix, 8713, 8525, 8317
matrix, 8714, 8752, 9097
matrix, 8715, 7876, 7890
matrix, 8716, 9674, 8996
matrix, 8717, 7919, 8397
matrix, 8718, 8010, 7902
matrix, 8719, 7736, 8527
matrix, 8720, 9609, 8949
matrix, 8721, 8553, 8682
matrix, 8722, 8376, 8990
matrix, 8723, 7342, 8095
matrix, 8724, 9930, 8784
matrix, 8725, 8995, 8930
matrix, 8726, 7508, 8294
matrix, 8727, 8936, 9190
matrix, 8728, 8560, 8430
matrix, 8729, 8652, 8684
matrix, 8730, 9083, 8769
matrix, 8731, 9813, 8988
matrix, 8732, 8131, 8541
matrix, 8733, 8834, 8663
matrix, 8734, 8488, 8642
matrix, 8735, 7568, 8029
matrix, 8736, 9578, 9262
matrix, 8737, 9934, 9206
matrix, 8738, 8601, 8227
matrix, 8739, 6765, 8075
matrix, 8740, 8590, 8595
matrix, 8741, 7486, 8063
matrix, 8742, 8816, 8939
matrix, 8743, 6582, 7673
matrix, 8744, 9375, 9274
matrix, 8745, 8940, 8361
matrix, 8746, 8424, 8967
matrix, 8747, 8916, 8584
matrix, 8748, 9306, 9127
matrix, 8749, 7791, 7727
matrix, 8750, 8226, 8850
matrix, 8751, 8031, 8137
matrix, 8752, 9521, 9096
matrix, 8753, 9216, 7860
matrix, 8754, 9194, 9099
matrix, 8755, 8729, 8685
matrix, 8756, 9672, 8639
matrix, 8757, 8828, 8827
matrix, 8758, 8481, 9038
matrix, 8759, 9359, 9165
matrix, 8760, 8392, 9079
matrix, 8761, 8929, 8078
matrix, 8762, 8247, 8417
matrix, 8763, 8973, 9070
matrix, 8764, 8949, 7978
matrix, 8765, 8632, 8589
matrix, 8766, 8999, 8211
matrix, 8767, 9851, 9189
matrix, 8768, 9895, 9259
matrix, 8769, 8666, 8777
matrix, 8770, 9742, 8589
matrix, 8771, 9543, 9254
matrix, 8772, 6937, 7797
matrix, 8773, 8348, 7923
matrix, 8774, 9881, 9204
matrix, 8775, 9945, 8992
matrix, 8776, 7424, 8066
matrix, 8777, 8537, 8909
matrix, 8778, 9823, 9250
matrix, 8779, 8724, 8785
matrix, 8780, 7629, 7856
matrix, 8781, 8285, 7841
matrix, 8782, 9766, 8832
matrix, 8783, 9043, 8083
matrix, 8784, 8630, 8403
matrix, 8785, 7858, 6982
matrix, 8786, 9574, 9173
matrix, 8787, 8854, 9257
matrix, 8788, 8760, 9080
matrix, 8789, 9278, 8708
matrix, 8790, 8306, 9175
matrix, 8791, 8246, 8837
matrix, 8792, 6577, 8142
matrix, 8793, 8272, 8600
matrix, 8794, 8534, 9264
matrix, 8795, 9588, 8975
matrix, 8796, 6279, 8384
matrix, 8797, 6408, 6350
matrix, 8798, 9430, 9003
matrix, 8799, 8512, 8070
matrix, 8800, 9107, 8908
matrix, 8801, 7698, 8871
matrix, 8802, 8400, 8572
matrix, 8803, 9138, 8881
matrix, 8804, 7810, 8853
matrix, 8805, 8888, 8720
matrix, 8806, 9211, 8763
matrix, 8807, 8290, 9200
matrix, 8808, 9067, 8822
matrix, 8809, 9447, 8901
matrix, 8810, 9069, 8496
matrix, 8811, 7782, 7862
matrix, 8812, 9317, 9206
matrix, 8813, 7441, 8135
matrix, 8814, 8740, 8596
matrix, 8815, 9555, 9228
matrix, 8816, 8331, 8938
matrix, 8817, 9643, 9021
matrix, 8818, 9003, 9221
matrix, 8819, 7694, 8370
matrix, 8820, 9802, 8611
matrix, 8821, 8932, 9112
matrix, 8822, 9253, 9253
matrix, 8823, 9145, 9265
matrix, 8824, 9526, 9018
matrix, 8825, 8016, 8551
matrix, 8826, 7930, 8795
matrix, 8827, 8761, 8079
matrix, 8828, 8947, 8826
matrix, 8829, 7975, 7752
matrix, 8830, 8327, 8429
matrix, 8831, 9084, 8654
matrix, 8832, 9317, 9206
matrix, 8833, 9745, 8739
matrix, 8834, 9327, 8662
matrix, 8835, 7916, 9235
matrix, 8836, 9372, 9040
matrix, 8837, 8497, 8198
matrix, 8838, 9357, 8481
matrix, 8839, 8988, 8520
matrix, 8840, 9261, 8195
matrix, 8841, 9889, 9185
matrix, 8842, 7584, 7200
matrix, 8843, 8625, 8671
matrix, 8844, 9729, 8337
matrix, 8845, 5388, 7112
matrix, 8846, 9372, 9040
matrix, 8847, 7190, 8274
matrix, 8848, 7040, 8582
matrix, 8849, 8807, 9201
matrix, 8850, 8328, 7706
matrix, 8851, 8318, 8061
matrix, 8852, 7790, 8292
matrix, 8853, 8176, 8333
matrix, 8854, 9358, 9256
matrix, 8855, 9454, 9272
matrix, 8856, 8312, 8443
matrix, 8857, 8233, 8493
matrix, 8858, 9901, 9108
matrix, 8859, 8133, 8163
matrix, 8860, 9536, 8919
matrix, 8861, 8944, 8358
matrix, 8862, 8080, 8811
matrix, 8863, 7119, 8126
matrix, 8864, 6553, 8245
matrix, 8865, 8930, 9026
matrix, 8866, 8120, 8172
matrix, 8867, 8901, 8278
matrix, 8868, 9127, 8535
matrix, 8869, 8314, 8522
matrix, 8870, 7943, 8800
matrix, 8871, 9092, 9216
matrix, 8872, 9858, 9248
matrix, 8873, 8648, 8603
matrix, 8874, 9586, 8805
matrix, 8875, 9209, 8690
matrix, 8876, 7845, 7041
matrix, 8877, 6555, 7881
matrix, 8878, 8232, 8411
matrix, 8879, 7855, 7648
matrix, 8880, 7128, 8347
matrix, 8881, 8820, 8612
matrix, 8882, 6041, 6228
matrix, 8883, 8887, 9261
matrix, 8884, 9761, 9151
matrix, 8885, 9227, 8550
matrix, 8886, 8033, 7626
matrix, 8887, 8768, 9260
matrix, 8888, 9398, 8719
matrix, 8889, 9741, 9028
matrix, 8890, 9607, 9057
matrix, 8891, 9082, 9258
matrix, 8892, 8003, 7791
matrix, 8893, 9798, 8667
matrix, 8894, 9777, 9075
matrix, 8895, 8621, 8545
matrix, 8896, 8626, 8329
matrix, 8897, 9331, 9065
matrix, 8898, 8696, 8756
matrix, 8899, 9665, 9268
matrix, 8900, 9519, 9067
matrix, 8901, 9237, 8277
matrix, 8902, 9568, 9236
matrix, 8903, 9292, 9106
matrix, 8904, 6893, 7473
matrix, 8905, 9783, 8715
matrix, 8906, 9129, 9235
matrix, 8907, 8048, 9210
matrix, 8908, 7315, 9243
matrix, 8909, 9022, 8993
matrix, 8910, 7202, 8343
matrix, 8911, 8277, 7512
matrix, 8912, 9489, 8229
matrix, 8913, 9373, 9133
matrix, 8914, 7605, 7552
matrix, 8915, 7523, 8843
matrix, 8916, 8848, 8583
matrix, 8917, 9636, 9230
matrix, 8918, 7894, 7973
matrix, 8919, 7097, 7448
matrix, 8920, 8053, 7879
matrix, 8921, 7385, 8377
matrix, 8922, 7053, 7988
matrix, 8923, 8423, 8758
matrix, 8924, 9203, 8120
matrix, 8925, 6958, 8982
matrix, 8926, 8448, 9053
matrix, 8927, 8087, 8339
matrix, 8928, 8217, 8530
matrix, 8929, 8624, 8077
matrix, 8930, 9571, 9025
matrix, 8931, 9459, 8762
matrix, 8932, 9834, 9111
matrix, 8933, 9949, 9214
matrix, 8934, 7853, 8466
matrix, 8935, 9616, 9208
matrix, 8936, 9851, 9189
matrix, 8937, 8801, 8872
matrix, 8938, 9076, 8304
matrix, 8939, 8413, 8516
matrix, 8940, 7721, 8360
matrix, 8941, 6361, 6909
matrix, 8942, 7581, 7772
matrix, 8943, 7250, 8188
matrix, 8944, 9846, 8357
matrix, 8945, 8745, 8362
matrix, 8946, 9640, 8809
matrix, 8947, 9935, 8825
matrix, 8948, 9400, 9250
matrix, 8949, 9883, 7977
matrix, 8950, 8542, 9219
matrix, 8951, 8038, 9266
matrix, 8952, 8874, 8806
matrix, 8953, 9201, 9042
matrix, 8954, 8917, 9231
matrix, 8955, 9029, 9062
matrix, 8956, 8908, 9244
matrix, 8957, 9353, 8737
matrix, 8958, 8365, 9120
matrix, 8959, 7282, 8750
matrix, 8960, 8565, 9252
matrix, 8961, 9184, 8979
matrix, 8962, 9684, 9114
matrix, 8963, 7748, 6449
matrix, 8964, 8701, 8454
matrix, 8965, 9956, 9247
matrix, 8966, 9150, 9069
matrix, 8967, 7006, 7370
matrix, 8968, 9090, 8637
matrix, 8969, 9610, 8953
matrix, 8970, 9097, 9071
matrix, 8971, 9749, 7836
matrix, 8972, 8860, 8920
matrix, 8973, 9624, 9069
matrix, 8974, 7390, 8907
matrix, 8975, 9472, 9259
matrix, 8976, 8088, 8848
matrix, 8977, 8011, 9205
matrix, 8978, 9136, 8964
matrix, 8979, 9627, 9123
matrix, 8980, 9996, 9267
matrix, 8981, 7959, 8495
matrix, 8982, 8833, 8740
matrix, 8983, 9143, 9192
matrix, 8984, 9680, 9214
matrix, 8985, 9034, 8668
matrix, 8986, 7111, 7109
matrix, 8987, 8036, 7939
matrix, 8988, 9037, 8519
matrix, 8989, 8742, 8940
matrix, 8990, 9390, 9140
matrix, 8991, 8531, 8499
matrix, 8992, 9517, 9204
matrix, 8993, 8569, 8840
matrix, 8994, 9337, 9154
matrix, 8995, 9418, 8929
matrix, 8996, 8867, 8279
matrix, 8997, 9407, 9218
matrix, 8998, 9245, 8725
matrix, 8999, 7671, 8210
matrix, 9000, 7444, 7758
matrix, 9001, 8100, 8508
matrix, 9002, 9819, 9208
matrix, 9003, 9562, 9220
matrix, 9004, 9039, 8915
matrix, 9005, 8687, 7762
matrix, 9006, 9904, 8955
matrix, 9007, 8376, 8990
matrix, 9008, 8673, 9058
matrix, 9009, 7701, 7280
matrix, 9010, 7414, 8692
matrix, 9011, 9552, 8710
matrix, 9012, 9698, 9144
matrix, 9013, 9902, 9212
matrix, 9014, 7877, 7803
matrix, 9015, 8639, 9249
matrix, 9016, 8880, 8348
matrix, 9017, 7583, 7638
matrix, 9018, 7407, 8003
matrix, 9019, 8058, 8267
matrix, 9020, 9903, 8814
matrix, 9021, 9961, 9004
matrix, 9022, 8164, 8992
matrix, 9023, 9485, 9226
matrix, 9024, 7157, 7971
matrix, 9025, 9285, 9236
matrix, 9026, 9576, 9146
matrix, 9027, 9719, 9139
matrix, 9028, 9155, 8564
matrix, 9029, 8517, 9061
matrix, 9030, 8881, 8613
matrix, 9031, 9011, 8711
matrix, 9032, 8773, 7924
matrix, 9033, 8398, 9083
matrix, 9034, 9798, 8667
matrix, 9035, 9074, 8627
matrix, 9036, 7520, 7603
matrix, 9037, 7903, 8518
matrix, 9038, 6099, 7946
matrix, 9039, 8679, 8914
matrix, 9040, 9020, 8815
matrix, 9041, 9740, 8793
matrix, 9042, 6255, 7013
matrix, 9043, 8278, 8082
matrix, 9044, 8319, 8834
matrix, 9045, 7386, 8486
matrix, 9046, 8265, 8716
matrix, 9047, 7589, 8742
matrix, 9048, 9855, 8249
matrix, 9049, 9402, 9272
matrix, 9050, 9464, 9105
matrix, 9051, 9113, 8484
matrix, 9052, 8728, 8431
matrix, 9053, 7530, 7328
matrix, 9054, 6623, 7808
matrix, 9055, 9428, 9167
matrix, 9056, 9867, 9131
matrix, 9057, 9865, 8503
matrix, 9058, 9908, 9118
matrix, 9059, 8526, 9207
matrix, 9060, 7742, 8310
matrix, 9061, 9354, 9268
matrix, 9062, 9951, 8680
matrix, 9063, 6898, 7631
matrix, 9064, 8051, 8165
matrix, 9065, 8210, 8524
matrix, 9066, 9968, 9244
matrix, 9067, 8636, 8821
matrix, 9068, 9169, 9206
matrix, 9069, 7959, 8495
matrix, 9070, 7467, 9145
matrix, 9071, 9694, 9156
matrix, 9072, 8168, 8106
matrix, 9073, 9635, 8876
matrix, 9074, 8034, 8626
matrix, 9075, 8302, 9050
matrix, 9076, 8347, 8303
matrix, 9077, 7976, 8959
matrix, 9078, 9542, 9260
matrix, 9079, 9027, 9140
matrix, 9080, 7575, 7607
matrix, 9081, 9477, 8856
matrix, 9082, 9601, 9257
matrix, 9083, 8628, 8768
matrix, 9084, 9465, 8653
matrix, 9085, 7303, 8462
matrix, 9086, 8349, 8945
matrix, 9087, 8490, 8221
matrix, 9088, 9966, 9077
matrix, 9089, 9565, 8872
matrix, 9090, 7998, 8636
matrix, 9091, 8113, 8341
matrix, 9092, 8933, 9215
matrix, 9093, 7725, 8290
matrix, 9094, 8372, 8753
matrix, 9095, 9145, 9265
matrix, 9096, 8276, 8144
matrix, 9097, 8973, 9070
matrix, 9098, 9015, 9250
matrix, 9099, 9176, 8606
matrix, 9100, 9930, 8784
matrix, 9101, 9993, 8770
matrix, 9102, 7093, 8235
matrix, 9103, 9340, 8934
matrix, 9104, 8691, 8217
matrix, 9105, 8617, 8924
matrix, 9106, 7458, 8387
matrix, 9107, 7390, 8907
matrix, 9108, 8588, 8898
matrix, 9109, 8001, 8181
matrix, 9110, 9194, 9099
matrix, 9111, 8974, 8908
matrix, 9112, 6855, 7429
matrix, 9113, 6536, 8483
matrix, 9114, 9025, 9237
matrix, 9115, 9872, 9214
matrix, 9116, 8917, 9231
matrix, 9117, 8808, 8823
matrix, 9118, 9111, 8909
matrix, 9119, 8177, 8754
matrix, 9120, 8474, 8912
matrix, 9121, 9940, 9149
matrix, 9122, 7234, 8261
matrix, 9123, 9972, 9257
matrix, 9124, 8934, 8467
matrix, 9125, 9470, 8457
matrix, 9126, 9008, 9059
matrix, 9127, 7203, 8534
matrix, 9128, 7213, 7670
matrix, 9129, 9805, 9234
matrix, 9130, 8592, 9270
matrix, 9131, 8889, 9029
matrix, 9132, 9572, 9177
matrix, 9133, 8690, 8382
matrix, 9134, 7702, 9194
matrix, 9135, 7913, 9013
matrix, 9136, 9303, 8963
matrix, 9137, 8767, 9190
matrix, 9138, 9967, 8880
matrix, 9139, 9392, 8696
matrix, 9140, 8046, 9011
matrix, 9141, 8454, 9125
matrix, 9142, 8705, 8558
matrix, 9143, 8727, 9191
matrix, 9144, 9969, 9131
matrix, 9145, 8534, 9264
matrix, 9146, 9198, 8791
matrix, 9147, 9597, 8704
matrix, 9148, 8894, 9076
matrix, 9149, 8078, 8675
matrix, 9150, 8619, 9068
matrix, 9151, 9485, 9226
matrix, 9152, 9509, 9102
matrix, 9153, 9544, 8888
matrix, 9154, 9516, 8439
matrix, 9155, 9280, 8563
matrix, 9156, 9686, 8875
matrix, 9157, 9906, 9073
matrix, 9158, 8261, 8426
matrix, 9159, 9681, 9250
matrix, 9160, 8598, 8488
matrix, 9161, 6844, 7171
matrix, 9162, 7381, 8011
matrix, 9163, 9504, 8883
matrix, 9164, 9457, 8656
matrix, 9165, 8719, 8528
matrix, 9166, 9033, 9084
matrix, 9167, 7696, 8154
matrix, 9168, 8961, 8980
matrix, 9169, 8992, 9205
matrix, 9170, 8856, 8444
matrix, 9171, 9529, 9236
matrix, 9172, 8643, 9135
matrix, 9173, 8846, 9041
matrix, 9174, 8944, 8358
matrix, 9175, 9715, 9271
matrix, 9176, 8545, 8605
matrix, 9177, 8205, 8537
matrix, 9178, 9104, 8218
matrix, 9179, 9120, 8913
matrix, 9180, 9459, 8762
matrix, 9181, 9664, 9187
matrix, 9182, 9290, 9261
matrix, 9183, 9756, 9074
matrix, 9184, 8492, 8978
matrix, 9185, 8470, 8970
matrix, 9186, 9985, 8868
matrix, 9187, 8980, 9268
matrix, 9188, 8565, 9252
matrix, 9189, 6948, 6850
matrix, 9190, 8240, 9001
matrix, 9191, 8344, 8550
matrix, 9192, 8157, 9187
matrix, 9193, 9881, 9204
matrix, 9194, 8714, 9098
matrix, 9195, 9407, 9218
matrix, 9196, 9515, 8588
matrix, 9197, 9292, 9106
matrix, 9198, 7776, 8790
matrix, 9199, 8485, 8658
matrix, 9200, 8429, 8243
matrix, 9201, 8836, 9041
matrix, 9202, 8363, 8689
matrix, 9203, 9982, 8119
matrix, 9204, 9981, 9254
matrix, 9205, 9340, 8934
matrix, 9206, 9217, 8448
matrix, 9207, 8262, 8616
matrix, 9208, 9686, 8875
matrix, 9209, 8363, 8689
matrix, 9210, 8863, 8127
matrix, 9211, 8442, 8762
matrix, 9212, 9547, 8532
matrix, 9213, 8697, 9101
matrix, 9214, 8231, 9137
matrix, 9215, 9679, 9239
matrix, 9216, 7683, 7859
matrix, 9217, 7839, 8447
matrix, 9218, 8172, 8271
matrix, 9219, 8823, 9266
matrix, 9220, 8539, 7659
matrix, 9221, 6761, 7132
matrix, 9222, 7913, 9013
matrix, 9223, 9362, 8540
matrix, 9224, 9448, 8744
matrix, 9225, 9765, 9266
matrix, 9226, 9386, 9184
matrix, 9227, 9369, 8549
matrix, 9228, 8930, 9026
matrix, 9229, 6927, 8112
matrix, 9230, 7976, 8959
matrix, 9231, 8484, 8678
matrix, 9232, 9558, 8860
matrix, 9233, 9589, 9206
matrix, 9234, 9132, 9178
matrix, 9235, 9792, 9161
matrix, 9236, 9663, 9211
matrix, 9237, 8338, 8276
matrix, 9238, 9010, 8693
matrix, 9239, 9823, 9250
matrix, 9240, 8972, 8921
matrix, 9241, 8424, 8967
matrix, 9242, 9438, 9211
matrix, 9243, 9341, 9029
matrix, 9244, 7469, 9182
matrix, 9245, 9324, 8724
matrix, 9246, 9461, 8412
matrix, 9247, 8937, 8873
matrix, 9248, 8700, 8728
matrix, 9249, 9116, 9232
matrix, 9250, 8343, 8819
matrix, 9251, 7248, 8785
matrix, 9252, 9421, 8419
matrix, 9253, 8487, 9252
matrix, 9254, 9317, 9206
matrix, 9255, 9256, 9101
matrix, 9256, 9110, 9100
matrix, 9257, 9147, 8705
matrix, 9258, 9429, 9094
matrix, 9259, 7931, 9152
matrix, 9260, 8274, 8066
matrix, 9261, 7631, 8194
matrix, 9262, 9326, 8687
matrix, 9263, 9222, 9014
matrix, 9264, 9314, 9181
matrix, 9265, 8244, 8324
matrix, 9266, 9750, 9270
matrix, 9267, 9712, 9270
matrix, 9268, 9725, 9207
matrix, 9269, 9454, 9272
matrix, 9270, 8515, 7558
matrix, 9271, 8953, 9043
matrix, 9272, 9992, 9205
matrix, 9273, 9423, 9147
matrix, 9274, 8078, 8675
matrix, 9275, 7039, 8413
matrix, 9276, 8778, 9251
matrix, 9277, 8686, 9087
matrix, 9278, 9339, 8707
matrix, 9279, 8499, 9245
matrix, 9280, 8253, 8562
matrix, 9281, 7620, 8152
matrix, 9282, 9770, 9130
matrix, 9283, 9676, 9054
matrix, 9284, 6671, 7125
matrix, 9285, 9660, 9235
matrix, 9286, 9928, 9265
matrix, 9287, 9307, 8832
matrix, 9288, 8708, 8797
matrix, 9289, 7716, 8476
matrix, 9290, 9460, 9260
matrix, 9291, 8357, 9196
matrix, 9292, 9464, 9105
matrix, 9293, 9870, 8999
matrix, 9294, 8004, 9248
matrix, 9295, 7866, 8592
matrix, 9296, 9868, 9142
matrix, 9297, 9974, 9153
matrix, 9298, 8978, 8965
matrix, 9299, 7529, 8513
matrix, 9300, 8956, 9245
matrix, 9301, 8216, 8896
matrix, 9302, 8763, 9071
matrix, 9303, 9751, 8962
matrix, 9304, 9914, 9155
matrix, 9305, 9594, 9230
matrix, 9306, 9141, 9126
matrix, 9307, 9491, 8831
matrix, 9308, 8953, 9043
matrix, 9309, 9251, 8786
matrix, 9310, 9635, 8876
matrix, 9311, 9980, 9256
matrix, 9312, 9205, 8935
matrix, 9313, 9980, 9256
matrix, 9314, 9579, 9180
matrix, 9315, 9771, 9169
matrix, 9316, 7804, 8985
matrix, 9317, 6852, 9205
matrix, 9318, 8238, 9181
matrix, 9319, 9630, 9129
matrix, 9320, 8720, 8950
matrix, 9321, 9532, 9273
matrix, 9322, 9815, 8972
matrix, 9323, 9405, 9270
matrix, 9324, 6875, 8723
matrix, 9325, 9399, 8891
matrix, 9326, 8755, 8686
matrix, 9327, 7511, 8661
matrix, 9328, 8136, 8270
matrix, 9329, 8817, 9022
matrix, 9330, 8958, 9121
matrix, 9331, 8374, 9064
matrix, 9332, 8777, 8910
matrix, 9333, 9354, 9268
matrix, 9334, 9509, 9102
matrix, 9335, 9229, 8113
matrix, 9336, 8265, 8716
matrix, 9337, 9259, 9153
matrix, 9338, 7417, 7737
matrix, 9339, 9257, 8706
matrix, 9340, 8167, 8933
matrix, 9341, 9975, 9028
matrix, 9342, 9874, 9230
matrix, 9343, 8774, 9205
matrix, 9344, 9501, 9164
matrix, 9345, 8724, 8785
matrix, 9346, 8899, 9269
matrix, 9347, 9892, 9203
matrix, 9348, 8217, 8530
matrix, 9349, 8843, 8672
matrix, 9350, 9483, 9092
matrix, 9351, 7243, 7822
matrix, 9352, 4495, 6445
matrix, 9353, 8611, 8736
matrix, 9354, 9225, 9267
matrix, 9355, 8904, 7474
matrix, 9356, 6791, 7499
matrix, 9357, 7838, 8480
matrix, 9358, 8771, 9255
matrix, 9359, 9501, 9164
matrix, 9360, 9448, 8744
matrix, 9361, 9168, 8981
matrix, 9362, 8459, 8539
matrix, 9363, 8645, 8038
matrix, 9364, 7879, 8620
matrix, 9365, 8449, 8648
matrix, 9366, 8566, 8264
matrix, 9367, 9885, 9010
matrix, 9368, 8395, 8258
matrix, 9369, 7921, 8548
matrix, 9370, 9925, 9230
matrix, 9371, 9495, 9270
matrix, 9372, 9467, 9039
matrix, 9373, 9479, 9132
matrix, 9374, 8187, 8927
matrix, 9375, 9847, 9273
matrix, 9376, 8330, 8201
matrix, 9377, 8801, 8872
matrix, 9378, 9129, 9235
matrix, 9379, 9081, 8857
matrix, 9380, 9787, 8951
matrix, 9381, 9803, 9269
matrix, 9382, 9370, 9231
matrix, 9383, 8489, 9062
matrix, 9384, 9475, 8876
matrix, 9385, 8736, 9263
matrix, 9386, 9244, 9183
matrix, 9387, 9215, 9240
matrix, 9388, 8701, 8454
matrix, 9389, 9718, 9048
matrix, 9390, 9828, 9139
matrix, 9391, 9815, 8972
matrix, 9392, 9891, 8695
matrix, 9393, 7004, 7655
matrix, 9394, 9131, 9030
matrix, 9395, 9464, 9105
matrix, 9396, 9658, 8846
matrix, 9397, 8495, 8957
matrix, 9398, 7723, 8718
matrix, 9399, 7978, 8890
matrix, 9400, 8872, 9249
matrix, 9401, 9519, 9067
matrix, 9402, 9715, 9271
matrix, 9403, 8149, 7436
matrix, 9404, 9706, 9262
matrix, 9405, 9803, 9269
matrix, 9406, 8462, 8886
matrix, 9407, 8623, 9217
matrix, 9408, 9078, 9261
matrix, 9409, 9427, 9252
matrix, 9410, 9286, 9266
matrix, 9411, 8600, 8569
matrix, 9412, 9076, 8304
matrix, 9413, 9619, 8998
matrix, 9414, 8349, 8945
matrix, 9415, 9304, 9156
matrix, 9416, 9123, 9258
matrix, 9417, 8697, 9101
matrix, 9418, 9374, 8928
matrix, 9419, 7273, 8035
matrix, 9420, 8849, 9202
matrix, 9421, 8762, 8418
matrix, 9422, 6989, 6779
matrix, 9423, 9070, 9146
matrix, 9424, 7734, 9256
matrix, 9425, 9059, 9208
matrix, 9426, 9365, 8649
matrix, 9427, 9159, 9251
matrix, 9428, 8759, 9166
matrix, 9429, 9350, 9093
matrix, 9430, 9190, 9002
matrix, 9431, 8694, 8936
matrix, 9432, 8100, 8508
matrix, 9433, 8530, 8560
matrix, 9434, 7070, 8905
matrix, 9435, 9550, 8943
matrix, 9436, 9218, 8272
matrix, 9437, 8944, 8358
matrix, 9438, 9717, 9210
matrix, 9439, 9815, 8972
matrix, 9440, 8201, 8442
matrix, 9441, 5996, 7396
matrix, 9442, 7646, 8410
matrix, 9443, 8021, 7912
matrix, 9444, 9211, 8763
matrix, 9445, 7686, 7996
matrix, 9446, 9584, 9112
matrix, 9447, 8200, 8900
matrix, 9448, 9047, 8743
matrix, 9449, 9653, 9251
matrix, 9450, 7132, 5833
matrix, 9451, 7952, 8086
matrix, 9452, 8436, 9007
matrix, 9453, 9867, 9131
matrix, 9454, 9806, 9271
matrix, 9455, 9870, 8999
matrix, 9456, 7063, 7921
matrix, 9457, 8831, 8655
matrix, 9458, 8280, 9054
matrix, 9459, 9764, 8761
matrix, 9460, 9920, 9259
matrix, 9461, 9442, 8411
matrix, 9462, 9704, 9260
matrix, 9463, 9663, 9211
matrix, 9464, 9652, 9104
matrix, 9465, 9738, 8652
matrix, 9466, 8807, 9201
matrix, 9467, 8481, 9038
matrix, 9468, 7720, 8019
matrix, 9469, 8458, 8054
matrix, 9470, 8249, 8456
matrix, 9471, 7654, 9132
matrix, 9472, 9998, 9258
matrix, 9473, 9637, 9234
matrix, 9474, 9877, 9258
matrix, 9475, 9686, 8875
matrix, 9476, 8181, 8864
matrix, 9477, 6069, 8855
matrix, 9478, 8467, 8390
matrix, 9479, 9282, 9131
matrix, 9480, 8951, 9267
matrix, 9481, 9687, 9225
matrix, 9482, 8388, 8646
matrix, 9483, 9755, 9091
matrix, 9484, 9947, 9275
matrix, 9485, 9687, 9225
matrix, 9486, 9847, 9273
matrix, 9487, 8159, 8424
matrix, 9488, 9095, 9266
matrix, 9489, 8738, 8228
matrix, 9490, 9234, 9179
matrix, 9491, 9763, 8830
matrix, 9492, 9556, 8783
matrix, 9493, 9622, 9015
matrix, 9494, 9297, 9154
matrix, 9495, 9803, 9269
matrix, 9496, 7721, 8360
matrix, 9497, 8432, 8471
matrix, 9498, 9928, 9265
matrix, 9499, 9594, 9230
matrix, 9500, 9147, 8705
matrix, 9501, 9811, 9163
matrix, 9502, 8496, 9067
matrix, 9503, 8563, 8863
matrix, 9504, 8803, 8882
matrix, 9505, 9886, 9180
matrix, 9506, 9788, 9272
matrix, 9507, 8715, 7891
matrix, 9508, 9126, 9060
matrix, 9509, 9256, 9101
matrix, 9510, 7102, 8178
matrix, 9511, 8362, 8633
matrix, 9512, 9927, 9032
matrix, 9513, 7734, 9256
matrix, 9514, 9827, 9242
matrix, 9515, 6059, 8587
matrix, 9516, 7878, 8438
matrix, 9517, 9789, 9203
matrix, 9518, 9631, 9072
matrix, 9519, 8897, 9066
matrix, 9520, 9717, 9210
matrix, 9521, 9736, 9095
matrix, 9522, 9809, 9131
matrix, 9523, 7443, 8874
matrix, 9524, 9484, 9276
matrix, 9525, 9163, 8884
matrix, 9526, 8668, 9017
matrix, 9527, 8194, 8189
matrix, 9528, 8824, 9019
matrix, 9529, 7916, 9235
matrix, 9530, 9773, 9206
matrix, 9531, 9710, 9210
matrix, 9532, 9402, 9272
matrix, 9533, 9711, 8984
matrix, 9534, 9476, 8865
matrix, 9535, 9030, 8614
matrix, 9536, 8710, 8918
matrix, 9537, 7642, 8216
matrix, 9538, 8660, 8969
matrix, 9539, 7751, 8677
matrix, 9540, 8215, 7909
matrix, 9541, 9079, 9141
matrix, 9542, 9416, 9259
matrix, 9543, 9409, 9253
matrix, 9544, 9406, 8887
matrix, 9545, 8722, 8991
matrix, 9546, 9008, 9059
matrix, 9547, 9348, 8531
matrix, 9548, 8689, 9250
matrix, 9549, 9408, 9262
matrix, 9550, 9683, 8942
matrix, 9551, 9340, 8934
matrix, 9552, 8789, 8709
matrix, 9553, 7417, 7737
matrix, 9554, 8748, 9128
matrix, 9555, 9151, 9227
matrix, 9556, 9634, 8782
matrix, 9557, 9695, 9145
matrix, 9558, 8678, 8859
matrix, 9559, 9650, 8753
matrix, 9560, 9779, 9167
matrix, 9561, 9387, 9241
matrix, 9562, 9642, 9219
matrix, 9563, 8015, 8511
matrix, 9564, 9575, 9056
matrix, 9565, 8661, 8871
matrix, 9566, 8985, 8669
matrix, 9567, 9333, 9269
matrix, 9568, 7676, 9235
matrix, 9569, 8231, 9137
matrix, 9570, 8038, 9266
matrix, 9571, 9978, 9024
matrix, 9572, 8790, 9176
matrix, 9573, 9754, 8893
matrix, 9574, 8667, 9172
matrix, 9575, 9283, 9055
matrix, 9576, 7467, 9145
matrix, 9577, 8572, 8798
matrix, 9578, 9078, 9261
matrix, 9579, 9234, 9179
matrix, 9580, 9302, 9072
matrix, 9581, 8542, 9219
matrix, 9582, 9674, 8996
matrix, 9583, 8125, 8506
matrix, 9584, 9834, 9111
matrix, 9585, 7890, 7755
matrix, 9586, 9824, 8804
matrix, 9587, 9771, 9169
matrix, 9588, 9655, 8974
matrix, 9589, 8992, 9205
matrix, 9590, 9898, 8701
matrix, 9591, 8696, 8756
matrix, 9592, 9585, 7756
matrix, 9593, 9570, 9267
matrix, 9594, 8815, 9229
matrix, 9595, 7003, 8316
matrix, 9596, 8965, 9248
matrix, 9597, 7460, 8703
matrix, 9598, 9748, 8767
matrix, 9599, 8272, 8600
matrix, 9600, 8293, 8286
matrix, 9601, 7734, 9256
matrix, 9602, 8621, 8545
matrix, 9603, 8965, 9248
matrix, 9604, 9708, 9147
matrix, 9605, 8640, 8962
matrix, 9606, 9207, 8617
matrix, 9607, 9575, 9056
matrix, 9608, 9966, 9077
matrix, 9609, 8212, 8948
matrix, 9610, 8221, 8952
matrix, 9611, 8925, 8983
matrix, 9612, 8353, 8788
matrix, 9613, 9031, 8712
matrix, 9614, 9279, 9246
matrix, 9615, 9253, 9253
matrix, 9616, 9530, 9207
matrix, 9617, 9992, 9205
matrix, 9618, 8899, 9269
matrix, 9619, 9582, 8997
matrix, 9620, 9471, 9133
matrix, 9621, 9310, 8877
matrix, 9622, 9135, 9014
matrix, 9623, 9650, 8753
matrix, 9624, 8619, 9068
matrix, 9625, 7467, 9145
matrix, 9626, 9234, 9179
matrix, 9627, 9330, 9122
matrix, 9628, 9372, 9040
matrix, 9629, 8858, 9109
matrix, 9630, 9699, 9128
matrix, 9631, 8763, 9071
matrix, 9632, 8379, 8251
matrix, 9633, 9961, 9004
matrix, 9634, 7844, 8781
matrix, 9635, 9686, 8875
matrix, 9636, 8815, 9229
matrix, 9637, 7375, 9233
matrix, 9638, 7261, 7943
matrix, 9639, 8661, 8871
matrix, 9640, 8637, 8808
matrix, 9641, 9656, 9046
matrix, 9642, 9726, 9218
matrix, 9643, 9528, 9020
matrix, 9644, 5757, 7179
matrix, 9645, 9571, 9025
matrix, 9646, 8443, 9047
matrix, 9647, 9976, 9251
matrix, 9648, 9075, 9051
matrix, 9649, 7390, 8907
matrix, 9650, 8026, 8752
matrix, 9651, 7176, 8608
matrix, 9652, 9334, 9103
matrix, 9653, 9400, 9250
matrix, 9654, 8883, 9262
matrix, 9655, 9322, 8973
matrix, 9656, 8234, 9045
matrix, 9657, 8524, 8577
matrix, 9658, 7867, 8845
matrix, 9659, 7698, 8871
matrix, 9660, 7928, 9234
matrix, 9661, 9055, 9168
matrix, 9662, 7517, 8056
matrix, 9663, 7896, 9210
matrix, 9664, 8841, 9186
matrix, 9665, 8951, 9267
matrix, 9666, 8830, 8430
matrix, 9667, 9621, 8878
matrix, 9668, 9371, 9271
matrix, 9669, 7778, 7877
matrix, 9670, 9608, 9078
matrix, 9671, 9875, 9240
matrix, 9672, 8968, 8638
matrix, 9673, 9976, 9251
matrix, 9674, 8646, 8995
matrix, 9675, 9907, 9139
matrix, 9676, 8448, 9053
matrix, 9677, 8406, 9009
matrix, 9678, 8123, 8460
matrix, 9679, 9971, 9238
matrix, 9680, 9013, 9213
matrix, 9681, 9603, 9249
matrix, 9682, 9268, 9208
matrix, 9683, 8989, 8941
matrix, 9684, 9446, 9113
matrix, 9685, 8473, 7869
matrix, 9686, 9247, 8874
matrix, 9687, 7910, 9224
matrix, 9688, 8824, 9019
matrix, 9689, 9294, 9249
matrix, 9690, 9318, 9182
matrix, 9691, 8774, 9205
matrix, 9692, 9820, 9200
matrix, 9693, 8402, 9060
matrix, 9694, 8994, 9155
matrix, 9695, 9698, 9144
matrix, 9696, 7713, 7730
matrix, 9697, 8954, 9232
matrix, 9698, 9296, 9143
matrix, 9699, 9306, 9127
matrix, 9700, 9248, 8729
matrix, 9701, 9909, 9249
matrix, 9702, 9881, 9204
matrix, 9703, 8029, 8773
matrix, 9704, 9472, 9259
matrix, 9705, 9765, 9266
matrix, 9706, 9462, 9261
matrix, 9707, 9645, 9026
matrix, 9708, 9557, 9146
matrix, 9709, 8998, 8726
matrix, 9710, 9002, 9209
matrix, 9711, 8925, 8983
matrix, 9712, 8899, 9269
matrix, 9713, 8284, 8238
matrix, 9714, 9920, 9259
matrix, 9715, 8592, 9270
matrix, 9716, 7987, 9236
matrix, 9717, 8935, 9209
matrix, 9718, 8443, 9047
matrix, 9719, 9569, 9138
matrix, 9720, 9857, 9274
matrix, 9721, 9573, 8894
matrix, 9722, 9839, 9116
matrix, 9723, 8650, 9010
matrix, 9724, 9015, 9250
matrix, 9725, 9317, 9206
matrix, 9726, 8623, 9217
matrix, 9727, 8605, 9263
matrix, 9728, 7915, 8372
matrix, 9729, 7369, 8336
matrix, 9730, 9840, 9218
matrix, 9731, 7624, 9228
matrix, 9732, 8055, 9034
matrix, 9733, 9530, 9207
matrix, 9734, 9962, 9271
matrix, 9735, 9404, 9263
matrix, 9736, 8030, 9094
matrix, 9737, 9530, 9207
matrix, 9738, 8428, 8651
matrix, 9739, 7977, 8408
matrix, 9740, 9856, 8792
matrix, 9741, 9228, 9027
matrix, 9742, 9515, 8588
matrix, 9743, 9801, 8862
matrix, 9744, 9006, 8956
matrix, 9745, 8957, 8738
matrix, 9746, 9631, 9072
matrix, 9747, 8787, 9258
matrix, 9748, 7175, 8766
matrix, 9749, 7079, 7835
matrix, 9750, 8899, 9269
matrix, 9751, 8582, 8961
matrix, 9752, 9321, 9274
matrix, 9753, 9942, 8546
matrix, 9754, 9325, 8892
matrix, 9755, 9826, 9090
matrix, 9756, 9580, 9073
matrix, 9757, 8290, 9200
matrix, 9758, 8671, 8307
matrix, 9759, 8289, 7718
matrix, 9760, 8894, 9076
matrix, 9761, 9121, 9150
matrix, 9762, 9425, 9209
matrix, 9763, 6780, 8829
matrix, 9764, 7635, 8760
matrix, 9765, 8794, 9265
matrix, 9766, 9491, 8831
matrix, 9767, 9661, 9169
matrix, 9768, 9847, 9273
matrix, 9769, 9228, 9027
matrix, 9770, 9630, 9129
matrix, 9771, 9560, 9168
matrix, 9772, 9530, 9207
matrix, 9773, 9702, 9205
matrix, 9774, 8157, 9187
matrix, 9775, 8455, 8625
matrix, 9776, 9705, 9267
matrix, 9777, 9756, 9074
matrix, 9778, 9878, 8723
matrix, 9779, 8759, 9166
matrix, 9780, 8211, 7683
matrix, 9781, 8592, 9270
matrix, 9782, 8620, 8435
matrix, 9783, 8414, 8714
matrix, 9784, 9228, 9027
matrix, 9785, 9610, 8953
matrix, 9786, 8549, 9077
matrix, 9787, 9821, 8950
matrix, 9788, 9852, 9271
matrix, 9789, 8567, 9202
matrix, 9790, 9663, 9211
matrix, 9791, 9434, 8906
matrix, 9792, 9861, 9160
matrix, 9793, 7021, 8554
matrix, 9794, 9660, 9235
matrix, 9795, 8783, 8084
matrix, 9796, 9085, 8463
matrix, 9797, 9451, 8087
matrix, 9798, 8706, 8666
matrix, 9799, 9245, 8725
matrix, 9800, 9172, 9136
matrix, 9801, 8245, 8861
matrix, 9802, 8674, 8610
matrix, 9803, 9480, 9268
matrix, 9804, 9511, 8634
matrix, 9805, 9697, 9233
matrix, 9806, 9810, 9270
matrix, 9807, 9003, 9221
matrix, 9808, 9463, 9212
matrix, 9809, 9770, 9130
matrix, 9810, 9333, 9269
matrix, 9811, 9235, 9162
matrix, 9812, 7896, 9210
matrix, 9813, 8629, 8987
matrix, 9814, 9078, 9261
matrix, 9815, 9185, 8971
matrix, 9816, 7707, 8422
matrix, 9817, 9614, 9247
matrix, 9818, 7633, 7733
matrix, 9819, 9530, 9207
matrix, 9820, 8104, 9199
matrix, 9821, 9884, 8949
matrix, 9822, 7668, 8356
matrix, 9823, 9603, 9249
matrix, 9824, 7653, 8803
matrix, 9825, 9315, 9170
matrix, 9826, 7656, 9089
matrix, 9827, 9671, 9241
matrix, 9828, 9214, 9138
matrix, 9829, 9291, 9197
matrix, 9830, 8825, 8552
matrix, 9831, 8309, 8239
matrix, 9832, 9983, 9223
matrix, 9833, 9847, 9273
matrix, 9834, 9629, 9110
matrix, 9835, 8611, 8736
matrix, 9836, 7574, 7783
matrix, 9837, 9471, 9133
matrix, 9838, 8475, 9262
matrix, 9839, 8962, 9115
matrix, 9840, 8871, 9217
matrix, 9841, 10000, 9186
matrix, 9842, 9647, 9252
matrix, 9843, 7554, 8159
matrix, 9844, 9559, 8754
matrix, 9845, 9966, 9077
matrix, 9846, 7668, 8356
matrix, 9847, 9668, 9272
matrix, 9848, 9993, 8770
matrix, 9849, 9593, 9268
matrix, 9850, 8481, 9038
matrix, 9851, 9192, 9188
matrix, 9852, 9712, 9270
matrix, 9853, 9733, 9208
matrix, 9854, 8791, 8838
matrix, 9855, 8110, 8248
matrix, 9856, 9198, 8791
matrix, 9857, 9049, 9273
matrix, 9858, 9614, 9247
matrix, 9859, 9910, 9238
matrix, 9860, 8812, 9207
matrix, 9861, 8638, 9159
matrix, 9862, 9732, 9035
matrix, 9863, 9296, 9143
matrix, 9864, 8653, 8779
matrix, 9865, 8371, 8502
matrix, 9866, 9477, 8856
matrix, 9867, 9770, 9130
matrix, 9868, 9079, 9141
matrix, 9869, 9934, 9206
matrix, 9870, 9619, 8998
matrix, 9871, 9071, 9157
matrix, 9872, 8169, 9213
matrix, 9873, 8858, 9109
matrix, 9874, 8815, 9229
matrix, 9875, 9859, 9239
matrix, 9876, 9671, 9241
matrix, 9877, 9313, 9257
matrix, 9878, 8000, 8722
matrix, 9879, 9985, 8868
matrix, 9880, 9801, 8862
matrix, 9881, 9789, 9203
matrix, 9882, 8080, 8811
matrix, 9883, 7657, 7976
matrix, 9884, 8212, 8948
matrix, 9885, 8406, 9009
matrix, 9886, 9234, 9179
matrix, 9887, 9309, 8787
matrix, 9888, 9182, 9262
matrix, 9889, 9386, 9184
matrix, 9890, 8129, 9038
matrix, 9891, 9238, 8694
matrix, 9892, 8849, 9202
matrix, 9893, 8809, 8902
matrix, 9894, 8704, 9012
matrix, 9895, 7365, 9258
matrix, 9896, 9239, 9251
matrix, 9897, 8260, 8314
matrix, 9898, 6896, 8700
matrix, 9899, 8884, 9152
matrix, 9900, 9427, 9252
matrix, 9901, 8903, 9107
matrix, 9902, 8907, 9211
matrix, 9903, 8460, 8813
matrix, 9904, 8969, 8954
matrix, 9905, 8948, 9251
matrix, 9906, 9302, 9072
matrix, 9907, 8551, 9138
matrix, 9908, 9722, 9117
matrix, 9909, 9817, 9248
matrix, 9910, 8902, 9237
matrix, 9911, 9039, 8915
matrix, 9912, 8848, 8583
matrix, 9913, 7419, 7303
matrix, 9914, 9337, 9154
matrix, 9915, 9767, 9170
matrix, 9916, 9911, 8916
matrix, 9917, 9252, 8420
matrix, 9918, 7327, 9032
matrix, 9919, 8002, 9034
matrix, 9920, 8787, 9258
matrix, 9921, 9215, 9240
matrix, 9922, 9979, 9238
matrix, 9923, 9031, 8712
matrix, 9924, 9345, 8786
matrix, 9925, 9731, 9229
matrix, 9926, 9220, 7660
matrix, 9927, 8103, 9031
matrix, 9928, 8534, 9264
matrix, 9929, 8480, 9188
matrix, 9930, 9556, 8783
matrix, 9931, 8756, 8640
matrix, 9932, 9642, 9219
matrix, 9933, 9919, 9035
matrix, 9934, 9193, 9205
matrix, 9935, 9117, 8824
matrix, 9936, 9554, 9129
matrix, 9937, 8333, 8184
matrix, 9938, 9998, 9258
matrix, 9939, 9290, 9261
matrix, 9940, 9273, 9148
matrix, 9941, 9943, 8894
matrix, 9942, 8621, 8545
matrix, 9943, 9754, 8893
matrix, 9944, 9760, 9077
matrix, 9945, 9007, 8991
matrix, 9946, 9428, 9167
matrix, 9947, 9768, 9274
matrix, 9948, 9656, 9046
matrix, 9949, 8655, 9213
matrix, 9950, 9979, 9238
matrix, 9951, 9231, 8679
matrix, 9952, 9299, 8514
matrix, 9953, 9960, 9073
matrix, 9954, 8795, 8976
matrix, 9955, 9055, 9168
matrix, 9956, 9300, 9246
matrix, 9957, 9115, 9215
matrix, 9958, 9615, 9254
matrix, 9959, 9175, 9272
matrix, 9960, 9302, 9072
matrix, 9961, 9430, 9003
matrix, 9962, 9405, 9270
matrix, 9963, 8897, 9066
matrix, 9964, 9998, 9258
matrix, 9965, 8983, 9193
matrix, 9966, 8894, 9076
matrix, 9967, 8543, 8879
matrix, 9968, 9514, 9243
matrix, 9969, 9997, 9130
matrix, 9970, 8795, 8976
matrix, 9971, 9025, 9237
matrix, 9972, 9980, 9256
matrix, 9973, 7702, 9194
matrix, 9974, 8884, 9152
matrix, 9975, 9228, 9027
matrix, 9976, 9681, 9250
matrix, 9977, 6336, 7362
matrix, 9978, 9329, 9023
matrix, 9979, 9171, 9237
matrix, 9980, 8320, 9255
matrix, 9981, 9188, 9253
matrix, 9982, 8364, 8118
matrix, 9983, 9807, 9222
matrix, 9984, 9841, 9187
matrix, 9985, 7835, 8867
matrix, 9986, 8029, 8773
matrix, 9987, 8643, 9135
matrix, 9988, 9627, 9123
matrix, 9989, 9709, 8727
matrix, 9990, 9856, 8792
matrix, 9991, 8413, 8516
matrix, 9992, 9347, 9204
matrix, 9993, 9083, 8769
matrix, 9994, 8809, 8902
matrix, 9995, 9834, 9111
matrix, 9996, 9765, 9266
matrix, 9997, 9630, 9129
matrix, 9998, 9513, 9257
matrix, 9999, 8565, 9252
matrix, 10000, 9226, 9185
